car_id,route_type_csv
20150001010009-284,camper
20150001050042-811,camper
20150001060025-421,transit
20150001070000-174,transit
20150001070006-104,camper
20150001080008-525,camper
20150001080044-124,camper
20150001090048-374,camper
20150001100019-538,camper
20150001110028-155,transit
20150001120031-180,ranger
20150002060008-683,transit
20150002060024-302,none
20150002070024-376,camper
20150002080017-383,camper
20150002080040-921,transit
20150002080057-495,transit
20150002120037-795,camper
20150003010039-281,transit
20150003020050-522,camper
20150003040042-47,camper
20150003060007-767,transit
20150003080058-668,camper
20150003090016-90,transit
20150003090030-424,camper
20150004010010-724,camper
20150004010027-232,transit
20150004010051-792,none
20150004030017-259,camper
20150004030033-995,transit
20150004050003-330,transit
20150004050011-484,transit
20150004070037-579,transit
20150004100026-651,transit
20150004110002-747,transit
20150004120029-367,camper
20150005020044-437,camper
20150005030012-864,transit
20150005080045-118,none
20150005110029-714,camper
20150005120027-336,transit
20150006010020-419,camper
20150006030021-893,transit
20150006030042-85,transit
20150006040002-269,transit
20150006070008-822,none
20150006070032-991,camper
20150006080007-531,camper
20150007020012-126,camper
20150007030049-86,transit
20150007040000-591,none
20150007040001-180,none
20150007040010-264,none
20150007050005-262,ranger
20150007060003-154,transit
20150007070026-475,transit
20150007080020-82,none
20150007090049-931,camper
20150007110022-413,camper
20150007120029-935,transit
20150008010008-348,transit
20150008010023-545,camper
20150008010052-816,transit
20150008060003-21,camper
20150008060048-631,none
20150008080010-6,transit
20150008080048-814,camper
20150008110047-331,transit
20150009030033-322,transit
20150009040035-292,camper
20150009060037-852,camper
20150009080021-959,transit
20150009100056-432,none
20150009110038-258,none
20150010010032-566,transit
20150010020057-694,camper
20150010030002-664,camper
20150010030024-367,transit
20150010040007-631,camper
20150010040037-125,camper
20150010050052-231,camper
20150010070052-300,camper
20150010080005-370,camper
20150010080038-54,camper
20150010100022-558,none
20150010120011-538,ranger
20150010120016-560,transit
20150010120021-402,none
20150010120037-8,camper
20150011020058-334,camper
20150011060014-975,transit
20150011070002-311,camper
20150011070040-794,none
20150011120023-724,camper
20150012040030-974,transit
20150012080004-451,none
20150013020033-816,camper
20150013030032-591,none
20150013030046-227,transit
20150013040059-365,none
20150013050035-283,none
20150013060021-372,transit
20150013090012-973,ranger
20150013090015-853,transit
20150013110015-112,camper
20150013110026-772,ranger
20150013110026-797,camper
20150014010052-857,transit
20150014010056-634,transit
20150014020055-887,transit
20150014030027-293,camper
20150014030033-497,none
20150014040019-114,ranger
20150014080042-626,none
20150014100049-755,camper
20150014120010-306,transit
20150015040031-221,transit
20150015070013-394,none
20150015080046-446,ranger
20150015120027-493,transit
20150016010039-314,camper
20150016010043-705,none
20150016030059-807,transit
20150016040038-159,transit
20150016040041-1,none
20150016070028-165,none
20150016070034-393,none
20150016070037-632,camper
20150016090024-567,none
20150016090035-720,camper
20150016090054-771,none
20150016110047-767,transit
20150016120041-181,camper
20150016120045-845,none
20150017040038-392,camper
20150017050047-192,transit
20150017060051-822,transit
20150017070009-324,none
20150017100000-961,camper
20150017120018-349,transit
20150017120055-53,camper
20150018020030-238,camper
20150018030025-615,transit
20150018050050-556,camper
20150018070004-166,transit
20150018080022-664,camper
20150018100013-569,camper
20150018110014-26,none
20150018110057-525,camper
20150019010004-372,camper
20150019010017-785,camper
20150019010055-677,camper
20150019030052-865,transit
20150019040039-358,camper
20150019040047-472,none
20150019050058-11,camper
20150019090006-7,none
20150019120036-151,transit
20150020030052-644,camper
20150020040021-389,camper
20150020070057-880,transit
20150020090018-839,camper
20150020100002-73,transit
20150020120003-629,none
20150021030032-233,transit
20150021050036-788,camper
20150021080000-521,camper
20150021110008-649,transit
20150021110015-325,transit
20150022010045-622,transit
20150022040009-518,camper
20150022080040-235,camper
20150022090025-737,camper
20150022110023-715,camper
20150022120004-986,transit
20150023030012-350,camper
20150023080039-257,none
20150024010014-301,camper
20150024010045-514,camper
20150024030045-709,transit
20150024040008-576,camper
20150024060019-914,camper
20150024060036-489,none
20150024070035-193,transit
20150024090008-901,camper
20150024110011-994,none
20150024110030-386,none
20150024110036-855,camper
20150024120030-790,transit
20150024120054-586,transit
20150024120056-588,camper
20150025040004-379,camper
20150025070013-240,transit
20150025100027-993,transit
20150025100041-260,camper
20150026020037-148,transit
20150026060010-577,transit
20150026070015-698,camper
20150026110014-327,camper
20150026110019-851,none
20150026120010-942,camper
20150026120014-798,transit
20150027070016-18,ranger
20150027080052-161,camper
20150027100028-509,camper
20150027100030-310,camper
20150027100037-189,camper
20150027110055-293,transit
20150027120012-20,camper
20150028030041-325,camper
20150028030051-590,camper
20150028040010-50,camper
20150028050007-273,camper
20150028060003-741,camper
20150028060011-953,none
20150028060051-703,ranger
20150028100038-378,ranger
20150028120058-137,transit
20150029020040-164,camper
20150029030057-969,camper
20150029080012-457,camper
20150029090022-198,none
20150029110001-754,transit
20150030030022-184,transit
20150030050037-993,camper
20150030050049-156,camper
20150030060046-176,camper
20150030070026-128,camper
20150030080014-34,none
20150030090034-886,ranger
20150030090047-958,transit
20150030100046-714,camper
20150030120002-677,camper
20150030120023-694,none
20150031010000-784,transit
20150031030030-236,camper
20150031040021-961,none
20150031050048-776,none
20150031060051-429,camper
20150031070053-947,camper
20150031100003-289,transit
20150101010137-533,transit
20150101020154-96,transit
20150101030146-497,transit
20150101040141-397,transit
20150101050138-171,transit
20150101060136-731,transit
20150101110137-214,none
20150102010156-22,transit
20150102020155-899,camper
20150102080136-341,none
20150102080153-960,camper
20150102100120-757,camper
20150102120122-682,transit
20150102120151-257,camper
20150103020130-343,camper
20150103030112-131,none
20150103040138-632,camper
20150103070112-250,camper
20150103070124-133,transit
20150103100100-923,camper
20150103100107-497,camper
20150104020118-228,transit
20150104030100-971,transit
20150104030145-629,none
20150104040106-481,camper
20150104050127-736,camper
20150104050128-43,camper
20150104060101-478,camper
20150104090150-765,transit
20150104100141-172,transit
20150104120123-255,camper
20150104120127-678,transit
20150105010142-777,camper
20150105020100-532,transit
20150105040107-528,camper
20150105040122-318,none
20150105040131-344,transit
20150105040143-572,none
20150105040155-8,camper
20150105060134-242,camper
20150105060153-959,none
20150105060155-720,transit
20150105070153-470,camper
20150105080122-729,camper
20150105080156-835,transit
20150105090139-623,camper
20150105120114-572,camper
20150106030143-319,camper
20150106040105-101,transit
20150106080108-146,none
20150106080113-871,camper
20150106120154-473,camper
20150107030156-44,transit
20150107050116-884,camper
20150107060117-495,transit
20150107070123-611,ranger
20150107100101-687,transit
20150108040111-888,camper
20150108040141-642,camper
20150108050153-619,camper
20150108060104-840,camper
20150108060137-927,camper
20150108070109-950,transit
20150108080154-471,camper
20150108090141-220,transit
20150108090148-800,none
20150108100110-534,camper
20150108100148-571,transit
20150108120140-67,camper
20150108120150-466,transit
20150109020132-169,none
20150109020137-850,camper
20150109020146-55,ranger
20150109040106-69,camper
20150109060105-321,transit
20150109060133-67,camper
20150109070152-346,transit
20150109090104-441,none
20150109100114-5,camper
20150109120126-683,transit
20150110010138-303,transit
20150110020117-451,transit
20150110030105-67,camper
20150110030147-494,ranger
20150110040142-327,transit
20150110050107-785,transit
20150110050133-481,none
20150110050137-491,transit
20150110060107-684,camper
20150110090142-745,camper
20150110100128-45,transit
20150110120122-92,transit
20150111030116-821,camper
20150111070138-888,transit
20150111080117-6,transit
20150111090110-546,camper
20150111090154-956,transit
20150112010145-445,transit
20150112050122-27,camper
20150112050156-642,camper
20150112060145-428,camper
20150112080120-851,camper
20150112080156-678,camper
20150112090109-791,transit
20150112110110-857,camper
20150112110147-385,camper
20150112120144-135,none
20150113020105-915,camper
20150113030155-53,transit
20150113030159-936,camper
20150113120100-489,none
20150113120141-485,camper
20150114010112-608,transit
20150114010135-879,camper
20150114030106-231,camper
20150114060124-678,none
20150114070109-176,camper
20150114110103-352,none
20150115010107-702,camper
20150115010131-543,camper
20150115020146-483,camper
20150115030151-677,transit
20150115040106-484,transit
20150115050115-511,camper
20150115060113-519,camper
20150115080143-276,camper
20150115080147-541,camper
20150115090108-931,transit
20150115090150-109,camper
20150115100135-182,camper
20150115110144-566,camper
20150115120113-772,transit
20150116020159-920,transit
20150116050129-415,camper
20150116060132-28,ranger
20150116070109-391,camper
20150116100148-276,camper
20150116110131-176,transit
20150117010157-104,camper
20150117050111-877,transit
20150117050152-613,transit
20150117060105-392,camper
20150117070118-157,camper
20150117100126-822,camper
20150117110134-691,none
20150117120159-447,none
20150118010108-465,ranger
20150118010148-280,transit
20150118040129-468,transit
20150118040142-85,transit
20150118100127-966,transit
20150118110104-393,transit
20150118110157-82,camper
20150119010140-843,camper
20150119050113-178,transit
20150119060114-461,transit
20150119070106-803,transit
20150119070136-139,none
20150119090129-183,camper
20150119100120-362,transit
20150119100134-582,transit
20150120010150-561,none
20150120020159-683,camper
20150120070135-951,transit
20150120080147-213,none
20150121010129-985,none
20150121010150-667,transit
20150121020117-781,camper
20150121030143-599,camper
20150121040107-161,transit
20150121050143-645,transit
20150121060147-159,camper
20150121070130-958,transit
20150121100115-258,ranger
20150121120122-416,transit
20150122020145-884,transit
20150122030139-293,transit
20150122050120-946,camper
20150122050155-696,transit
20150122060128-25,camper
20150122060131-462,transit
20150122060138-185,camper
20150122060151-905,ranger
20150122060153-192,transit
20150122090127-897,camper
20150122090132-684,camper
20150122100136-869,camper
20150122100139-218,camper
20150122110107-735,camper
20150123020103-717,camper
20150123030104-225,transit
20150123030147-354,transit
20150123040133-735,none
20150123040140-843,camper
20150123040147-250,transit
20150123070109-172,camper
20150123100107-508,camper
20150123100144-22,none
20150123110109-178,none
20150123120119-117,transit
20150124030132-312,transit
20150124040121-291,camper
20150124040140-271,none
20150124040143-131,ranger
20150124040148-340,none
20150124050126-399,camper
20150124060117-847,transit
20150124060130-672,none
20150124080152-145,camper
20150124090106-75,camper
20150124090120-626,none
20150125040103-831,none
20150125080138-74,camper
20150125110117-319,none
20150126050104-378,camper
20150126050104-905,camper
20150126090104-272,none
20150126090110-87,none
20150126100125-762,none
20150126110156-850,transit
20150126120104-294,transit
20150127010131-864,camper
20150127030109-159,transit
20150127030110-863,camper
20150127030133-376,camper
20150127050102-625,none
20150127090118-293,none
20150127090150-668,transit
20150127110109-336,camper
20150128020107-210,transit
20150128020123-126,transit
20150128050153-539,transit
20150128070124-874,camper
20150128080123-70,ranger
20150128120128-946,transit
20150129040119-274,transit
20150129050133-736,transit
20150129060102-704,transit
20150129070111-412,transit
20150129070156-888,camper
20150129090159-131,camper
20150129120100-835,camper
20150130010110-805,transit
20150130010144-517,transit
20150130020140-998,transit
20150130030134-783,camper
20150130080133-858,transit
20150130120133-197,camper
20150131120109-93,none
20150201020251-919,camper
20150201030218-279,none
20150201030222-313,transit
20150201030223-912,transit
20150201030237-485,camper
20150201040231-215,camper
20150201040237-719,ranger
20150201060238-845,camper
20150201070216-808,camper
20150201080212-913,camper
20150201080243-358,camper
20150202030203-631,ranger
20150202040220-736,camper
20150202100259-885,none
20150202120211-959,camper
20150203060210-288,camper
20150203060230-10,camper
20150203060259-209,camper
20150203070211-66,none
20150204010234-9,camper
20150204020258-450,camper
20150204040257-657,transit
20150204070256-521,transit
20150204080211-442,none
20150204080227-619,transit
20150204100226-134,none
20150204110202-249,none
20150204120203-524,transit
20150205010257-226,camper
20150205020259-789,none
20150205030232-909,camper
20150205030244-387,transit
20150205040226-2,none
20150205040249-209,transit
20150205040259-818,ranger
20150205050206-416,transit
20150205050211-113,none
20150205050224-69,transit
20150205050251-251,camper
20150205060243-479,none
20150205070257-697,camper
20150205080233-879,transit
20150205080250-857,camper
20150205080253-978,transit
20150205110228-447,camper
20150205120211-387,transit
20150206010230-163,transit
20150206070250-791,camper
20150206080209-247,none
20150206080212-82,camper
20150206080226-163,camper
20150206090205-388,transit
20150206090210-251,transit
20150206090224-936,transit
20150206110209-450,camper
20150206110226-989,camper
20150207010252-949,transit
20150207030221-800,camper
20150207040215-112,transit
20150207040220-935,transit
20150207050247-410,camper
20150207050259-178,camper
20150207060250-229,transit
20150207070201-863,transit
20150207070236-872,none
20150207080240-722,camper
20150207090207-597,transit
20150207100218-368,camper
20150207100246-511,camper
20150207100251-836,camper
20150207110213-868,camper
20150207120223-773,none
20150208020258-125,camper
20150208050254-21,camper
20150208060247-95,camper
20150208080245-958,transit
20150208100221-140,camper
20150208120236-553,transit
20150209010259-697,camper
20150209030207-239,none
20150209030226-601,transit
20150209040222-611,transit
20150209040256-114,transit
20150209060217-820,camper
20150209060231-540,camper
20150209060231-719,camper
20150209060238-306,camper
20150209080253-791,none
20150209090220-14,transit
20150210010202-458,transit
20150210020219-563,camper
20150210060208-458,transit
20150210080230-653,transit
20150210080252-159,transit
20150210090226-728,ranger
20150210100228-734,camper
20150210110251-325,ranger
20150211020216-596,transit
20150211030246-951,camper
20150211030247-915,transit
20150211060212-247,transit
20150211080249-753,camper
20150211090217-8,transit
20150211090239-980,transit
20150211100232-929,transit
20150211110249-463,none
20150212010257-58,transit
20150212020201-712,transit
20150212020230-583,transit
20150212030241-721,camper
20150212040259-674,none
20150212060245-559,transit
20150213010207-861,transit
20150213020216-787,camper
20150213020242-370,transit
20150213050220-905,camper
20150213080245-239,none
20150213100239-978,camper
20150213100243-108,transit
20150213100244-187,camper
20150213110259-700,transit
20150213120204-866,transit
20150213120238-644,transit
20150214010242-372,transit
20150214020239-72,camper
20150214020240-113,camper
20150214040259-301,transit
20150214050243-579,transit
20150214050259-776,none
20150214060215-80,camper
20150214060220-382,transit
20150214070205-409,camper
20150214070227-209,ranger
20150214070255-757,camper
20150214110221-163,transit
20150214110230-668,camper
20150215040246-830,none
20150215060213-419,none
20150215060225-774,camper
20150215070210-159,camper
20150215080233-547,transit
20150215110234-930,camper
20150216020236-229,transit
20150216020249-396,transit
20150216030218-144,camper
20150216050250-845,transit
20150216060224-299,transit
20150216090217-343,transit
20150216120249-701,transit
20150217030209-500,camper
20150217070227-343,camper
20150217080254-664,camper
20150217100259-352,camper
20150217110211-163,transit
20150218020205-444,camper
20150218020235-744,camper
20150218020245-27,transit
20150218030208-54,transit
20150218060201-241,none
20150218080215-880,camper
20150218080228-384,transit
20150218100235-723,transit
20150218120204-473,transit
20150218120246-220,camper
20150219010247-476,transit
20150219010259-607,none
20150219040226-843,camper
20150219040245-828,transit
20150219050239-130,none
20150219060208-152,ranger
20150219060212-464,transit
20150219060243-351,camper
20150219060245-412,none
20150219070245-275,transit
20150219120223-913,camper
20150220020224-864,ranger
20150220020253-931,none
20150220040211-856,camper
20150220050217-238,transit
20150220050250-759,transit
20150220070230-806,none
20150220070255-321,transit
20150220070258-78,none
20150220080208-953,camper
20150220090207-4,transit
20150220100257-488,none
20150220110204-775,transit
20150220120207-682,none
20150221010241-26,camper
20150221010248-121,transit
20150221020226-361,none
20150221050207-983,transit
20150221060206-207,camper
20150221080230-251,transit
20150221080233-162,camper
20150221080255-974,camper
20150221090256-672,camper
20150222020245-78,camper
20150222030253-528,ranger
20150222040240-339,transit
20150222050203-651,transit
20150222080201-647,transit
20150222120224-908,none
20150222120240-889,ranger
20150223010214-102,transit
20150223010227-152,transit
20150223050200-237,camper
20150223060208-554,camper
20150223080232-126,camper
20150223080236-476,none
20150223090243-726,camper
20150223100216-408,camper
20150223110226-578,camper
20150223110259-667,camper
20150224010207-397,camper
20150224010232-820,transit
20150224010242-67,camper
20150224040209-825,transit
20150224040213-439,transit
20150224040251-670,camper
20150224060210-730,none
20150224080200-493,transit
20150224090221-347,transit
20150224100248-221,camper
20150225010255-927,ranger
20150225030241-455,transit
20150225050220-518,transit
20150225050254-301,transit
20150225120206-4,camper
20150225120233-156,transit
20150226020240-312,transit
20150226040200-707,none
20150226050215-572,none
20150226080201-708,none
20150226080250-347,none
20150226090206-282,camper
20150226090228-180,camper
20150227040216-933,ranger
20150227050213-13,camper
20150227050249-620,transit
20150227060225-629,camper
20150227070202-589,camper
20150227070212-936,camper
20150227080211-917,transit
20150227100257-879,camper
20150227110259-695,transit
20150228010235-447,camper
20150228020203-565,camper
20150228020218-410,transit
20150228040218-159,camper
20150228040220-734,transit
20150228040258-293,transit
20150228050229-132,transit
20150228060237-734,none
20150228060241-909,transit
20150228060253-886,transit
20150228060258-280,transit
20150228070255-830,transit
20150228100230-407,transit
20150228100235-385,camper
20150228110224-816,camper
20150229030257-163,transit
20150229040200-535,ranger
20150229050210-638,camper
20150229060250-368,ranger
20150229070248-397,camper
20150229070254-204,camper
20150229080229-708,none
20150229100210-587,none
20150229100219-140,transit
20150229120212-565,camper
20150229120229-56,none
20150230020208-895,ranger
20150230020229-743,transit
20150230040228-217,transit
20150230060218-649,transit
20150230070206-829,camper
20150230070214-548,none
20150230070254-178,transit
20150230090247-751,transit
20150230100237-163,camper
20150230100245-923,camper
20150230100247-423,none
20150230110228-138,transit
20150230110247-212,camper
20150231010230-879,camper
20150231010233-845,camper
20150231020234-357,transit
20150231040206-408,transit
20150231040229-915,transit
20150231050204-372,camper
20150231060233-191,camper
20150231120236-701,camper
20150301010358-741,transit
20150301040348-691,ranger
20150301040355-981,camper
20150301050357-768,camper
20150301110359-991,transit
20150302010308-139,transit
20150302010312-760,none
20150302010318-216,transit
20150302060320-142,camper
20150302120354-207,camper
20150303040325-976,camper
20150303080344-262,camper
20150303100300-303,transit
20150303100335-568,camper
20150303100343-74,ranger
20150303100354-126,camper
20150303120312-233,camper
20150304020342-804,transit
20150304020354-357,none
20150304020357-184,camper
20150304050334-811,transit
20150304060314-79,none
20150304070342-20,camper
20150304080318-31,camper
20150304080333-22,none
20150304100320-326,transit
20150304120307-360,camper
20150304120353-11,transit
20150304120355-104,transit
20150305030327-986,camper
20150305030356-98,camper
20150305040318-34,none
20150305040319-117,none
20150305060300-527,camper
20150305070304-542,transit
20150305090320-516,none
20150305100328-487,camper
20150305110318-934,camper
20150306010334-471,transit
20150306030356-503,none
20150306050305-235,camper
20150306070307-320,transit
20150306080327-887,camper
20150306110354-15,transit
20150307010338-210,camper
20150307020308-823,camper
20150307030320-55,camper
20150307040337-388,transit
20150307050341-35,camper
20150307100357-262,camper
20150307120319-340,camper
20150308060316-51,transit
20150308080350-359,camper
20150308090350-385,none
20150308110311-631,transit
20150308110346-628,camper
20150308110350-292,camper
20150309010312-403,transit
20150309010348-628,camper
20150309030327-506,camper
20150309050339-817,transit
20150309080352-837,camper
20150309100312-290,camper
20150309110339-234,transit
20150310030349-569,ranger
20150310040317-804,transit
20150310050337-557,camper
20150310060307-190,transit
20150310080358-131,none
20150310110337-570,none
20150311010308-753,camper
20150311020301-173,none
20150311040324-846,camper
20150311040359-426,camper
20150311070357-437,transit
20150311090356-344,camper
20150311100310-634,ranger
20150311110338-47,transit
20150312020332-263,camper
20150312030310-797,transit
20150312030323-538,camper
20150312050331-531,camper
20150312070334-705,camper
20150312070358-756,none
20150312090350-592,none
20150312110353-306,camper
20150312110359-70,transit
20150313020331-774,transit
20150313020340-835,none
20150313050304-212,transit
20150313070357-430,ranger
20150313080324-835,camper
20150313090335-839,camper
20150313100322-481,transit
20150313110328-797,camper
20150313120304-778,transit
20150314010330-172,transit
20150314020358-556,none
20150314050311-620,camper
20150314060301-241,camper
20150314100300-561,camper
20150314110309-545,ranger
20150315020313-770,transit
20150315030313-186,camper
20150315030315-306,transit
20150315040326-931,none
20150315040339-712,transit
20150315040346-314,camper
20150315060334-564,transit
20150315070341-687,transit
20150315070348-862,transit
20150315100304-407,transit
20150315110302-350,transit
20150315110303-677,camper
20150316010332-387,camper
20150316010333-924,ranger
20150316030322-873,none
20150316030333-652,camper
20150316060340-469,none
20150316090337-647,transit
20150316120315-424,camper
20150316120339-456,transit
20150317010343-76,camper
20150317020307-698,none
20150317050321-831,transit
20150317050329-424,none
20150317060312-681,camper
20150317070356-563,transit
20150317100334-180,transit
20150317100334-591,transit
20150318010358-404,transit
20150318020305-433,none
20150318040307-903,none
20150318040329-875,camper
20150318040333-385,transit
20150318050336-762,transit
20150318090327-261,ranger
20150319020304-688,camper
20150319030320-589,none
20150319040353-167,none
20150319060310-586,transit
20150319090314-498,camper
20150319090350-88,camper
20150319100341-343,transit
20150319120301-287,camper
20150319120359-872,transit
20150320010324-914,camper
20150320020348-641,camper
20150320030336-192,transit
20150320030349-572,camper
20150320040327-383,camper
20150320050325-256,none
20150320110357-989,transit
20150320120345-328,transit
20150321010307-127,camper
20150321010322-471,none
20150321040305-564,transit
20150321060348-225,none
20150321080317-281,camper
20150321080345-584,camper
20150321090310-782,transit
20150321100345-935,transit
20150321120327-684,transit
20150322020344-232,camper
20150322060343-331,camper
20150322080300-861,none
20150322080331-384,camper
20150322080359-496,none
20150322090352-662,camper
20150322100332-892,transit
20150322110349-365,camper
20150323010316-495,none
20150323020331-139,transit
20150323030348-749,camper
20150323040301-184,camper
20150323050310-883,camper
20150323050332-513,camper
20150323050354-727,none
20150323060306-955,none
20150323070338-324,transit
20150323090352-23,camper
20150323120317-848,none
20150324030322-373,transit
20150324060332-594,camper
20150324080316-784,camper
20150325010306-666,camper
20150325010321-329,none
20150325010332-715,transit
20150325020345-881,camper
20150325020355-94,transit
20150325030320-992,transit
20150325060300-912,camper
20150325060313-681,transit
20150325090305-573,transit
20150325090326-748,transit
20150326040316-459,camper
20150326050302-149,camper
20150326070301-296,transit
20150326080304-403,transit
20150326090318-883,camper
20150326090329-717,camper
20150326110308-543,camper
20150326110316-836,transit
20150326110322-354,camper
20150326120302-265,camper
20150326120337-794,transit
20150327030331-456,camper
20150327030347-941,camper
20150327050342-760,camper
20150327100356-183,camper
20150327120333-393,transit
20150328040327-867,transit
20150328050342-266,transit
20150328060313-318,none
20150328060314-923,camper
20150328070321-554,camper
20150328070334-74,none
20150328070355-178,transit
20150328070359-611,camper
20150328090306-30,none
20150328090330-172,camper
20150329010321-683,none
20150329010340-772,camper
20150329020331-802,camper
20150329020335-284,none
20150329030344-472,camper
20150329030356-86,camper
20150329060327-985,transit
20150329070326-185,transit
20150329080354-90,camper
20150329090301-42,transit
20150329090321-197,transit
20150329090328-682,transit
20150329090346-314,transit
20150329100312-987,transit
20150329110309-665,transit
20150329120353-101,transit
20150330010358-933,transit
20150330040351-563,none
20150330050315-215,camper
20150330060312-987,camper
20150330070352-212,none
20150330080312-693,ranger
20150330080320-3,transit
20150330090357-596,camper
20150330100336-92,transit
20150330100344-165,none
20150330100356-309,transit
20150330120309-603,transit
20150330120358-817,transit
20150331030328-660,transit
20150331040308-415,transit
20150331040348-209,transit
20150331070301-665,none
20150331070335-866,none
20150331080305-385,none
20150331090309-424,ranger
20150401060413-629,transit
20150401060447-851,transit
20150401070439-330,camper
20150401070447-6,transit
20150401080435-346,none
20150401110401-786,none
20150401110417-611,camper
20150401120409-216,transit
20150402050412-14,transit
20150402060453-735,transit
20150402100411-423,none
20150402120425-392,camper
20150403020416-490,none
20150403060423-562,none
20150403070446-252,transit
20150403100428-88,transit
20150403100431-843,transit
20150403120405-547,camper
20150403120428-179,camper
20150404010414-57,camper
20150404030444-324,transit
20150404040434-742,camper
20150404040455-117,none
20150404050454-793,camper
20150404060428-696,transit
20150404070434-936,transit
20150404090455-709,transit
20150404100414-811,transit
20150404120407-76,camper
20150404120427-5,none
20150405010405-973,camper
20150405010407-140,none
20150405010436-416,transit
20150405040445-909,camper
20150405080425-970,camper
20150405090426-651,camper
20150405100402-510,camper
20150405120404-360,camper
20150406010414-133,transit
20150406010443-576,ranger
20150406040417-783,camper
20150406060403-384,transit
20150406070417-93,transit
20150406080422-756,transit
20150406100420-954,transit
20150406100439-485,none
20150406120417-939,camper
20150406120427-726,camper
20150406120449-237,camper
20150407010435-360,transit
20150407010449-292,ranger
20150407050402-325,camper
20150407050404-905,transit
20150407080402-311,transit
20150407090456-983,camper
20150408020442-543,camper
20150408040443-205,camper
20150408060446-398,none
20150408060458-999,camper
20150408080406-657,none
20150408090423-286,camper
20150408090432-622,camper
20150408120450-64,camper
20150409020430-421,transit
20150409030409-552,none
20150409040452-282,transit
20150409050412-493,camper
20150409070446-883,camper
20150409090411-319,camper
20150409100421-849,camper
20150409100452-47,camper
20150410030412-386,none
20150410050413-811,none
20150410050429-88,none
20150410060447-348,transit
20150410080439-253,camper
20150410080447-108,transit
20150410110411-548,camper
20150411020405-25,camper
20150411020420-325,transit
20150411030436-801,transit
20150411050404-471,none
20150411050432-27,camper
20150411070401-185,transit
20150411080422-295,transit
20150411110416-472,camper
20150411110416-875,camper
20150411110428-447,none
20150411120416-183,camper
20150411120449-453,camper
20150412010421-959,camper
20150412010432-32,none
20150412020410-578,transit
20150412040445-834,transit
20150412060407-898,transit
20150412060433-809,transit
20150412070432-974,transit
20150412070442-715,camper
20150412090424-439,camper
20150412120454-71,camper
20150413010441-864,transit
20150413010454-578,none
20150413020432-24,camper
20150413030425-582,transit
20150413050412-329,camper
20150413050443-129,camper
20150413080423-537,camper
20150413100433-129,none
20150413100443-728,camper
20150413110402-150,camper
20150413120415-597,transit
20150414030411-239,none
20150414050436-933,camper
20150414060406-461,camper
20150414070450-156,transit
20150414070459-536,camper
20150414110443-27,transit
20150414120431-742,none
20150415010456-94,transit
20150415020401-312,transit
20150415020406-610,camper
20150415030438-398,transit
20150415030456-512,transit
20150415070401-918,camper
20150415080437-148,transit
20150415080451-47,transit
20150415090454-392,camper
20150415100416-794,transit
20150415110400-588,transit
20150415110415-762,camper
20150416030444-791,camper
20150416040441-902,transit
20150416040445-103,camper
20150416110405-287,none
20150416110451-163,transit
20150417010429-819,transit
20150417010430-97,camper
20150417020429-813,none
20150417060422-422,none
20150417070431-372,camper
20150417100406-907,camper
20150417110423-983,transit
20150417110455-279,none
20150418010427-449,transit
20150418010436-994,transit
20150418030419-69,camper
20150418040454-388,camper
20150418050406-878,none
20150418070414-573,camper
20150418080448-539,transit
20150418120408-87,camper
20150418120456-58,none
20150419010438-909,transit
20150419020408-913,transit
20150419040419-734,camper
20150419050423-187,camper
20150419060418-689,camper
20150419070416-758,transit
20150419070451-672,ranger
20150419080401-283,transit
20150419080402-813,transit
20150419080423-232,camper
20150419080453-269,camper
20150419090434-489,camper
20150419110400-987,camper
20150419110442-824,camper
20150419110458-665,none
20150419120407-235,camper
20150419120451-709,transit
20150420010418-650,camper
20150420010441-514,transit
20150420070433-947,camper
20150420080400-256,camper
20150420090410-374,camper
20150420090412-587,transit
20150420090434-499,camper
20150420100412-238,camper
20150420100416-232,camper
20150420110453-920,ranger
20150420110457-500,camper
20150420120432-763,camper
20150421010447-348,transit
20150421010452-980,ranger
20150421020414-228,transit
20150421050436-46,transit
20150421060449-866,camper
20150421090407-354,camper
20150421090419-711,transit
20150421110433-330,transit
20150422010448-761,camper
20150422030453-632,transit
20150422040421-938,camper
20150422050455-713,transit
20150422080420-314,camper
20150422120425-418,transit
20150423010420-731,none
20150423020418-599,camper
20150423040436-953,camper
20150423050415-924,camper
20150423070439-456,transit
20150423120438-44,transit
20150424020445-861,camper
20150424030442-413,none
20150424080446-635,transit
20150424110417-813,transit
20150425010441-992,transit
20150425010453-132,none
20150425010456-10,camper
20150425010459-670,camper
20150425040422-897,none
20150425050434-33,camper
20150425060412-481,camper
20150425060421-321,transit
20150425100459-884,transit
20150425120425-24,none
20150425120457-276,none
20150426010442-203,camper
20150426010444-611,camper
20150426070452-144,camper
20150426100413-9,camper
20150426100437-616,transit
20150426110459-600,none
20150426120423-659,camper
20150427020405-588,transit
20150427020450-544,camper
20150427050456-122,camper
20150427060448-246,camper
20150427070435-716,transit
20150427120413-435,none
20150428020445-289,transit
20150428030425-959,camper
20150428040403-807,none
20150428070409-96,transit
20150428080425-76,transit
20150428100455-337,transit
20150428120447-819,none
20150429010400-59,camper
20150429020421-767,transit
20150429040409-724,transit
20150429040424-153,none
20150429050401-796,camper
20150429050432-698,none
20150429060402-397,none
20150429070447-330,transit
20150429080442-199,camper
20150429080444-356,camper
20150429100402-347,camper
20150429100422-921,transit
20150430020414-999,camper
20150430050401-73,transit
20150430050447-600,none
20150430060412-984,transit
20150430090433-512,camper
20150430100459-528,camper
20150430110428-833,camper
20150430120449-822,camper
20150431010443-726,ranger
20150431030458-145,camper
20150431040401-511,transit
20150431070451-890,transit
20150431080417-292,transit
20150431110424-91,transit
20150431110433-92,transit
20150501010554-108,camper
20150501030502-599,camper
20150501060550-176,camper
20150501070559-328,camper
20150501090516-171,camper
20150501120503-93,none
20150502040512-565,transit
20150502050519-627,transit
20150502060559-716,none
20150502090506-446,none
20150502090541-904,transit
20150502120505-706,transit
20150502120548-840,camper
20150502120549-28,none
20150503010544-585,transit
20150503020544-302,camper
20150503030532-116,camper
20150503040507-176,camper
20150503040553-197,camper
20150503070532-763,camper
20150503080511-131,camper
20150503080515-72,transit
20150503080543-310,camper
20150504020535-36,camper
20150504060507-474,transit
20150504100514-686,transit
20150505020522-625,transit
20150505040548-438,none
20150505050508-318,transit
20150505050511-527,transit
20150505050532-899,transit
20150505080542-405,none
20150505110546-631,camper
20150506020503-809,none
20150506040523-403,camper
20150506060512-399,camper
20150506070508-105,none
20150506080545-327,camper
20150506080548-948,none
20150506090520-357,transit
20150506100506-291,transit
20150506120555-983,transit
20150507030543-185,transit
20150507060531-534,camper
20150507080506-385,none
20150507110537-529,none
20150507120515-146,transit
20150507120531-544,camper
20150508020500-623,transit
20150508030553-514,camper
20150508040515-409,camper
20150508050523-569,camper
20150508080524-76,none
20150508100507-109,transit
20150508110558-558,camper
20150509010532-472,transit
20150509010550-822,camper
20150509020518-337,transit
20150509020534-212,transit
20150509020558-681,camper
20150509030516-354,ranger
20150509030549-76,camper
20150509040535-12,camper
20150509050552-677,camper
20150509050558-745,transit
20150509060504-688,transit
20150509080553-391,none
20150509100557-76,ranger
20150509110512-403,camper
20150509110512-433,camper
20150509110550-759,camper
20150510020549-282,none
20150510020551-789,camper
20150510040554-767,camper
20150510050547-65,camper
20150510070529-448,none
20150510080559-525,transit
20150510110532-536,none
20150510120529-445,none
20150511020522-862,ranger
20150511060536-527,transit
20150511080548-765,camper
20150511080559-981,transit
20150511090509-927,transit
20150511100515-278,none
20150511120517-230,transit
20150511120521-523,transit
20150512030550-212,none
20150512040536-561,transit
20150512050526-696,transit
20150512110539-725,camper
20150513010513-305,none
20150513030530-407,camper
20150513040505-528,none
20150513050545-772,transit
20150513060520-897,transit
20150513060545-668,camper
20150513120538-827,transit
20150513120548-43,camper
20150513120558-145,transit
20150514010523-466,camper
20150514030504-57,transit
20150514030514-420,camper
20150514030540-780,none
20150514050503-4,none
20150514060535-722,camper
20150514090505-484,none
20150514090518-434,camper
20150514090525-937,camper
20150514090542-943,camper
20150514100502-324,transit
20150514100544-988,camper
20150514120512-102,camper
20150515020535-533,camper
20150515060533-667,none
20150515110505-92,none
20150515110551-961,camper
20150516020525-348,transit
20150516020543-403,transit
20150516030553-224,none
20150516040540-372,none
20150516050501-365,camper
20150516050544-785,transit
20150516050556-38,transit
20150516060520-936,camper
20150516080500-163,camper
20150516080508-437,transit
20150516080558-555,none
20150516100504-950,none
20150516120527-450,camper
20150517010500-796,camper
20150517010521-33,camper
20150517030511-573,transit
20150517050533-767,camper
20150517070513-182,transit
20150517080508-420,camper
20150517080528-116,camper
20150517090518-811,camper
20150517090533-187,camper
20150517100545-515,camper
20150517110524-251,camper
20150518020501-460,camper
20150518020503-955,camper
20150518020552-26,none
20150518040539-572,camper
20150518050552-865,none
20150518060503-716,transit
20150518080515-636,camper
20150518090500-717,camper
20150518090550-442,camper
20150518110556-202,none
20150519040533-38,camper
20150519040546-259,transit
20150519060541-169,transit
20150519070542-838,transit
20150519090509-917,transit
20150519100522-649,transit
20150519110532-708,transit
20150520020537-289,transit
20150520080545-66,transit
20150520110527-191,none
20150520110547-544,transit
20150521030514-954,transit
20150521040525-743,camper
20150521060530-684,transit
20150521080512-320,transit
20150521080528-185,camper
20150521080539-229,none
20150521090524-397,camper
20150521100530-952,none
20150521100557-811,none
20150521110550-615,transit
20150521120539-683,transit
20150521120547-745,camper
20150522030505-641,none
20150522030529-2,transit
20150522030548-312,camper
20150522040535-3,none
20150522070511-727,transit
20150522090515-161,transit
20150522090548-230,transit
20150522100502-509,camper
20150522120513-24,none
20150523010518-241,camper
20150523030511-17,camper
20150523060517-30,camper
20150523100525-299,ranger
20150524010519-501,camper
20150524030519-692,none
20150524030524-723,none
20150524040536-313,camper
20150524050528-188,transit
20150524070551-557,transit
20150524090542-953,transit
20150524100507-675,transit
20150524110507-879,camper
20150525010509-991,none
20150525020532-409,none
20150525030507-605,none
20150525040549-978,transit
20150525050525-344,camper
20150525050544-558,camper
20150525060539-803,transit
20150525070539-663,transit
20150525080519-500,transit
20150526010529-890,transit
20150526010540-67,transit
20150526030551-527,transit
20150526060526-540,camper
20150526080511-345,none
20150526080553-806,none
20150526090547-123,camper
20150526100533-751,transit
20150526110553-791,camper
20150527020511-685,camper
20150527020518-737,none
20150527040505-790,none
20150527050515-636,camper
20150527060511-527,transit
20150527100509-549,camper
20150527100553-66,ranger
20150527100558-552,transit
20150527110537-183,ranger
20150528040542-928,none
20150528050509-904,transit
20150528080517-604,camper
20150528090539-210,camper
20150528100549-495,none
20150529010519-318,camper
20150529110523-979,camper
20150529120529-590,none
20150530010557-479,transit
20150530010559-140,camper
20150530020556-90,camper
20150530040503-385,transit
20150530040554-707,none
20150530050517-537,none
20150530080559-914,none
20150530090552-221,none
20150530110520-639,camper
20150530120534-695,transit
20150530120541-89,camper
20150531030537-639,camper
20150601040632-151,camper
20150601060609-840,transit
20150601060650-649,transit
20150601070655-151,camper
20150601080637-769,none
20150601090643-255,none
20150601110652-384,none
20150602010649-97,transit
20150602030620-961,transit
20150602050643-221,camper
20150602070645-93,camper
20150602070649-231,transit
20150602080621-653,none
20150602100630-679,transit
20150602100642-559,transit
20150603020600-648,none
20150603060632-383,camper
20150603090606-203,transit
20150603090607-458,transit
20150603090639-155,camper
20150603100608-37,camper
20150603110610-612,transit
20150603110611-545,transit
20150603110619-327,camper
20150603120637-228,transit
20150604010643-971,camper
20150604030648-583,none
20150604030657-249,ranger
20150604040619-38,camper
20150604070622-992,none
20150604080640-490,none
20150605040618-478,camper
20150605040637-329,transit
20150605040659-922,transit
20150605070642-510,camper
20150605080621-713,camper
20150605080626-486,transit
20150605080637-239,transit
20150605090601-376,camper
20150605090617-10,camper
20150605090619-525,camper
20150605090648-40,camper
20150605090654-331,transit
20150605120608-125,camper
20150606010609-786,camper
20150606010612-100,none
20150606030602-262,none
20150606030611-107,camper
20150606050612-794,transit
20150606050653-525,camper
20150606090640-663,camper
20150606090649-896,camper
20150606110611-539,camper
20150607010649-553,camper
20150607030612-158,camper
20150607030629-240,none
20150607030644-318,camper
20150607040622-582,transit
20150607040626-348,camper
20150607050608-159,camper
20150607100623-566,none
20150608020615-373,transit
20150608020653-576,none
20150608040651-249,camper
20150608090629-720,camper
20150608120622-394,ranger
20150608120632-318,transit
20150608120637-956,transit
20150609010619-14,transit
20150609020654-723,transit
20150609030606-244,camper
20150609040601-951,transit
20150609040634-892,transit
20150609050606-751,transit
20150609050629-558,camper
20150609050637-33,transit
20150609060600-167,camper
20150609070626-683,transit
20150610040636-776,camper
20150610040641-716,transit
20150610080607-654,transit
20150610080607-677,camper
20150610120636-389,none
20150611010649-460,transit
20150611020620-822,camper
20150611030606-430,transit
20150611040604-12,transit
20150611040639-499,transit
20150611050645-707,transit
20150611070625-87,transit
20150611080617-682,transit
20150611080633-723,transit
20150611100636-247,none
20150611110616-649,transit
20150612020631-291,transit
20150612030609-600,transit
20150612040643-903,camper
20150612070653-348,none
20150612080632-864,transit
20150612090614-805,camper
20150612120651-215,none
20150613010619-88,camper
20150613020647-968,transit
20150613050607-419,transit
20150613060630-368,none
20150613070601-595,camper
20150613070629-561,camper
20150613110621-217,camper
20150613120634-302,camper
20150614060634-481,transit
20150614070623-488,transit
20150614090643-855,transit
20150614090651-645,ranger
20150614110611-249,transit
20150614110618-981,none
20150614110632-795,camper
20150614120640-492,camper
20150615050655-209,camper
20150615070645-876,camper
20150615080639-90,transit
20150615090601-623,camper
20150615110657-243,transit
20150616010629-916,none
20150616020625-232,camper
20150616060652-850,camper
20150616070600-982,none
20150616070612-761,camper
20150616110614-272,none
20150616110620-574,none
20150616120616-647,camper
20150616120628-268,none
20150617020614-57,transit
20150617020653-175,none
20150617050619-294,transit
20150617050656-64,transit
20150617070624-744,transit
20150617090658-734,camper
20150617100636-148,camper
20150617110631-315,transit
20150618050611-599,camper
20150618070642-761,none
20150618080605-776,none
20150618110625-63,transit
20150618120604-417,transit
20150619040651-207,camper
20150619050617-947,transit
20150619050622-891,none
20150619060603-933,camper
20150619070601-944,camper
20150619080643-944,transit
20150619090638-731,none
20150619110604-788,camper
20150620020649-980,none
20150620030629-901,camper
20150620030643-457,camper
20150620050621-275,transit
20150620070638-960,camper
20150620090611-379,transit
20150620120634-136,transit
20150621010621-936,transit
20150621010643-875,camper
20150621040623-288,transit
20150621060618-266,camper
20150621070647-455,transit
20150621090620-651,camper
20150621120624-302,transit
20150621120657-579,transit
20150622030626-334,none
20150622030637-276,camper
20150622050634-617,none
20150622060644-784,transit
20150622090641-231,none
20150622120632-733,none
20150622120641-769,none
20150623020631-91,none
20150623020640-155,camper
20150623050614-210,transit
20150623060616-357,ranger
20150623100627-640,transit
20150623100636-684,transit
20150623110625-496,camper
20150624030614-941,camper
20150624050603-927,camper
20150624060606-582,camper
20150624080630-565,camper
20150624080649-350,transit
20150624080656-470,camper
20150624120647-627,camper
20150625010640-723,camper
20150625030645-715,transit
20150625030655-107,ranger
20150625040628-192,camper
20150625040649-416,transit
20150625050640-406,transit
20150625050651-939,transit
20150625070608-126,camper
20150625070630-807,transit
20150625080634-901,transit
20150625090635-281,transit
20150625120621-432,transit
20150625120639-372,none
20150626020646-441,transit
20150626030633-737,transit
20150626050602-930,ranger
20150626050635-614,none
20150626050654-920,transit
20150626070610-771,camper
20150626080624-430,transit
20150626100609-1,transit
20150626100618-442,none
20150626100642-172,transit
20150626110605-541,camper
20150626110618-930,transit
20150626120628-726,none
20150626120643-518,none
20150627070602-460,camper
20150627070604-127,transit
20150627070615-916,transit
20150627080650-806,none
20150627100623-876,transit
20150627100641-287,camper
20150627110636-691,camper
20150628010613-142,camper
20150628010656-511,camper
20150628020602-813,transit
20150628020649-167,transit
20150628020653-964,none
20150628040625-94,ranger
20150628060613-79,camper
20150628100621-273,transit
20150628100625-400,transit
20150628120615-416,ranger
20150629060651-484,none
20150629060651-645,camper
20150629070605-595,transit
20150629090627-62,camper
20150630010654-790,transit
20150630020625-936,transit
20150630040654-44,transit
20150630050613-163,none
20150630050659-891,transit
20150630060606-969,none
20150630070630-393,none
20150630080609-634,camper
20150630080657-414,transit
20150630090638-875,transit
20150630110633-414,camper
20150630120651-844,ranger
20150630120655-755,transit
20150631010647-184,none
20150631050638-897,camper
20150631080629-406,transit
20150631090611-983,transit
20150631110613-672,none
20150631110616-558,camper
20150701010755-627,none
20150701020723-76,camper
20150701040708-313,camper
20150701040743-488,transit
20150701060721-840,camper
20150701060741-737,transit
20150701070722-706,camper
20150701070729-336,camper
20150701080732-301,camper
20150701080753-524,transit
20150702010703-5,transit
20150702020734-303,camper
20150702020750-193,camper
20150702040704-305,camper
20150702040744-309,camper
20150702050722-52,none
20150702050722-689,none
20150702060711-874,transit
20150702080703-888,transit
20150702100703-979,ranger
20150702100724-988,none
20150703030736-636,none
20150703080734-840,camper
20150703100720-218,none
20150703110718-68,none
20150703110736-237,camper
20150704010709-745,transit
20150704010749-266,camper
20150704020738-670,camper
20150704050743-697,camper
20150704060747-94,transit
20150704090726-900,transit
20150704100721-493,camper
20150704110737-327,camper
20150704120725-943,ranger
20150705010758-123,none
20150705020730-688,transit
20150705040715-207,transit
20150705040736-424,transit
20150705050702-651,camper
20150706030713-770,transit
20150706060726-989,transit
20150706060731-616,transit
20150706080728-516,camper
20150706120735-422,transit
20150707010720-308,transit
20150707020749-480,camper
20150707040715-238,camper
20150707050739-597,camper
20150707060746-607,camper
20150707090744-193,camper
20150708010747-474,transit
20150708010750-395,transit
20150708030724-124,camper
20150708030735-179,camper
20150708040737-542,transit
20150708050709-322,transit
20150708090712-967,camper
20150708090716-145,transit
20150708100721-172,camper
20150708120746-78,none
20150709030753-123,transit
20150709070749-903,none
20150709100754-675,transit
20150709120708-806,camper
20150710010709-698,camper
20150710010716-189,none
20150710010736-777,none
20150710060749-607,transit
20150710110703-581,ranger
20150710110737-521,camper
20150710120752-5,none
20150711020710-628,ranger
20150711020755-31,none
20150711050706-571,transit
20150711060713-327,none
20150711080709-92,transit
20150711100726-153,transit
20150712030716-264,transit
20150712060714-467,ranger
20150712060751-581,none
20150712070713-541,camper
20150712070717-383,none
20150712070719-741,none
20150712090732-344,transit
20150712110758-964,transit
20150713020758-120,camper
20150713070728-480,transit
20150713090739-797,camper
20150713100753-416,camper
20150713110726-288,camper
20150714050700-78,transit
20150714060734-528,camper
20150714070731-335,transit
20150714080747-236,none
20150714090704-767,transit
20150714090715-693,camper
20150715010737-325,camper
20150715060701-150,transit
20150715060721-327,transit
20150715080748-563,transit
20150715080758-568,transit
20150715090713-496,transit
20150715100705-414,camper
20150716030727-619,transit
20150716030750-947,camper
20150716060726-594,none
20150716070708-629,ranger
20150716080715-573,transit
20150716100718-333,camper
20150716110710-957,none
20150716110734-865,transit
20150716120707-60,none
20150716120723-749,ranger
20150717010754-625,transit
20150717020709-853,transit
20150717030756-157,camper
20150717040709-500,none
20150717050734-803,camper
20150717060746-729,camper
20150717070703-885,transit
20150717110728-930,transit
20150717120715-637,transit
20150718020708-249,none
20150718060719-224,transit
20150718070713-814,transit
20150718100716-825,transit
20150718110706-765,transit
20150718110745-403,transit
20150718120727-606,transit
20150718120741-816,none
20150719010726-439,none
20150719050709-626,ranger
20150719050720-439,camper
20150719050740-812,camper
20150719120727-862,transit
20150719120749-370,camper
20150720050711-732,transit
20150720070721-359,transit
20150720100717-213,camper
20150720100758-108,camper
20150720110747-627,camper
20150721010748-517,camper
20150721020702-104,transit
20150721040749-166,none
20150721050723-70,none
20150721050735-636,camper
20150721060738-220,none
20150721070717-32,transit
20150721100700-126,camper
20150721110707-591,transit
20150721120706-688,transit
20150722010711-769,transit
20150722010749-2,camper
20150722040729-834,camper
20150722040736-505,camper
20150722060726-651,none
20150722090710-384,ranger
20150722090733-194,camper
20150722090744-571,transit
20150722100718-323,transit
20150722100759-856,camper
20150722110714-462,camper
20150722110719-792,camper
20150722110730-245,camper
20150722110746-805,transit
20150723020750-194,transit
20150723020752-755,transit
20150723030707-46,camper
20150723030737-792,transit
20150723030749-303,transit
20150723040705-993,transit
20150723040751-516,transit
20150723050737-232,transit
20150723050745-341,camper
20150723060738-370,transit
20150723060758-760,camper
20150723070741-205,camper
20150723090724-2,camper
20150723100709-7,transit
20150723110714-736,transit
20150723120718-938,camper
20150724010736-623,camper
20150724010756-126,camper
20150724020753-165,ranger
20150724040701-562,none
20150724050754-246,transit
20150724060708-783,camper
20150724070715-550,camper
20150724110725-338,none
20150724120712-867,none
20150724120724-140,none
20150725010752-511,camper
20150725030704-918,transit
20150725030751-337,camper
20150725040701-369,camper
20150725050713-680,transit
20150725070707-92,none
20150725070710-928,ranger
20150725070715-904,transit
20150725090704-173,transit
20150725090731-539,ranger
20150725090749-801,transit
20150726030718-420,camper
20150726040708-63,ranger
20150726040724-526,none
20150726040734-978,transit
20150726040744-994,none
20150726110704-418,none
20150726110738-643,camper
20150726110745-712,transit
20150726110746-402,transit
20150726120703-149,camper
20150727010727-355,ranger
20150727030712-39,transit
20150727030747-610,transit
20150727040750-332,none
20150727060728-239,camper
20150727070700-6,none
20150727070704-192,transit
20150727070716-50,none
20150727070729-782,camper
20150727090731-933,transit
20150727100744-582,transit
20150727120725-643,none
20150727120737-425,transit
20150728020733-878,transit
20150728020756-477,transit
20150728030708-412,camper
20150728030708-510,transit
20150728060701-371,transit
20150728060709-594,transit
20150728080743-392,camper
20150728090724-582,none
20150728110728-194,transit
20150728120701-799,none
20150729040710-561,transit
20150729050717-99,transit
20150729080703-389,camper
20150729110716-839,camper
20150729120752-754,camper
20150730030734-264,camper
20150730040705-133,camper
20150730040715-317,transit
20150730060700-354,transit
20150730070718-674,camper
20150730080701-11,camper
20150730080728-292,none
20150730090701-127,camper
20150730090704-697,transit
20150730090712-771,transit
20150730100725-834,transit
20150731010755-264,transit
20150731020756-741,transit
20150731030706-870,transit
20150731030748-502,ranger
20150731090718-928,transit
20150731090735-400,none
20150731120739-57,camper
20150801010844-756,transit
20150801020830-440,camper
20150801020850-865,ranger
20150801020851-728,transit
20150801030815-386,none
20150801050802-446,camper
20150801100806-862,camper
20150801100813-808,camper
20150801120817-560,transit
20150801120848-517,camper
20150801120859-136,camper
20150802010858-812,none
20150802020839-300,transit
20150802030830-611,camper
20150802040832-510,none
20150802060812-197,camper
20150802090803-274,none
20150802090811-979,camper
20150802090823-595,camper
20150802090831-105,transit
20150802090839-792,transit
20150802090855-889,camper
20150802110852-346,transit
20150803030838-612,camper
20150803050825-767,transit
20150803050829-770,ranger
20150803060815-535,none
20150803060828-975,camper
20150804030847-490,camper
20150804040846-173,camper
20150804060809-962,transit
20150804070850-234,transit
20150804090809-57,camper
20150804100804-119,camper
20150804100832-464,transit
20150804110814-745,transit
20150805010805-339,camper
20150805020849-559,camper
20150805040827-754,camper
20150805040854-754,transit
20150805050824-181,transit
20150805050852-127,ranger
20150805070819-136,none
20150805070853-118,camper
20150805100804-800,ranger
20150806030828-47,transit
20150806030837-471,camper
20150806040856-166,camper
20150806040859-207,camper
20150806050829-624,transit
20150806060853-66,none
20150806080818-642,none
20150806090805-946,none
20150806110818-449,camper
20150806110838-706,camper
20150807030856-626,none
20150807050820-790,camper
20150807060806-318,transit
20150807080814-971,camper
20150807080837-538,transit
20150807090832-325,camper
20150807120804-821,transit
20150807120858-786,none
20150808010856-926,camper
20150808020805-83,camper
20150808020814-774,transit
20150808020824-931,none
20150808020840-877,camper
20150808030815-401,camper
20150808040805-585,transit
20150808040851-925,transit
20150808070835-600,transit
20150808090842-727,camper
20150808100805-344,camper
20150808120839-918,transit
20150809010801-971,camper
20150809010842-230,none
20150809020810-28,none
20150809030847-891,camper
20150809060853-307,camper
20150810010834-148,camper
20150810030855-554,transit
20150810060851-257,camper
20150810080815-587,camper
20150810090808-3,camper
20150811030803-385,none
20150811030814-454,camper
20150811030849-496,transit
20150811040856-957,transit
20150811050843-334,camper
20150811050851-143,camper
20150811060806-982,transit
20150811080802-300,camper
20150811090806-928,none
20150812050800-581,camper
20150812050828-793,camper
20150812080812-808,transit
20150812090805-372,transit
20150813020818-891,ranger
20150813020820-894,none
20150813020857-177,transit
20150813030831-751,transit
20150813060851-608,camper
20150813070817-302,transit
20150813100848-322,none
20150814020832-421,transit
20150814050807-728,camper
20150814080812-436,none
20150814110834-737,transit
20150815030845-920,transit
20150815030847-272,transit
20150815040821-280,camper
20150815060820-3,transit
20150815060824-848,camper
20150815100834-958,camper
20150815100857-72,camper
20150815110828-844,none
20150815120847-511,camper
20150816010812-725,none
20150816030843-219,transit
20150816050832-772,camper
20150816050850-701,camper
20150816060819-162,none
20150816060823-385,camper
20150816060849-742,camper
20150816100836-628,transit
20150816110804-299,none
20150816110838-790,none
20150816110851-751,camper
20150817020835-13,none
20150817020855-736,camper
20150817040808-175,transit
20150817040833-849,camper
20150817060829-199,transit
20150817070821-454,camper
20150817090808-166,transit
20150817100809-138,camper
20150817120835-419,camper
20150818010852-458,camper
20150818040820-756,transit
20150818040832-50,camper
20150818050817-70,camper
20150818050836-609,camper
20150818060847-607,camper
20150818100801-621,camper
20150818120801-625,camper
20150818120815-803,camper
20150818120859-855,none
20150819010811-13,camper
20150819010826-76,transit
20150819030817-765,transit
20150819030822-252,camper
20150819050854-35,none
20150819070830-159,none
20150819080837-735,transit
20150819090853-276,transit
20150819110841-229,none
20150820030842-112,transit
20150820040859-305,transit
20150820050822-892,none
20150820070819-746,camper
20150820080854-186,camper
20150820090811-228,camper
20150820090832-399,camper
20150820090851-701,camper
20150820100831-92,none
20150821010804-707,ranger
20150821010853-587,transit
20150821020810-335,camper
20150821020813-545,transit
20150821040834-905,transit
20150821050811-489,transit
20150821050856-843,transit
20150821060817-510,none
20150821090833-507,transit
20150821090834-726,camper
20150821090838-129,none
20150821100818-35,transit
20150821110829-588,transit
20150821110852-676,camper
20150821120804-638,none
20150822040817-521,camper
20150822040848-819,camper
20150822040855-574,transit
20150822050829-375,transit
20150822080830-143,camper
20150822090837-736,camper
20150822100824-378,camper
20150822100826-928,camper
20150822100851-40,transit
20150823010813-63,camper
20150823040809-813,camper
20150823060803-803,camper
20150823070821-824,camper
20150823070853-369,transit
20150823080808-694,transit
20150823100828-850,none
20150824010854-116,transit
20150824070810-674,transit
20150824070825-886,camper
20150824080836-872,transit
20150825030839-259,transit
20150825030844-63,none
20150825040833-548,camper
20150825040838-487,camper
20150825050807-78,camper
20150825070806-434,transit
20150825070821-784,camper
20150825070824-77,transit
20150825090829-811,none
20150825090834-357,transit
20150825110803-773,none
20150825110832-749,camper
20150825110845-74,none
20150825120831-381,camper
20150825120854-277,ranger
20150826010800-879,camper
20150826010827-89,ranger
20150826020806-485,camper
20150826020807-226,camper
20150826030836-996,camper
20150826030840-144,none
20150826090800-994,transit
20150826100844-912,camper
20150826100847-715,ranger
20150826110843-267,none
20150826120853-752,transit
20150827020823-652,camper
20150827040838-939,transit
20150827060823-4,camper
20150827060825-381,ranger
20150827060827-565,camper
20150827070822-694,camper
20150827070831-208,none
20150827070855-530,camper
20150827080828-75,none
20150827080852-566,transit
20150827090844-212,transit
20150827100837-497,transit
20150827110825-762,transit
20150827110836-488,none
20150827120843-66,camper
20150828010853-636,none
20150828030855-952,transit
20150828050833-517,camper
20150828060817-577,none
20150828060845-403,camper
20150828080839-667,transit
20150828090804-178,none
20150828090834-36,camper
20150828090847-178,camper
20150828120829-407,ranger
20150828120844-852,camper
20150829010844-997,transit
20150829030847-333,transit
20150829050830-287,camper
20150829070856-319,camper
20150829080813-483,camper
20150829080825-567,camper
20150829100839-801,camper
20150829110818-565,none
20150829110834-62,transit
20150829110854-562,camper
20150830020835-915,transit
20150830030802-631,none
20150830030855-79,camper
20150830040854-938,ranger
20150830070801-930,none
20150830090823-240,camper
20150830110800-847,none
20150830110807-384,camper
20150830110826-381,none
20150830110835-117,transit
20150831010810-141,camper
20150831010842-156,transit
20150831020803-228,camper
20150831020845-212,transit
20150831030801-105,camper
20150831030831-641,transit
20150831060842-916,none
20150831070819-751,transit
20150831100850-963,ranger
20150831110802-88,camper
20150901010946-94,none
20150901020935-968,none
20150901040932-288,camper
20150901060931-375,camper
20150901080955-679,camper
20150901120957-839,camper
20150902020958-522,transit
20150902040934-793,transit
20150902060920-793,camper
20150902110946-207,camper
20150902120906-170,camper
20150902120948-733,none
20150903020912-138,none
20150903020928-497,transit
20150903020949-595,camper
20150903040923-931,camper
20150903050915-821,camper
20150903080915-957,transit
20150903080951-785,none
20150903090936-932,camper
20150903090957-551,camper
20150903100903-596,camper
20150903100923-178,transit
20150904010934-248,transit
20150904030958-830,camper
20150904040954-217,transit
20150904050940-373,transit
20150904060937-392,camper
20150904060946-997,camper
20150904080934-336,transit
20150904090957-319,camper
20150904100901-193,camper
20150904100954-304,transit
20150904110914-670,camper
20150904110945-706,camper
20150905010927-978,camper
20150905010959-275,transit
20150905040910-240,camper
20150905070939-279,camper
20150905090932-101,camper
20150906030915-616,camper
20150906070942-786,none
20150906080913-994,none
20150906100956-227,transit
20150906120940-115,none
20150906120952-835,camper
20150907040913-528,none
20150907050946-464,transit
20150907060938-780,camper
20150907070922-234,camper
20150907070951-183,camper
20150907080945-381,camper
20150907090916-682,none
20150907110929-382,transit
20150908020926-913,camper
20150908030910-643,transit
20150908030947-43,transit
20150908040921-563,transit
20150908060913-42,ranger
20150908080915-434,camper
20150908080923-414,camper
20150908090958-945,transit
20150908120943-943,camper
20150908120959-737,camper
20150909040914-244,transit
20150909050912-954,transit
20150909060913-45,transit
20150909080919-967,transit
20150909100908-893,camper
20150909120927-426,camper
20150910020919-2,camper
20150910020923-287,transit
20150910040952-485,transit
20150910060904-59,camper
20150910070930-658,transit
20150910080926-255,camper
20150910080953-624,camper
20150910090926-819,camper
20150910100947-726,transit
20150910120911-462,transit
20150911020927-915,transit
20150911040954-143,transit
20150911050916-197,camper
20150911050958-246,transit
20150911060914-143,none
20150911060927-249,camper
20150911060943-442,transit
20150911060947-468,camper
20150911060951-66,transit
20150911080900-458,camper
20150911080907-406,transit
20150911080911-37,camper
20150911110911-657,transit
20150912020951-608,none
20150912040902-568,none
20150912040927-543,transit
20150912060916-518,camper
20150912090951-154,none
20150912100912-409,camper
20150913020924-298,transit
20150913020936-245,transit
20150913040932-624,none
20150913050914-900,none
20150913060926-359,camper
20150913060942-503,camper
20150913060957-927,none
20150913100917-904,transit
20150913100957-928,none
20150914020923-661,transit
20150914030946-615,none
20150914030948-203,camper
20150914040900-949,camper
20150914070902-817,none
20150914080950-53,camper
20150914090940-696,camper
20150914100951-759,transit
20150914110948-268,camper
20150915010905-807,camper
20150915020918-621,transit
20150915030916-994,transit
20150915030919-207,none
20150915060935-123,none
20150915100950-869,transit
20150915110954-381,ranger
20150916010937-480,camper
20150916010943-697,transit
20150916010956-355,camper
20150916020906-378,none
20150916030932-958,camper
20150916030956-470,transit
20150916090934-622,transit
20150916090953-964,ranger
20150916100951-525,transit
20150917020950-55,camper
20150917030929-874,ranger
20150917040954-744,none
20150917050959-724,transit
20150917070930-301,camper
20150917080946-613,none
20150917090944-991,transit
20150917100917-854,none
20150917110936-396,camper
20150918020909-684,none
20150918030939-609,ranger
20150918040902-934,camper
20150918040947-803,transit
20150918040950-592,none
20150918060923-118,camper
20150918070924-726,none
20150918070927-459,none
20150918090900-326,transit
20150918090928-755,camper
20150919040930-907,transit
20150919050912-809,none
20150919070939-665,ranger
20150919070956-883,camper
20150919080932-475,camper
20150919080957-489,none
20150919120948-627,transit
20150920030917-854,transit
20150920030922-437,transit
20150920050908-75,none
20150920050941-93,ranger
20150920070902-234,camper
20150920070942-773,transit
20150920080946-312,none
20150920090915-26,camper
20150920090936-12,none
20150920090938-107,camper
20150920090952-847,none
20150920100910-742,transit
20150920110938-724,camper
20150921010943-734,camper
20150921020923-489,none
20150921040914-260,ranger
20150921050904-60,transit
20150921060910-378,none
20150921060955-618,transit
20150921100928-653,transit
20150921100948-225,none
20150921110942-470,transit
20150921120902-568,camper
20150922010936-575,camper
20150922020925-369,none
20150922030934-439,camper
20150922040933-573,none
20150922050928-387,transit
20150922050932-615,none
20150922060918-792,transit
20150922070908-757,transit
20150922070941-505,camper
20150922080925-387,transit
20150922090902-582,camper
20150922100951-450,none
20150922110914-684,camper
20150922110918-911,transit
20150922110928-182,camper
20150922120927-553,ranger
20150923010916-544,camper
20150923010936-792,none
20150923010953-577,none
20150923010958-595,camper
20150923040918-760,transit
20150923050915-668,camper
20150923050917-917,transit
20150923060924-124,transit
20150923060951-106,transit
20150923080932-171,transit
20150923090925-163,camper
20150923110937-484,none
20150924070923-326,none
20150924070945-953,camper
20150924080908-529,transit
20150924100943-359,none
20150924110950-607,transit
20150924120946-229,camper
20150925030910-149,transit
20150925030923-872,camper
20150925030948-317,none
20150925030951-84,transit
20150925050919-689,camper
20150925070901-487,camper
20150925080935-194,none
20150925090921-354,none
20150925090935-77,transit
20150925110937-663,camper
20150926010953-860,transit
20150926020900-985,none
20150926030958-715,transit
20150926060947-3,camper
20150926080925-674,transit
20150926090945-943,camper
20150926110935-427,none
20150926110958-805,camper
20150927010900-920,none
20150927080911-300,none
20150927090926-427,camper
20150928020950-296,camper
20150928090928-39,transit
20150929020925-480,transit
20150929030929-812,camper
20150929060900-676,none
20150929060957-709,camper
20150929070904-711,camper
20150929070937-287,transit
20150929080924-256,camper
20150929080956-555,transit
20150929090919-621,camper
20150929090940-494,camper
20150929110918-672,none
20150929120953-961,none
20150930010911-718,camper
20150930030938-661,camper
20150930030959-468,none
20150930040930-759,camper
20150930070915-224,none
20150930080915-526,camper
20150930100942-817,transit
20150930110907-918,transit
20150930110949-443,camper
20150931010941-247,camper
20150931070953-531,transit
20150931110914-65,transit
20151001011026-433,camper
20151001031016-663,camper
20151001041004-853,camper
20151001041055-580,camper
20151001051049-770,camper
20151001081035-840,transit
20151001081041-702,camper
20151001091013-536,camper
20151001091019-787,none
20151001091034-497,camper
20151002021015-986,camper
20151002041036-991,camper
20151002041052-291,none
20151002061057-716,transit
20151002071039-91,camper
20151002101014-792,camper
20151002101036-262,transit
20151002111020-73,none
20151002121039-700,camper
20151003011029-293,camper
20151003031026-495,ranger
20151003041033-690,transit
20151003071044-386,none
20151003111049-230,none
20151003111052-171,camper
20151003121025-950,transit
20151004021051-72,camper
20151004031053-92,none
20151004041028-27,camper
20151004051005-26,camper
20151004051047-356,none
20151004061009-733,camper
20151004061017-700,transit
20151004061023-570,transit
20151004081041-724,camper
20151004121046-191,none
20151004121057-614,transit
20151005021037-110,transit
20151005021040-786,none
20151005071024-452,camper
20151005071054-722,transit
20151005081042-478,transit
20151005091027-858,transit
20151005111003-947,ranger
20151006011003-435,ranger
20151006031009-616,transit
20151006031044-506,camper
20151006031050-832,camper
20151006061022-397,transit
20151006071004-39,transit
20151006071021-877,camper
20151006101006-578,transit
20151006101044-543,transit
20151006101058-57,camper
20151007011028-996,camper
20151007011054-189,none
20151007041045-624,camper
20151007061036-970,camper
20151007061047-838,transit
20151007071043-113,transit
20151007081019-529,none
20151007081049-256,transit
20151007121033-369,transit
20151008041030-931,transit
20151008041054-232,transit
20151008051030-28,camper
20151008061014-338,transit
20151008061031-83,camper
20151008061036-397,transit
20151008061041-615,transit
20151008091003-541,camper
20151008091058-366,camper
20151008101012-0,ranger
20151008101045-291,camper
20151008121044-244,camper
20151009011000-445,none
20151009031019-176,transit
20151009031056-749,transit
20151009041023-63,camper
20151009041046-979,none
20151009051031-939,none
20151009061018-73,none
20151009061043-83,camper
20151009091020-539,camper
20151010011010-902,camper
20151010061031-394,transit
20151010071016-369,ranger
20151010101051-546,transit
20151011011010-245,transit
20151011011032-480,camper
20151011051048-783,camper
20151011071039-976,none
20151011071057-298,none
20151011091000-183,none
20151011091030-55,transit
20151011101000-955,none
20151011101030-397,transit
20151011101040-543,transit
20151012061013-969,none
20151012081019-264,transit
20151012091054-963,camper
20151012101020-600,none
20151012111048-832,camper
20151012111049-904,none
20151013011052-469,none
20151013031002-411,none
20151013041011-524,camper
20151013051031-833,none
20151013091000-885,none
20151013101006-462,camper
20151014031005-384,transit
20151014041044-388,none
20151014091022-504,camper
20151014091036-542,transit
20151014111038-871,transit
20151014121052-483,none
20151015011037-717,none
20151015011055-262,none
20151015031015-762,transit
20151015041055-891,transit
20151015061023-821,camper
20151016041029-215,transit
20151016051049-90,none
20151016061047-578,transit
20151016081024-907,transit
20151016091014-990,none
20151016101030-441,none
20151017051055-952,none
20151017061038-255,none
20151017071057-598,none
20151017081005-686,camper
20151017091042-992,camper
20151017101005-541,camper
20151018031004-469,none
20151018041035-645,none
20151018061010-911,transit
20151018071010-683,transit
20151018071033-244,transit
20151018071045-954,none
20151018081043-314,none
20151018091033-267,camper
20151018101043-303,transit
20151018101055-192,camper
20151018121007-749,transit
20151019011020-645,camper
20151019021027-10,camper
20151019021032-845,transit
20151019071032-613,transit
20151019081015-655,camper
20151019081022-530,none
20151019101010-336,camper
20151019101012-506,camper
20151019111046-645,transit
20151019121020-200,transit
20151020021029-947,camper
20151020031037-765,camper
20151020061037-783,ranger
20151020061044-163,ranger
20151020081012-980,camper
20151020081034-411,transit
20151020081055-387,transit
20151020091049-173,camper
20151020101023-490,transit
20151020101042-117,none
20151020101057-778,transit
20151020121004-731,none
20151021011007-107,transit
20151021011021-123,camper
20151021011047-387,camper
20151021021029-879,transit
20151021041005-169,camper
20151021041059-868,transit
20151021071000-996,none
20151021081021-48,transit
20151021081056-343,transit
20151022021027-109,none
20151022031032-538,camper
20151022041004-148,camper
20151022051010-355,transit
20151022061016-652,transit
20151022071023-682,transit
20151022081040-716,transit
20151022091000-636,none
20151022101006-317,camper
20151023011019-241,ranger
20151023011043-359,transit
20151023011047-340,transit
20151023041017-423,camper
20151023061021-360,transit
20151023071017-983,transit
20151023091027-655,camper
20151024021019-274,transit
20151024041025-203,none
20151024061054-929,transit
20151024071035-474,transit
20151024091033-928,camper
20151024091047-753,transit
20151024111054-335,camper
20151024121023-596,none
20151025031037-733,camper
20151025051001-380,none
20151025051010-523,transit
20151025051035-258,camper
20151025061010-490,camper
20151025071006-134,camper
20151025091049-824,transit
20151025101044-367,camper
20151025121050-736,transit
20151025121055-883,transit
20151026021048-97,transit
20151026031053-559,camper
20151026041051-922,camper
20151026051008-681,transit
20151026051047-171,camper
20151026061007-244,camper
20151026061040-488,camper
20151026081006-92,camper
20151026081044-145,transit
20151026091044-859,camper
20151026101017-279,transit
20151027031029-195,ranger
20151027041015-67,transit
20151027041058-551,none
20151027111009-160,transit
20151027121014-341,transit
20151027121025-240,camper
20151027121055-218,camper
20151028011004-424,transit
20151028011029-820,camper
20151028041049-767,transit
20151028061026-297,camper
20151028071020-362,camper
20151028071051-431,none
20151028081039-84,camper
20151028111000-621,camper
20151029011055-228,transit
20151029031046-528,camper
20151029051029-678,none
20151029051055-468,none
20151029071053-279,camper
20151029071056-312,camper
20151029081008-399,camper
20151029111009-833,none
20151029111047-98,transit
20151029121011-173,camper
20151029121032-170,camper
20151029121058-136,none
20151030021054-842,transit
20151030021055-539,transit
20151030031051-576,none
20151030051008-262,none
20151030051034-928,transit
20151030061038-897,camper
20151030081048-623,transit
20151030091029-116,camper
20151030111021-959,camper
20151030111049-10,transit
20151030121037-311,none
20151031021043-605,camper
20151031031036-320,transit
20151031041034-706,none
20151031071048-450,camper
20151031081056-17,transit
20151031101009-945,camper
20151031111040-488,camper
20151101011114-329,transit
20151101021154-37,transit
20151101031124-24,none
20151101031131-640,transit
20151101051151-134,camper
20151101081109-505,camper
20151101081129-848,camper
20151101081149-687,none
20151101111123-377,none
20151101121144-520,camper
20151102031156-128,camper
20151102051100-481,transit
20151102061112-279,none
20151102061116-400,camper
20151102071157-979,transit
20151102091154-662,camper
20151102121127-564,camper
20151103011107-462,none
20151103021143-224,camper
20151103031107-509,camper
20151103031148-987,transit
20151103041101-253,transit
20151103051105-693,transit
20151103051148-977,camper
20151103061106-863,transit
20151103081125-45,none
20151103101135-993,camper
20151104041141-688,transit
20151104081118-17,camper
20151104091103-487,camper
20151104091151-104,camper
20151104121100-220,none
20151104121107-641,transit
20151104121158-643,camper
20151105051129-840,transit
20151105061131-878,transit
20151105061149-645,transit
20151105091109-417,camper
20151105121120-955,camper
20151106031107-912,camper
20151106031127-165,none
20151106041146-807,camper
20151106041147-812,transit
20151106051111-75,transit
20151106051115-506,camper
20151106061100-410,camper
20151106071136-542,transit
20151106071138-520,camper
20151106071155-474,camper
20151106111107-479,none
20151106111125-413,transit
20151106111153-260,transit
20151106111158-818,none
20151106121113-182,camper
20151107021135-737,camper
20151107051117-390,transit
20151107061145-484,transit
20151107091117-166,transit
20151107101114-603,none
20151107111143-376,transit
20151108041144-494,transit
20151108041145-781,none
20151108061114-819,none
20151108071107-792,transit
20151108071113-261,camper
20151108081116-912,camper
20151108091145-870,transit
20151108121153-895,none
20151109041115-191,none
20151109051100-693,camper
20151109061133-119,none
20151109071101-943,camper
20151109081144-678,camper
20151109091155-536,camper
20151109101115-984,camper
20151110011101-322,ranger
20151110011132-270,transit
20151110041127-50,none
20151110061107-358,none
20151110071151-915,transit
20151110091107-217,camper
20151110101156-652,camper
20151110111130-676,transit
20151110121117-357,transit
20151111031143-227,none
20151111041119-158,camper
20151111041149-456,transit
20151111051119-594,none
20151111051151-921,transit
20151111071117-291,transit
20151112011137-325,camper
20151112011152-559,none
20151112031115-285,transit
20151112031119-409,transit
20151112051139-269,camper
20151112061143-303,transit
20151112061151-995,transit
20151112061152-300,transit
20151112091155-964,none
20151112101120-762,transit
20151113011105-825,transit
20151113011118-560,none
20151113011134-396,camper
20151113031115-28,camper
20151113061129-478,camper
20151113061132-529,camper
20151113071127-855,camper
20151113081103-202,camper
20151113121156-771,camper
20151114021155-680,transit
20151114021156-85,camper
20151114041158-903,transit
20151114071121-782,camper
20151114071159-705,camper
20151114081116-872,camper
20151114111101-450,camper
20151114121111-116,camper
20151115011116-242,transit
20151115031100-780,camper
20151115031111-758,transit
20151115041109-804,camper
20151115041148-836,camper
20151115121122-695,camper
20151115121128-639,transit
20151116021105-602,camper
20151116031103-753,camper
20151116031124-797,transit
20151116031127-78,none
20151116071131-16,camper
20151116081119-191,camper
20151116121132-353,camper
20151116121148-838,none
20151117011106-544,transit
20151117021110-932,transit
20151117031145-748,ranger
20151117051123-614,camper
20151117051152-432,transit
20151117101107-46,camper
20151117101156-58,none
20151117111104-955,transit
20151118021145-170,none
20151118041143-934,camper
20151118061145-872,camper
20151118091136-43,camper
20151118101124-666,camper
20151118121155-903,none
20151119021156-883,transit
20151119031125-461,camper
20151119061103-218,transit
20151119061106-100,transit
20151119091122-744,none
20151119091154-119,camper
20151119111132-408,camper
20151120021127-21,none
20151120051116-435,transit
20151120051143-352,transit
20151120071106-120,camper
20151120071128-12,transit
20151120081141-291,camper
20151121031117-949,camper
20151121041130-372,none
20151121051118-213,transit
20151121061101-398,transit
20151121091124-890,none
20151121091142-55,camper
20151121101114-73,ranger
20151121101130-569,none
20151121111157-61,camper
20151121121107-368,camper
20151121121126-475,camper
20151121121131-715,camper
20151121121155-143,transit
20151122011142-477,none
20151122021105-937,none
20151122021140-914,camper
20151122031104-627,transit
20151122031145-815,camper
20151122041139-836,transit
20151122051127-509,transit
20151122081111-220,camper
20151122081111-931,camper
20151122091136-164,transit
20151122101117-220,none
20151122101132-880,transit
20151122101154-714,none
20151123021110-405,transit
20151123021124-160,ranger
20151123021150-692,transit
20151123071139-244,transit
20151123101157-660,transit
20151124031108-240,camper
20151124041119-151,none
20151124041131-688,transit
20151124081114-91,camper
20151124081137-232,camper
20151124111122-818,camper
20151125021110-876,none
20151125071146-648,camper
20151125101125-687,transit
20151125121136-226,camper
20151125121147-666,camper
20151126011144-948,camper
20151126021152-691,transit
20151126051137-634,transit
20151126051156-263,none
20151126071103-548,transit
20151126071153-679,transit
20151126071158-727,transit
20151126081107-580,transit
20151126091121-945,transit
20151126111143-228,none
20151127051117-574,camper
20151127061106-88,camper
20151127061136-939,camper
20151127081135-995,transit
20151127091156-609,camper
20151127091157-308,transit
20151127101117-321,camper
20151127101119-956,none
20151128011138-111,transit
20151128011156-261,ranger
20151128051129-591,camper
20151128051155-195,none
20151128071144-68,camper
20151128081117-253,transit
20151128091137-757,camper
20151128091155-501,camper
20151128101107-583,transit
20151128101114-530,none
20151128111129-309,ranger
20151128111144-648,camper
20151128121126-103,camper
20151128121144-636,transit
20151129041113-818,transit
20151129071142-601,none
20151129101109-424,camper
20151129101133-538,none
20151129101152-17,transit
20151129111105-997,transit
20151129111138-228,transit
20151129121122-794,camper
20151130011100-867,transit
20151130011131-735,ranger
20151130031121-169,transit
20151130031142-294,transit
20151130041104-293,transit
20151130061138-166,transit
20151130061141-5,transit
20151130081115-826,none
20151130091113-828,none
20151131021149-695,camper
20151131031129-413,transit
20151131081108-573,camper
20151131081112-556,transit
20151131091100-593,transit
20151131121113-604,transit
20151201011252-32,transit
20151201031214-85,camper
20151201031215-712,camper
20151201031245-77,transit
20151201051230-898,none
20151201061206-641,none
20151201061251-794,camper
20151201071206-107,camper
20151201071254-656,none
20151201081219-907,camper
20151201101257-374,transit
20151201121236-41,camper
20151202011253-62,camper
20151202021203-963,camper
20151202021230-956,camper
20151202051249-156,camper
20151202061226-132,none
20151202071233-557,camper
20151202081232-209,transit
20151202101257-746,camper
20151202121203-224,transit
20151203011232-992,none
20151203041231-943,camper
20151203041234-867,transit
20151203081248-820,transit
20151203101246-894,camper
20151203121253-478,camper
20151204011207-25,transit
20151204011238-471,transit
20151204031209-720,transit
20151204031221-340,camper
20151204041235-141,none
20151204071215-745,none
20151204071251-825,transit
20151204111220-934,camper
20151204111228-777,transit
20151204121208-62,transit
20151205011253-317,camper
20151205021240-761,none
20151205021255-377,none
20151205031250-205,transit
20151205061202-442,none
20151205061240-99,transit
20151205071201-727,transit
20151206021222-166,transit
20151206051246-156,camper
20151206061257-541,camper
20151206081220-45,transit
20151206081231-342,transit
20151206081251-376,transit
20151206091237-906,transit
20151207031204-699,none
20151207031239-581,none
20151207071218-322,transit
20151207081249-632,none
20151207091211-916,camper
20151207091215-793,none
20151207101219-530,camper
20151208041208-309,camper
20151208071245-482,none
20151208091219-174,none
20151208091253-564,camper
20151209021212-232,none
20151209031242-452,camper
20151209101239-365,transit
20151209111219-195,camper
20151209121226-172,transit
20151210021211-711,transit
20151210021258-493,camper
20151210031224-723,camper
20151210041246-108,none
20151210071211-297,transit
20151210101225-79,camper
20151210101237-47,camper
20151210101238-75,none
20151210111240-272,transit
20151210121248-239,camper
20151211021211-921,none
20151211031240-876,ranger
20151211051227-514,none
20151211051247-172,none
20151211051259-166,camper
20151211061235-957,camper
20151211061241-520,camper
20151211071215-709,none
20151211081210-391,camper
20151211091201-575,camper
20151211101209-170,transit
20151211111220-922,transit
20151211121232-51,none
20151212011241-763,camper
20151212011243-975,camper
20151212021252-485,camper
20151212031240-621,camper
20151212041215-0,transit
20151212051226-954,camper
20151212061217-99,none
20151212061227-505,transit
20151212061257-521,transit
20151212071202-912,transit
20151212081202-125,camper
20151212111223-167,transit
20151212121250-641,camper
20151214011236-336,transit
20151214041201-843,transit
20151214081239-359,transit
20151214101200-618,transit
20151214101217-551,camper
20151214111219-521,transit
20151215011211-758,camper
20151215021211-822,camper
20151215021238-599,transit
20151215031227-659,none
20151215071240-346,transit
20151215081216-371,transit
20151215111234-603,camper
20151216041200-755,camper
20151216061214-975,none
20151216061234-273,transit
20151216071229-410,transit
20151216111200-357,transit
20151216121204-341,none
20151216121234-750,transit
20151217011215-52,transit
20151217031205-749,none
20151217031233-634,none
20151217041252-159,transit
20151217061258-570,transit
20151217081231-508,transit
20151217091221-584,transit
20151217101212-140,camper
20151217101228-746,transit
20151217101248-377,camper
20151217121243-265,camper
20151217121251-526,camper
20151218031248-730,transit
20151218041253-506,transit
20151218051211-725,camper
20151218101204-383,camper
20151218121208-297,transit
20151219011251-234,transit
20151219031239-975,transit
20151219051238-555,camper
20151219061259-337,none
20151219081235-39,camper
20151219081244-360,none
20151219091205-152,none
20151219101232-863,camper
20151220031238-653,transit
20151220061227-950,camper
20151220071232-910,none
20151220081200-742,none
20151220081248-394,transit
20151220101200-78,none
20151221021214-964,camper
20151221041237-821,camper
20151221051211-612,transit
20151221091212-16,none
20151221091241-93,none
20151221091244-979,camper
20151221101252-161,ranger
20151222021205-875,transit
20151222031241-371,camper
20151222051229-742,none
20151222061237-438,camper
20151222061256-162,transit
20151222081247-292,transit
20151222121215-335,transit
20151222121218-329,none
20151223041229-241,transit
20151223081226-766,transit
20151223091207-538,transit
20151223091224-134,camper
20151223091254-664,camper
20151224021228-978,transit
20151224031247-625,transit
20151224041202-651,camper
20151224041233-373,none
20151224041242-581,camper
20151224061201-826,transit
20151224101227-56,camper
20151224121210-614,camper
20151225031208-655,camper
20151225031224-774,none
20151225041253-640,camper
20151225041257-977,ranger
20151225051248-279,camper
20151225071221-449,camper
20151225091206-465,camper
20151225091237-930,camper
20151225121214-761,none
20151225121247-656,none
20151226021220-877,transit
20151226031229-659,none
20151226031239-133,none
20151226061234-537,none
20151226101236-942,transit
20151226121233-295,camper
20151227041255-244,camper
20151227101235-797,transit
20151227111237-390,none
20151228011242-334,none
20151228011247-72,ranger
20151228021221-216,camper
20151228021233-116,none
20151228031201-976,transit
20151228111242-521,transit
20151229041207-285,camper
20151229041225-130,camper
20151229041255-791,none
20151229071227-475,none
20151229071243-282,none
20151229091239-775,none
20151229111259-568,camper
20151229121215-192,transit
20151229121216-715,camper
20151230021228-117,camper
20151230061216-549,none
20151230091228-162,camper
20151231031229-263,transit
20151231031233-897,camper
20151231031240-441,transit
20151231081203-407,camper
20151231081230-646,transit
20151231121203-449,camper
20151231121209-661,ranger
20151301011335-837,transit
20151301021340-472,camper
20151301031345-134,none
20151301081324-366,transit
20151301091306-345,camper
20151301101307-609,ranger
20151301111308-417,camper
20151301111352-990,none
20151302021351-258,none
20151302031316-697,transit
20151302071301-31,camper
20151302081321-676,camper
20151302091349-722,none
20151302111323-649,camper
20151302121324-471,transit
20151302121334-985,transit
20151302121348-104,camper
20151303011307-789,none
20151303021334-51,transit
20151303021356-890,none
20151303071356-254,camper
20151303081343-855,camper
20151303091327-618,transit
20151303091355-495,camper
20151303111300-96,camper
20151303111344-23,camper
20151303121356-752,transit
20151304011309-445,transit
20151304011310-154,camper
20151304011353-532,camper
20151304041354-441,camper
20151304071316-371,camper
20151304071340-680,none
20151304091319-319,transit
20151304111314-18,transit
20151304121328-420,camper
20151305011309-201,camper
20151305011343-613,transit
20151305011359-918,ranger
20151305041331-383,camper
20151305041332-847,camper
20151305041338-913,transit
20151305071325-466,none
20151305081322-814,camper
20151305091314-191,transit
20151305101314-545,transit
20151305111329-743,transit
20151305121305-440,ranger
20151306041354-468,transit
20151306101312-518,transit
20151306101326-304,camper
20151306121325-748,camper
20151306121351-539,camper
20151307011356-805,camper
20151307021320-869,camper
20151307031354-312,transit
20151307081300-707,camper
20151307081304-762,transit
20151307081342-234,transit
20151307091313-62,transit
20151307091345-782,camper
20151307121323-821,camper
20151308011359-158,camper
20151308021340-431,transit
20151308041310-170,none
20151308041318-416,camper
20151308061328-655,none
20151308081312-606,camper
20151308081323-27,transit
20151308101333-914,camper
20151308111306-767,transit
20151309031329-895,transit
20151309041300-869,camper
20151309041310-608,camper
20151309041329-530,transit
20151309051302-646,transit
20151309051316-267,camper
20151309071349-323,camper
20151309081300-178,transit
20151309121323-469,camper
20151310021306-658,none
20151310021345-410,transit
20151310031355-557,none
20151310041329-620,camper
20151310041335-325,transit
20151310041356-561,none
20151310041357-306,transit
20151310061300-469,transit
20151310071301-518,ranger
20151310071350-967,transit
20151310091305-997,transit
20151310091325-192,none
20151310101330-91,camper
20151311031311-115,camper
20151311031335-56,none
20151311061339-448,transit
20151311111340-727,transit
20151312011312-740,camper
20151312011358-106,transit
20151312041320-612,transit
20151312041350-13,camper
20151312041356-837,none
20151312051315-26,camper
20151312071335-425,none
20151312071346-110,transit
20151312091321-690,none
20151312101325-662,camper
20151313011306-451,none
20151313011356-56,ranger
20151313041349-276,camper
20151313051340-385,camper
20151313061319-588,ranger
20151313061354-628,none
20151313071329-807,transit
20151313121350-300,transit
20151314011311-1,camper
20151314031357-714,transit
20151314051309-415,transit
20151314051327-38,camper
20151314081311-344,transit
20151314081340-101,camper
20151314091343-744,camper
20151314121322-316,transit
20151315011308-405,camper
20151315031359-879,camper
20151315061319-183,ranger
20151315061347-338,transit
20151315071301-935,none
20151315071343-468,transit
20151315071346-592,transit
20151315081335-664,transit
20151315091329-68,camper
20151315111315-406,transit
20151315121331-773,camper
20151315121352-5,transit
20151315121354-235,camper
20151316021331-595,none
20151316021336-107,camper
20151316041349-976,none
20151316081351-237,transit
20151316091342-715,transit
20151317011327-569,transit
20151317011343-845,transit
20151317041326-366,camper
20151317071311-118,camper
20151317081319-931,none
20151317091337-976,transit
20151317101347-90,transit
20151317101348-437,camper
20151317121347-174,none
20151318021301-158,camper
20151318021316-5,transit
20151318041322-791,transit
20151318051330-957,camper
20151318061334-243,camper
20151318081330-411,none
20151318101338-951,camper
20151318101343-137,camper
20151318121304-995,transit
20151319011338-241,transit
20151319031311-305,transit
20151319041336-619,camper
20151319061333-620,camper
20151319061345-195,transit
20151319071328-344,transit
20151319081302-226,ranger
20151319101312-156,camper
20151319101335-59,camper
20151320011321-666,transit
20151320011329-865,transit
20151320031302-558,transit
20151320031302-782,transit
20151320081334-545,ranger
20151320091309-87,camper
20151320091322-984,transit
20151320101309-415,camper
20151320101317-830,ranger
20151320111314-421,transit
20151321021309-357,transit
20151321031350-156,transit
20151321061336-628,camper
20151321071310-542,transit
20151321111329-290,transit
20151321121338-394,transit
20151322051315-282,camper
20151322051354-364,none
20151322061336-323,transit
20151322081322-215,none
20151322091300-409,none
20151322091311-996,none
20151322091314-124,transit
20151322091316-1,camper
20151322101302-482,camper
20151322111353-436,camper
20151322121351-809,camper
20151323011308-91,transit
20151323041310-904,transit
20151323051332-261,transit
20151323091321-552,transit
20151323091336-516,camper
20151323091349-479,none
20151323121318-53,transit
20151324031316-217,camper
20151324041317-432,camper
20151324041323-86,camper
20151324041331-293,transit
20151324051326-345,none
20151324061307-900,camper
20151324081302-127,none
20151324081341-286,none
20151325051302-904,transit
20151325051319-382,camper
20151325071355-403,transit
20151325101341-201,transit
20151326021319-917,none
20151326021339-94,none
20151326031310-457,camper
20151326031321-981,camper
20151326031328-475,transit
20151326031334-997,camper
20151326041353-166,transit
20151326071341-210,transit
20151326081346-390,transit
20151326091313-350,transit
20151326101304-475,transit
20151326111319-353,camper
20151327011327-591,ranger
20151327011349-700,camper
20151327021314-581,transit
20151327051327-525,none
20151327051344-592,none
20151327081308-327,transit
20151327101317-796,camper
20151327111316-545,transit
20151327121340-726,transit
20151327121354-817,transit
20151328011351-370,camper
20151328021338-40,transit
20151328031325-476,transit
20151328061313-548,none
20151328091310-450,ranger
20151328091324-126,transit
20151328091352-263,camper
20151328101312-818,camper
20151328111322-383,transit
20151328121327-774,camper
20151329011319-87,camper
20151329051347-815,camper
20151329081357-856,transit
20151329101325-617,camper
20151329101338-63,transit
20151329111340-193,camper
20151329111354-725,camper
20151329121310-651,camper
20151329121356-610,transit
20151330021355-948,transit
20151330031338-241,none
20151330031338-365,none
20151330031343-393,transit
20151330041314-275,camper
20151330041347-985,transit
20151330051300-634,camper
20151330061337-218,transit
20151330101315-113,transit
20151331011301-396,none
20151331071341-673,none
20151331101332-798,none
20151331121322-413,transit
20151401011424-950,camper
20151401031439-890,transit
20151401031455-428,transit
20151401081430-906,transit
20151401111429-377,transit
20151401121438-732,camper
20151402011432-704,none
20151402021419-157,ranger
20151402061411-692,transit
20151402061430-976,transit
20151402071449-545,transit
20151402081427-528,camper
20151402121436-904,transit
20151403021402-99,ranger
20151403031412-911,camper
20151403051445-471,none
20151403061425-243,transit
20151403061455-374,none
20151403071408-116,camper
20151403091420-503,transit
20151403101408-211,camper
20151403101418-295,camper
20151403111404-688,camper
20151403111452-285,none
20151403121420-600,camper
20151404011436-977,transit
20151404021437-954,camper
20151404031404-378,camper
20151404041402-188,transit
20151404041439-995,transit
20151404051445-25,none
20151404071441-671,transit
20151404081429-288,camper
20151404081453-864,none
20151404111432-521,none
20151405011458-832,camper
20151405021444-46,none
20151405041449-249,none
20151405051416-248,ranger
20151405051442-519,camper
20151405061416-631,transit
20151405081402-223,transit
20151405081403-596,transit
20151405091418-74,transit
20151405111427-937,transit
20151405111428-942,camper
20151405121430-416,none
20151406031406-139,none
20151406041417-558,transit
20151406051448-965,camper
20151406061413-234,none
20151406061415-996,ranger
20151406061442-733,camper
20151406091453-794,transit
20151406101435-936,transit
20151406101448-508,camper
20151406111406-468,transit
20151406121438-195,transit
20151407011437-835,transit
20151407051430-695,transit
20151407051439-583,none
20151407071448-332,camper
20151408061423-887,transit
20151408071436-141,camper
20151408071439-232,transit
20151408121421-792,transit
20151409051437-834,camper
20151409081439-344,none
20151409101410-293,camper
20151409111433-68,camper
20151409111437-111,camper
20151410041411-39,none
20151410051449-220,transit
20151410061405-953,none
20151410061424-60,camper
20151410081406-824,camper
20151410081443-694,camper
20151410081454-499,transit
20151410121404-559,none
20151411011444-524,transit
20151411031453-479,camper
20151411041426-476,none
20151411051411-908,none
20151411071427-615,transit
20151411091404-225,camper
20151411091415-104,transit
20151411091454-825,transit
20151411101420-244,transit
20151411101443-797,camper
20151411121401-100,camper
20151412011403-13,none
20151412011420-157,transit
20151412031428-824,camper
20151412041451-938,transit
20151412051415-812,none
20151412051445-249,transit
20151412051446-871,camper
20151412071422-498,camper
20151412081429-334,none
20151412081447-295,camper
20151412091419-116,camper
20151412101406-34,none
20151413011453-866,transit
20151413021408-91,camper
20151413021421-999,transit
20151413021450-129,none
20151413031402-190,camper
20151413051450-791,transit
20151413081417-823,camper
20151413091400-23,camper
20151413101434-985,transit
20151413111430-32,transit
20151413121455-173,transit
20151414021427-933,camper
20151414041406-386,transit
20151414041459-646,camper
20151414061446-0,transit
20151414071412-997,camper
20151414071421-391,transit
20151414121436-419,transit
20151415011424-830,transit
20151415021431-833,transit
20151415031434-50,camper
20151415031450-923,transit
20151415041403-291,ranger
20151415041441-660,camper
20151415051449-943,camper
20151415071411-200,ranger
20151415091432-219,camper
20151415101444-292,transit
20151415111423-26,transit
20151415121445-482,camper
20151416011402-800,none
20151416011455-25,camper
20151416021430-997,transit
20151416031431-532,none
20151416071408-519,transit
20151416071434-670,none
20151416101425-25,camper
20151416101435-915,camper
20151417011439-309,camper
20151417021426-33,camper
20151417041407-785,none
20151417061411-139,transit
20151417081416-876,none
20151417101456-132,none
20151417121439-407,transit
20151418011429-5,transit
20151418011444-201,camper
20151418031439-550,transit
20151418061414-150,transit
20151418081449-951,transit
20151418111432-774,camper
20151419011449-17,transit
20151419011455-979,none
20151419101423-391,transit
20151419121435-102,camper
20151420011427-81,transit
20151420041411-431,none
20151420041437-875,camper
20151420041444-3,none
20151420051444-405,camper
20151420081404-970,transit
20151420111417-72,transit
20151420121410-632,transit
20151421011406-571,transit
20151421031443-290,camper
20151421111433-40,transit
20151422011417-46,camper
20151422011422-753,transit
20151422021441-456,none
20151422021453-376,camper
20151422031406-22,camper
20151422031438-466,transit
20151422061424-609,transit
20151422101430-872,camper
20151422111407-244,ranger
20151422121404-799,transit
20151423021404-449,ranger
20151423021424-22,transit
20151423031428-171,transit
20151423031454-508,transit
20151423051449-551,camper
20151423061421-949,camper
20151424011408-525,transit
20151424021410-748,camper
20151424041423-210,none
20151424041436-899,transit
20151424071402-400,transit
20151424081411-231,none
20151424121444-72,none
20151425031435-396,transit
20151425041400-114,transit
20151425061414-287,transit
20151425091411-178,transit
20151425091439-648,camper
20151425111443-882,camper
20151426021409-949,transit
20151426021410-715,camper
20151426021455-333,camper
20151426031438-668,none
20151426041435-874,transit
20151426061419-15,transit
20151426081431-759,none
20151426091421-412,camper
20151426091431-80,camper
20151426101457-965,transit
20151426111428-477,camper
20151426111436-939,transit
20151426111442-960,transit
20151427031411-974,camper
20151427061439-653,transit
20151427061444-918,transit
20151427081427-198,transit
20151427111436-22,ranger
20151428021436-718,transit
20151428031458-998,camper
20151428041421-928,transit
20151428061408-195,camper
20151428061409-269,camper
20151428061441-992,transit
20151428061449-768,transit
20151428081416-477,none
20151428101432-5,transit
20151428101435-596,transit
20151428111428-181,camper
20151429011429-339,ranger
20151429021418-221,transit
20151429041405-463,camper
20151429041423-652,none
20151429051412-750,camper
20151429081414-706,transit
20151429091426-986,camper
20151429091445-144,transit
20151429101404-982,none
20151429111451-30,camper
20151430011409-669,camper
20151430051448-37,transit
20151430081404-592,none
20151430091410-634,transit
20151430091428-176,transit
20151430101402-926,none
20151431011457-183,none
20151431021452-330,camper
20151431021459-538,transit
20151431041410-501,camper
20151431041454-898,transit
20151431051408-107,camper
20151431051447-636,transit
20151431071428-170,camper
20151431091410-195,transit
20151431101444-411,camper
20151431101453-835,none
20151431111405-813,camper
20151431121439-712,camper
20151501021548-648,camper
20151501031546-207,camper
20151501041501-974,transit
20151501041514-837,camper
20151501041530-577,camper
20151501051519-505,camper
20151501071532-943,camper
20151501081501-880,transit
20151501121556-124,transit
20151502011530-485,none
20151502021555-920,camper
20151502051516-710,transit
20151502081509-926,transit
20151502081513-909,none
20151502091514-362,ranger
20151502091530-848,none
20151502101538-958,camper
20151502111546-232,camper
20151502121502-816,camper
20151502121513-669,camper
20151503011524-795,camper
20151503031515-111,transit
20151503031528-614,none
20151503041535-262,camper
20151503041546-127,none
20151503071547-841,camper
20151503081552-98,camper
20151503081557-917,ranger
20151503091545-22,camper
20151503091550-577,transit
20151503101546-637,transit
20151503121511-512,none
20151504021515-769,transit
20151504021532-361,transit
20151504021557-531,camper
20151504061538-491,transit
20151504071559-733,camper
20151504091530-898,camper
20151504091532-80,none
20151504101514-576,none
20151504101541-20,transit
20151504111546-565,camper
20151504121551-199,transit
20151505021549-441,transit
20151505021556-896,camper
20151505031524-959,camper
20151505041552-201,camper
20151505101551-848,camper
20151506021546-159,transit
20151506031509-899,camper
20151506031520-642,camper
20151506031529-885,camper
20151506051559-40,none
20151506061507-556,transit
20151506071555-282,camper
20151506091506-255,camper
20151506091508-380,none
20151506111546-542,transit
20151507011530-88,camper
20151507021521-535,transit
20151507031539-411,camper
20151507041507-522,transit
20151507041515-490,camper
20151507051530-305,camper
20151507091534-24,transit
20151507101514-517,transit
20151507101527-978,none
20151508101502-435,none
20151508101555-94,transit
20151508111538-586,none
20151509011505-265,transit
20151509021518-470,transit
20151509021544-252,none
20151509051511-166,none
20151509061529-73,none
20151509081503-433,camper
20151509091525-370,transit
20151510011521-553,transit
20151510021521-830,transit
20151510031519-222,camper
20151510051515-843,none
20151510051559-717,camper
20151510061538-984,none
20151510081533-93,transit
20151510081555-297,camper
20151510101519-368,ranger
20151510101536-354,camper
20151510111548-270,transit
20151510111553-177,transit
20151510111556-634,none
20151510121543-670,camper
20151511021500-100,transit
20151511021550-3,transit
20151511041558-368,camper
20151511051548-374,none
20151511061503-898,camper
20151511071529-602,camper
20151511081530-342,camper
20151511091506-577,transit
20151511111500-654,camper
20151512011521-735,camper
20151512071504-236,transit
20151512071514-384,transit
20151512111517-621,camper
20151512121530-448,none
20151513021519-235,transit
20151513021550-110,none
20151513031531-524,transit
20151513031558-201,transit
20151513041529-826,camper
20151513101517-292,none
20151513101527-164,transit
20151514031512-498,camper
20151514031521-506,transit
20151514091533-555,camper
20151514111514-132,camper
20151514111535-583,camper
20151514111539-957,camper
20151514111543-543,transit
20151514121511-340,camper
20151514121556-537,ranger
20151515021534-406,camper
20151515031550-326,ranger
20151515041521-240,none
20151515041526-196,camper
20151515051510-708,transit
20151515051521-888,camper
20151515081555-958,camper
20151515091504-639,transit
20151515101530-226,none
20151515101532-244,transit
20151515101538-806,camper
20151515111523-394,transit
20151516011512-70,camper
20151516021538-697,transit
20151516041514-25,camper
20151516041547-191,transit
20151516071503-790,transit
20151516081531-772,none
20151516091544-909,transit
20151516101554-769,none
20151516121541-394,transit
20151517021543-275,none
20151517041512-160,none
20151517081557-258,camper
20151517101525-353,transit
20151518011531-224,camper
20151518011542-627,camper
20151518031527-459,camper
20151518041531-923,camper
20151518051513-233,none
20151518051530-830,camper
20151518051538-141,transit
20151518061551-586,camper
20151518071528-59,none
20151518111514-302,transit
20151518111558-749,camper
20151518121552-662,transit
20151518121553-489,transit
20151519021534-355,camper
20151519021535-125,transit
20151519021549-725,transit
20151519071503-464,transit
20151519091517-222,transit
20151520021556-881,transit
20151520041535-563,camper
20151520061516-982,camper
20151520091516-280,none
20151520101518-905,camper
20151520101518-94,camper
20151521011536-810,camper
20151521011559-569,camper
20151521021503-834,camper
20151521021511-720,camper
20151521021518-235,transit
20151521021558-556,transit
20151521031525-991,camper
20151521051522-169,camper
20151521051524-864,camper
20151521061533-537,ranger
20151521091522-548,none
20151521111559-556,camper
20151521121533-656,camper
20151522021556-961,transit
20151522041501-365,camper
20151522041530-157,ranger
20151522041532-575,transit
20151522041555-163,ranger
20151522051555-293,camper
20151522061542-891,camper
20151522061557-382,none
20151522081515-994,camper
20151522081519-492,camper
20151522091552-607,none
20151522091559-339,camper
20151522101505-183,ranger
20151523031533-237,camper
20151523051503-870,transit
20151523061521-500,camper
20151523091527-511,camper
20151523091548-948,camper
20151523091554-835,transit
20151523101503-652,transit
20151523101517-447,none
20151523111534-260,transit
20151524021516-801,none
20151524031523-535,ranger
20151524081541-90,transit
20151524111501-63,transit
20151524111520-882,transit
20151524111544-557,transit
20151524121519-784,none
20151525031501-300,transit
20151525031532-107,camper
20151525051529-770,transit
20151525101516-848,camper
20151525111508-450,transit
20151526051501-87,camper
20151526051513-980,camper
20151526061504-680,camper
20151526081503-628,camper
20151526081527-704,camper
20151526091530-569,camper
20151527051554-345,none
20151527061554-681,transit
20151527071503-446,ranger
20151527071538-603,none
20151527081514-392,camper
20151527101514-475,ranger
20151527121503-789,transit
20151528021553-459,transit
20151528041551-821,camper
20151528061507-602,transit
20151528061539-192,camper
20151528071513-888,camper
20151528111524-130,transit
20151529031505-215,camper
20151529051506-307,camper
20151529051508-917,camper
20151529071539-841,transit
20151529081504-641,none
20151530031532-48,camper
20151530051543-867,camper
20151531021539-858,camper
20151531031549-230,camper
20151531051542-14,none
20151531051542-946,camper
20151531091529-683,transit
20151531111510-701,none
20151601021656-196,transit
20151601031629-649,transit
20151601031635-401,camper
20151601031653-102,camper
20151601041600-94,none
20151601051643-543,transit
20151601071610-352,none
20151601101604-955,camper
20151601101614-646,transit
20151602021614-218,camper
20151602031635-816,camper
20151602031658-446,camper
20151602061643-167,none
20151602071621-654,transit
20151602071627-36,transit
20151602091615-940,none
20151602101636-583,transit
20151602121624-797,camper
20151602121645-871,none
20151603031651-532,transit
20151603041648-438,none
20151603041648-814,none
20151603051629-978,camper
20151603061611-545,none
20151603061640-724,camper
20151603061654-187,camper
20151603101648-227,none
20151604011635-266,camper
20151604021625-197,none
20151604031616-721,camper
20151604041618-562,transit
20151604081602-122,ranger
20151604081612-669,camper
20151604091656-972,camper
20151604111624-415,none
20151605061605-159,transit
20151605071639-764,transit
20151605081652-828,none
20151605091611-743,transit
20151606021642-600,none
20151606031633-30,transit
20151606031654-707,none
20151606071628-927,transit
20151606081628-560,camper
20151606091653-198,none
20151606101600-597,transit
20151607011652-132,camper
20151607031638-902,none
20151607041603-377,none
20151607051607-228,none
20151607061603-978,transit
20151607061640-872,camper
20151607071627-500,camper
20151607081638-405,none
20151608011609-774,transit
20151608051630-185,none
20151608061603-479,camper
20151608091658-472,camper
20151608111612-218,none
20151609011606-651,transit
20151609011626-759,camper
20151609061625-849,transit
20151609081657-851,transit
20151609111645-563,transit
20151610011624-428,transit
20151610031632-225,none
20151610051648-803,camper
20151610081616-401,transit
20151610081659-443,none
20151611051619-74,camper
20151611051647-681,transit
20151611061644-777,transit
20151611071602-941,transit
20151611081603-412,camper
20151611081647-123,transit
20151611101618-274,none
20151611101618-605,transit
20151611111649-796,camper
20151611121645-733,transit
20151612031639-61,camper
20151612041658-450,none
20151612061616-167,transit
20151612061624-150,camper
20151612061633-319,transit
20151612071620-287,transit
20151612081618-367,transit
20151612081630-430,camper
20151612101618-908,camper
20151612121604-72,none
20151612121615-643,transit
20151612121629-412,transit
20151612121658-752,camper
20151613011610-242,transit
20151613011638-124,transit
20151613021630-650,transit
20151613031640-694,camper
20151613061633-182,transit
20151613061634-340,camper
20151613071616-304,transit
20151613091621-285,none
20151613091635-490,transit
20151613111653-93,camper
20151614011644-131,transit
20151614011649-199,none
20151614051608-921,none
20151614061628-86,transit
20151614071608-934,camper
20151614071616-110,camper
20151614091646-956,camper
20151614121612-952,camper
20151615011608-528,camper
20151615031620-662,transit
20151615061625-429,camper
20151616021636-386,camper
20151616051638-682,transit
20151616061611-647,none
20151616071624-579,transit
20151616071648-361,transit
20151616091623-588,camper
20151616091632-393,ranger
20151616101657-764,transit
20151616111617-168,transit
20151617011611-701,camper
20151617021605-748,camper
20151617021606-104,camper
20151617051603-789,camper
20151617071647-820,camper
20151617081652-70,camper
20151617101635-486,transit
20151617121648-62,none
20151618021648-198,camper
20151618051609-530,camper
20151618061607-618,transit
20151618071600-327,none
20151619021612-46,none
20151619061642-149,camper
20151619071622-794,camper
20151619081627-523,none
20151619091605-574,transit
20151619091608-327,camper
20151619091644-457,transit
20151619091658-670,camper
20151619111615-309,transit
20151619111656-337,camper
20151620061621-385,camper
20151620061659-448,camper
20151620081616-194,transit
20151620101652-108,camper
20151621011611-3,camper
20151621011631-58,camper
20151621021621-233,transit
20151621031610-102,ranger
20151621031648-283,camper
20151621041636-903,none
20151621041638-653,transit
20151621041656-716,transit
20151621071645-193,camper
20151621081613-981,transit
20151621081633-895,transit
20151621091605-465,camper
20151621111640-814,transit
20151621121625-608,camper
20151622031611-284,transit
20151622031619-590,transit
20151622041646-326,camper
20151622071609-320,camper
20151622071609-598,transit
20151622071620-348,none
20151622081618-495,camper
20151622101630-477,camper
20151622101656-331,camper
20151622111658-627,none
20151622121602-494,none
20151623031635-474,ranger
20151623031639-511,transit
20151623041622-269,camper
20151623041644-600,camper
20151623051636-911,camper
20151623061604-714,transit
20151623071615-935,camper
20151623091621-956,camper
20151623101605-757,transit
20151623111631-719,camper
20151623111635-221,transit
20151624021626-982,transit
20151624031658-684,camper
20151624051659-955,camper
20151624061651-753,camper
20151624071616-309,transit
20151624101641-279,camper
20151624121637-939,none
20151625011628-348,camper
20151625021614-449,camper
20151625021627-767,camper
20151625031626-950,camper
20151625041628-460,none
20151625041658-913,camper
20151625071637-666,transit
20151625081606-434,transit
20151625101651-52,camper
20151625121635-837,none
20151626021639-5,camper
20151626021659-342,transit
20151626061634-437,transit
20151626061648-946,camper
20151626071648-759,camper
20151626071649-847,transit
20151626121657-196,camper
20151627021611-237,none
20151627031600-619,transit
20151627061623-296,none
20151627081615-572,transit
20151627111655-590,camper
20151627121622-355,camper
20151628041640-401,none
20151628071608-385,camper
20151628111650-794,camper
20151629031626-475,transit
20151629051601-936,none
20151629061638-988,transit
20151629071612-80,transit
20151629071622-521,transit
20151629081640-992,none
20151629101604-17,camper
20151629101611-370,camper
20151629111604-526,transit
20151629121627-214,transit
20151629121653-371,transit
20151630031606-854,none
20151630041632-789,camper
20151630081603-922,camper
20151630081653-901,transit
20151630101656-555,transit
20151630121637-711,transit
20151630121648-874,transit
20151631011605-555,transit
20151631011622-538,none
20151631031602-96,camper
20151631041644-215,camper
20151701021704-457,none
20151701021715-940,transit
20151701061719-611,none
20151701071703-253,transit
20151701071741-626,camper
20151701091728-197,transit
20151701091730-48,camper
20151701101717-179,none
20151701101744-794,transit
20151701111705-969,transit
20151701111735-536,transit
20151701121719-196,transit
20151701121734-114,transit
20151701121746-803,camper
20151702031733-230,transit
20151703031712-494,none
20151703041708-748,transit
20151703041729-413,none
20151703071734-903,transit
20151703081723-858,camper
20151703081750-866,none
20151703101707-426,none
20151703121720-618,transit
20151703121746-96,transit
20151704011709-810,ranger
20151704021745-210,transit
20151704031734-414,transit
20151704041709-562,camper
20151704041733-844,camper
20151704051706-78,transit
20151704061733-850,camper
20151704071753-165,camper
20151704091740-106,camper
20151704111727-901,transit
20151704111744-144,none
20151705021700-731,transit
20151705031703-749,transit
20151705051728-150,transit
20151705061705-625,transit
20151705081717-385,camper
20151705081753-773,camper
20151705091722-67,camper
20151705111738-293,transit
20151706041715-288,none
20151706051739-382,transit
20151706071728-676,transit
20151706081728-645,transit
20151706101738-245,transit
20151706101742-248,none
20151706121739-14,transit
20151707041712-312,camper
20151707041752-71,transit
20151707051702-432,camper
20151707051709-188,camper
20151707051753-540,ranger
20151707061706-226,transit
20151707081739-907,none
20151707101746-939,transit
20151707111715-550,camper
20151708021738-621,camper
20151708041746-192,transit
20151708081720-837,transit
20151708101713-388,camper
20151708101735-197,none
20151708111710-843,ranger
20151708121705-165,transit
20151708121720-605,none
20151709031711-971,transit
20151709031747-775,transit
20151709071708-623,transit
20151709081703-888,camper
20151709091702-944,camper
20151709101723-830,transit
20151709101746-425,camper
20151709111713-199,transit
20151709111735-195,camper
20151709121709-263,transit
20151710021746-134,camper
20151710031722-962,camper
20151710041718-269,none
20151710051755-835,camper
20151710081734-100,none
20151710081736-544,camper
20151710081754-167,camper
20151710111713-168,camper
20151710121709-837,camper
20151711011732-63,camper
20151711021720-756,camper
20151711021723-592,none
20151711031713-662,none
20151711051741-464,transit
20151711061722-116,camper
20151711071703-72,camper
20151711081724-536,camper
20151711091708-973,none
20151711091716-66,transit
20151711101721-357,none
20151711111714-748,transit
20151712051721-6,camper
20151712061733-488,camper
20151712061745-29,camper
20151712081729-791,none
20151712081746-902,camper
20151712081751-931,none
20151712101734-998,transit
20151712111744-380,ranger
20151713011710-914,camper
20151713041735-900,transit
20151713061726-223,camper
20151713071733-979,camper
20151713081738-591,none
20151713081751-615,transit
20151713081752-56,transit
20151713111750-937,camper
20151714011753-328,transit
20151714021701-680,none
20151714031721-948,transit
20151714041736-450,transit
20151714061741-876,transit
20151714061754-756,camper
20151714071756-170,transit
20151714081717-477,camper
20151714101756-632,transit
20151715011755-827,transit
20151715021754-464,transit
20151715031713-676,none
20151715041752-244,transit
20151715071752-15,transit
20151715111719-318,camper
20151716011707-992,transit
20151716011720-984,transit
20151716021749-651,camper
20151716021752-994,transit
20151716051736-410,none
20151716071747-621,camper
20151716081718-203,transit
20151716081734-269,transit
20151716101753-304,camper
20151716121722-464,transit
20151717021725-292,camper
20151717051708-679,none
20151717051751-396,transit
20151717061717-630,camper
20151717061735-632,ranger
20151717071728-569,camper
20151717101752-508,camper
20151717111727-753,transit
20151717121704-659,camper
20151717121711-600,transit
20151718011738-309,transit
20151718051724-967,transit
20151718101744-247,transit
20151718121705-459,none
20151718121757-2,transit
20151719021722-253,none
20151719031705-396,camper
20151719041717-410,ranger
20151719041725-731,camper
20151719081739-523,transit
20151719111714-100,transit
20151720071710-178,transit
20151720081740-125,camper
20151720091715-120,camper
20151720091715-321,none
20151720101733-225,transit
20151720101759-16,transit
20151721031718-777,transit
20151721041729-734,camper
20151721091717-824,transit
20151721101734-95,transit
20151721111744-664,camper
20151722011714-504,transit
20151722021752-58,camper
20151722031711-894,none
20151722031720-165,transit
20151722051720-973,camper
20151722051724-428,camper
20151722061712-453,camper
20151722061721-346,none
20151722091759-375,camper
20151722101713-627,camper
20151722101732-165,camper
20151723021731-292,none
20151723021731-685,camper
20151723051709-947,camper
20151723051740-30,transit
20151723061708-6,none
20151723061732-246,transit
20151723091752-582,camper
20151723111733-148,none
20151724011744-503,none
20151724021705-148,camper
20151724031732-555,camper
20151724061714-521,camper
20151724081751-413,camper
20151724101727-825,none
20151724111708-22,transit
20151725011750-852,none
20151725031714-305,transit
20151725041726-478,camper
20151725061739-591,none
20151725071716-115,camper
20151725071728-305,none
20151725081732-573,transit
20151725091708-32,none
20151726051745-318,transit
20151726061723-136,none
20151726061756-646,camper
20151726071747-488,camper
20151726081706-525,transit
20151726101752-323,camper
20151726111704-117,camper
20151726121746-942,ranger
20151727021712-641,camper
20151727031721-626,transit
20151727081727-53,camper
20151727081750-912,camper
20151727091758-4,camper
20151727101705-938,none
20151727121710-316,none
20151727121757-443,camper
20151728041704-292,camper
20151728041726-55,ranger
20151728051728-164,camper
20151728061713-907,none
20151728071725-829,transit
20151728091731-964,transit
20151728101733-413,camper
20151728111711-22,camper
20151728111728-645,none
20151729021710-317,transit
20151729021748-498,camper
20151729031705-203,transit
20151729031712-712,transit
20151729051737-48,camper
20151729051759-488,camper
20151729071706-182,transit
20151729071748-127,camper
20151729091748-733,camper
20151729091750-316,none
20151729111740-777,transit
20151730011702-213,transit
20151730011708-691,camper
20151730041740-897,camper
20151730051712-404,none
20151730051757-753,transit
20151730061703-165,camper
20151730081700-38,camper
20151730091712-79,transit
20151730101720-508,none
20151730111746-390,none
20151730121753-539,transit
20151730121755-247,none
20151731021708-898,camper
20151731021746-364,camper
20151731051723-409,transit
20151731051740-917,camper
20151731061717-691,transit
20151731081719-311,none
20151731081743-297,transit
20151731111751-901,transit
20151731121701-28,transit
20151801021811-599,camper
20151801041821-719,camper
20151801061858-931,camper
20151801101817-469,transit
20151801111852-365,camper
20151801121803-31,none
20151802011838-551,none
20151802021816-771,none
20151802021836-315,camper
20151802061810-813,camper
20151802061824-89,none
20151802081806-394,none
20151802081849-562,transit
20151802091853-106,none
20151802101818-845,transit
20151802111847-191,transit
20151803011812-57,camper
20151803011833-787,transit
20151803121817-229,transit
20151804011800-928,ranger
20151804011822-374,none
20151804021836-532,camper
20151804041847-14,camper
20151804041847-645,camper
20151804051810-974,camper
20151804081815-5,transit
20151804081822-193,camper
20151804101823-786,transit
20151804111828-884,camper
20151805011802-318,transit
20151805011803-183,transit
20151805021821-858,none
20151805041820-109,transit
20151805061803-366,transit
20151805061831-133,camper
20151805071821-119,camper
20151805101809-893,camper
20151806021845-686,transit
20151806031803-709,transit
20151806081849-627,none
20151806091850-702,transit
20151806101819-946,camper
20151806101842-841,none
20151806101848-562,transit
20151806111855-965,none
20151806121802-559,none
20151807011805-599,none
20151807011836-906,none
20151807021839-992,transit
20151807031805-101,ranger
20151807041812-701,camper
20151807041826-31,camper
20151807051813-813,transit
20151807071804-850,none
20151807101827-295,camper
20151807111855-648,camper
20151807121828-117,camper
20151808021841-200,camper
20151808051800-604,camper
20151808051847-914,camper
20151808061832-769,none
20151808061856-318,transit
20151808071821-441,camper
20151808071834-232,camper
20151808091850-884,none
20151808101855-321,transit
20151808121849-986,camper
20151808121857-411,camper
20151809011826-129,none
20151809021827-599,transit
20151809051832-222,transit
20151809081807-728,none
20151809111800-66,camper
20151809121805-29,camper
20151810011827-158,none
20151810041830-866,transit
20151810051808-730,camper
20151810061830-545,camper
20151810071802-340,camper
20151810071816-403,transit
20151810091823-659,none
20151811021803-685,camper
20151811041814-115,camper
20151811041844-860,transit
20151811051833-890,camper
20151811071822-114,none
20151811071822-531,transit
20151811111834-290,none
20151812011836-943,camper
20151812021854-880,camper
20151812031807-51,camper
20151812041829-28,transit
20151812061805-214,camper
20151812081806-396,none
20151812081821-786,transit
20151812081835-734,camper
20151812081845-784,camper
20151813011856-888,none
20151813021824-408,camper
20151813031829-984,camper
20151813031843-852,camper
20151813061817-670,camper
20151813061849-608,transit
20151813091850-644,camper
20151813101843-73,camper
20151813111802-162,none
20151814011844-434,none
20151814011859-734,transit
20151814031806-332,none
20151814051808-820,camper
20151814051844-730,none
20151814061817-293,camper
20151814071826-934,camper
20151814071827-411,transit
20151814091820-723,camper
20151814091851-213,camper
20151814111839-294,transit
20151814121800-358,transit
20151815011803-120,transit
20151815011829-768,none
20151815041843-802,camper
20151815091854-333,camper
20151815101840-564,transit
20151815111847-510,none
20151816031811-238,camper
20151816051829-230,transit
20151816061843-103,camper
20151816081837-977,none
20151816121814-878,camper
20151817011850-621,camper
20151817021828-403,transit
20151817041849-523,camper
20151817051852-380,camper
20151817061809-267,transit
20151817061810-561,transit
20151817061821-681,transit
20151817081823-156,none
20151817091802-222,transit
20151818011809-113,transit
20151818041825-454,none
20151818051823-515,transit
20151818061805-850,none
20151818071851-924,camper
20151818081844-631,none
20151818101826-629,camper
20151818111807-529,transit
20151818111845-978,camper
20151819091842-213,camper
20151819121855-481,none
20151820021802-129,none
20151820041854-851,camper
20151820041859-498,transit
20151820051846-474,camper
20151820091811-842,camper
20151820101807-35,none
20151820101815-744,camper
20151820101849-472,camper
20151820101858-629,transit
20151820121856-831,transit
20151821011808-722,camper
20151821051837-55,camper
20151821071848-991,transit
20151821081800-795,camper
20151821091846-841,none
20151821101831-698,camper
20151821121835-92,transit
20151821121849-891,camper
20151821121857-283,transit
20151822031808-265,camper
20151822031835-962,camper
20151822051837-335,none
20151822091848-332,ranger
20151822101822-192,ranger
20151822101852-375,camper
20151822111805-247,camper
20151822111847-102,camper
20151822121805-387,transit
20151823021836-870,camper
20151823021849-447,transit
20151823021857-278,camper
20151823031815-439,camper
20151823031834-474,transit
20151823041807-23,camper
20151823051805-597,camper
20151823061817-803,none
20151823061853-546,camper
20151823061856-404,camper
20151823071817-774,none
20151823071855-858,camper
20151823071859-707,none
20151823081833-359,camper
20151823091825-767,transit
20151823101829-571,transit
20151823111804-965,none
20151823111806-134,none
20151824041829-872,camper
20151824051853-291,camper
20151824061812-152,none
20151824091842-811,none
20151824101801-394,transit
20151824101808-298,camper
20151824101814-266,none
20151824101840-224,camper
20151824121833-994,camper
20151824121846-361,camper
20151825021808-12,transit
20151825021809-902,ranger
20151825051820-653,camper
20151825061809-937,camper
20151825091848-82,camper
20151826011805-225,camper
20151826021816-332,camper
20151826021834-846,transit
20151826041854-598,camper
20151826061830-136,none
20151826061834-832,transit
20151826071840-796,none
20151826071854-437,camper
20151826091818-219,camper
20151826121830-361,camper
20151827041851-202,transit
20151827051836-685,none
20151827071839-305,ranger
20151827081812-463,camper
20151827101816-863,transit
20151827111830-164,none
20151828051857-513,camper
20151828081852-46,transit
20151828091820-860,none
20151828101809-77,transit
20151828111807-243,transit
20151828111836-799,camper
20151828121813-861,ranger
20151828121825-783,transit
20151829011833-716,camper
20151829031841-687,transit
20151829041813-309,none
20151829051813-994,none
20151829061839-838,camper
20151829071820-420,camper
20151830011835-305,transit
20151830041830-664,none
20151830101821-342,transit
20151831031802-159,transit
20151831031814-695,transit
20151831031858-297,none
20151831091817-112,transit
20151831091834-417,transit
20151831111851-513,transit
20151901051952-926,none
20151901091942-196,camper
20151901101926-562,camper
20151901111939-390,transit
20151901121916-849,transit
20151902011959-320,camper
20151902061935-596,camper
20151902071923-16,transit
20151902091944-855,camper
20151902111913-640,camper
20151903011927-520,transit
20151903071934-939,camper
20151903081951-26,transit
20151903101941-31,camper
20151904021905-805,camper
20151904031922-896,none
20151904031931-289,ranger
20151904071915-758,camper
20151904081956-11,transit
20151904091914-101,transit
20151904111928-259,transit
20151905021902-720,ranger
20151905031941-21,none
20151905031943-670,transit
20151905031957-601,camper
20151905041959-420,camper
20151905081937-688,camper
20151905081950-152,none
20151905101914-783,transit
20151905111924-469,camper
20151905111946-116,transit
20151905121909-811,transit
20151905121953-588,transit
20151906011943-68,camper
20151906021921-296,transit
20151906061932-564,camper
20151906111908-145,none
20151906111912-427,none
20151906111948-740,transit
20151907011912-142,camper
20151907011919-265,camper
20151907011937-909,camper
20151907021947-595,camper
20151907041937-152,none
20151907071951-454,transit
20151907071959-817,transit
20151907121926-813,camper
20151907121952-624,transit
20151908021930-514,ranger
20151908071935-977,camper
20151908081906-600,transit
20151908101959-975,transit
20151908111910-929,camper
20151908111917-937,transit
20151909021907-531,camper
20151909021950-190,transit
20151909031933-337,none
20151909041905-738,none
20151909051914-299,camper
20151909121920-811,transit
20151910031909-576,camper
20151910031914-568,camper
20151910031946-343,none
20151910041931-214,camper
20151910071900-983,none
20151910081922-106,ranger
20151910111953-81,camper
20151911021956-775,camper
20151911031933-491,camper
20151911041901-689,camper
20151911051900-484,camper
20151911071935-373,transit
20151911091902-88,camper
20151911101926-758,transit
20151911121920-18,transit
20151912021956-535,ranger
20151912031911-728,transit
20151912051921-419,transit
20151912061915-319,camper
20151912101918-236,transit
20151912111905-652,camper
20151913041937-986,transit
20151913061921-545,camper
20151913061938-878,camper
20151913061940-47,transit
20151913081937-645,none
20151913091934-158,camper
20151913121932-661,camper
20151914011913-652,camper
20151914041904-182,camper
20151914041953-619,camper
20151914041956-918,transit
20151914061910-935,transit
20151914061926-422,none
20151914071914-273,transit
20151914071955-759,transit
20151914081920-478,transit
20151914081957-769,camper
20151914091930-771,transit
20151914101910-853,camper
20151914121939-186,transit
20151914121950-965,ranger
20151915011952-249,ranger
20151915021949-470,camper
20151915031912-378,transit
20151915061937-761,transit
20151915081938-889,none
20151915101951-61,transit
20151915121901-407,none
20151916021928-359,camper
20151916021948-82,transit
20151916041922-337,transit
20151916051959-441,transit
20151916071925-106,transit
20151916101912-704,camper
20151916121948-362,transit
20151917021942-480,transit
20151917031922-592,none
20151917051906-622,camper
20151917061916-418,transit
20151917071938-502,camper
20151917071946-6,none
20151917081946-182,transit
20151918041903-926,none
20151918051942-906,transit
20151918061901-392,camper
20151918081919-401,transit
20151918121904-219,ranger
20151918121925-121,transit
20151918121956-963,transit
20151919011904-725,camper
20151919051903-993,camper
20151919051957-409,camper
20151919061903-547,camper
20151919061928-62,camper
20151919101921-640,ranger
20151919111949-73,transit
20151920021905-866,transit
20151920071917-939,transit
20151920071921-393,transit
20151920081908-214,camper
20151920081921-606,camper
20151920081925-771,none
20151920091934-950,camper
20151920101907-951,camper
20151920101933-665,camper
20151920111927-365,transit
20151920121938-201,transit
20151921011955-232,ranger
20151921021945-394,camper
20151921031910-882,none
20151921041950-16,transit
20151921051948-603,camper
20151921101957-599,none
20151921111901-566,transit
20151921121946-323,transit
20151921121956-754,camper
20151922011955-294,transit
20151922021917-221,transit
20151922061928-554,transit
20151922121924-722,transit
20151922121927-280,camper
20151923021910-701,none
20151923021929-242,none
20151923021930-519,transit
20151923031906-862,ranger
20151923031917-617,camper
20151923041923-108,camper
20151923061919-668,transit
20151923081949-365,transit
20151923081953-802,transit
20151923091943-286,transit
20151923091956-585,none
20151923101911-212,transit
20151923121906-266,camper
20151924031912-639,none
20151924031939-418,transit
20151924051901-835,camper
20151924051922-114,camper
20151924061907-803,camper
20151924061911-225,camper
20151924061918-27,camper
20151924061922-35,camper
20151924091906-140,camper
20151924091930-39,camper
20151924091933-831,none
20151925041908-320,camper
20151925041955-821,transit
20151925081952-428,ranger
20151925091930-54,transit
20151925101910-391,camper
20151925101914-161,transit
20151925121903-537,transit
20151925121956-815,none
20151926021908-693,none
20151926031910-11,ranger
20151926031950-628,camper
20151926041922-655,camper
20151926071922-379,none
20151926071934-564,camper
20151926091952-816,camper
20151926111900-51,none
20151926111938-520,none
20151927031903-610,transit
20151927041904-297,camper
20151927071926-369,camper
20151927081907-93,camper
20151927081931-982,transit
20151927081956-902,transit
20151927091931-941,none
20151927091933-395,transit
20151927091933-671,camper
20151927101928-443,camper
20151927111958-830,transit
20151927121927-686,camper
20151927121958-989,transit
20151928041922-215,camper
20151928051902-637,ranger
20151928081935-515,camper
20151928111950-380,none
20151928121941-484,camper
20151929021932-254,camper
20151929031948-686,camper
20151929041915-557,transit
20151929041918-859,transit
20151929051927-102,camper
20151929081907-753,camper
20151929091952-892,transit
20151929101959-58,camper
20151929111950-538,none
20151929111950-606,camper
20151929111952-130,camper
20151929121931-462,ranger
20151930101920-522,transit
20151930111905-986,transit
20151930121913-276,camper
20151931021927-541,camper
20151931031941-864,camper
20151931091954-384,transit
20152001012016-668,camper
20152001012059-836,camper
20152001022003-999,camper
20152001022009-663,transit
20152001062007-946,transit
20152001072036-614,camper
20152001072049-523,none
20152001102004-765,none
20152001112015-415,none
20152001122012-967,camper
20152002042015-193,camper
20152002042050-85,none
20152002052014-699,transit
20152002072012-873,none
20152003032042-905,transit
20152003052057-12,transit
20152003072025-143,none
20152003072035-315,transit
20152003082017-547,none
20152003092021-29,transit
20152003102027-431,camper
20152003112040-99,camper
20152004012053-387,camper
20152004042018-896,camper
20152004052023-951,transit
20152004062054-876,camper
20152004072035-991,camper
20152004082011-358,camper
20152004092005-697,camper
20152004092050-666,none
20152004102006-373,none
20152004102015-754,camper
20152004112004-471,transit
20152004112056-852,camper
20152004122028-933,camper
20152005042050-261,camper
20152005062002-300,transit
20152005072030-649,transit
20152005072043-432,none
20152005072047-527,camper
20152005082000-73,none
20152005082009-82,camper
20152005092011-809,camper
20152005092047-998,camper
20152005092056-151,camper
20152005102037-864,camper
20152005112002-104,transit
20152006012006-635,transit
20152006022021-160,none
20152006022056-25,transit
20152006062007-464,camper
20152006062054-938,transit
20152006072036-68,camper
20152006072056-763,none
20152006092015-248,none
20152007032057-494,camper
20152007042003-474,ranger
20152007052008-382,transit
20152007072002-889,none
20152007102018-450,camper
20152007102021-84,transit
20152007102054-496,transit
20152008022034-837,none
20152008042053-423,camper
20152008052017-725,transit
20152008052025-846,camper
20152008082026-609,transit
20152008082056-988,camper
20152008092016-464,none
20152008092020-195,camper
20152008092051-845,camper
20152008102034-994,camper
20152008112057-368,transit
20152008122048-941,transit
20152009012021-870,none
20152009012039-59,none
20152009022052-994,camper
20152009032045-131,camper
20152009052035-476,transit
20152009082025-752,camper
20152009082034-820,none
20152009082046-820,camper
20152009102043-757,none
20152010012044-386,camper
20152010022051-412,camper
20152010042022-478,ranger
20152010052002-468,transit
20152010062025-164,none
20152010062058-60,camper
20152010082008-538,transit
20152010122043-411,transit
20152011022004-669,transit
20152011032031-380,none
20152011032039-149,camper
20152011052058-197,ranger
20152011082050-49,ranger
20152011112014-924,transit
20152011112059-543,transit
20152012012031-178,camper
20152012032004-676,transit
20152012032040-682,camper
20152012032058-382,camper
20152012032058-971,camper
20152012042036-344,camper
20152012052013-433,none
20152012062013-357,transit
20152012092008-483,camper
20152012092025-317,none
20152012102038-771,none
20152012102044-576,camper
20152012112014-685,ranger
20152012122004-665,transit
20152012122057-909,camper
20152013012002-670,transit
20152013012003-538,transit
20152013012056-517,transit
20152013022024-503,ranger
20152013022050-898,transit
20152013022053-492,camper
20152013052027-811,camper
20152013072042-964,transit
20152013102004-55,camper
20152013122033-895,transit
20152014022005-721,transit
20152014022023-745,none
20152014052009-210,camper
20152014052022-884,transit
20152014092002-743,transit
20152014122034-385,camper
20152015052049-423,transit
20152015062052-234,transit
20152015062055-237,transit
20152015082002-228,transit
20152015102051-234,transit
20152015102054-215,camper
20152015112047-306,transit
20152015112055-777,camper
20152016012038-49,camper
20152016062004-516,camper
20152016062014-930,none
20152016062049-74,transit
20152016092004-862,camper
20152016092054-684,none
20152016102045-529,none
20152016122046-228,none
20152017012005-964,transit
20152017012016-482,ranger
20152017012017-5,camper
20152017032012-413,transit
20152017042002-599,transit
20152017062040-345,ranger
20152017072059-593,transit
20152017102041-706,camper
20152018032036-787,none
20152018042030-736,none
20152018052046-592,camper
20152018072024-196,camper
20152018102004-940,camper
20152018112009-327,ranger
20152019032022-390,transit
20152019042030-375,none
20152019052023-769,camper
20152019082054-582,camper
20152019112015-444,camper
20152019112039-171,transit
20152020022040-275,transit
20152020042020-267,camper
20152020052000-192,transit
20152020062024-190,camper
20152020062041-92,camper
20152020082009-580,none
20152020102022-689,none
20152020112001-368,none
20152021022018-760,transit
20152021032045-534,ranger
20152021052037-513,camper
20152021062015-573,ranger
20152021062038-745,camper
20152021072025-898,transit
20152021072036-530,camper
20152021082039-914,transit
20152021102028-185,transit
20152021102031-370,transit
20152021102039-123,transit
20152022032029-340,camper
20152022042021-344,transit
20152022042045-117,none
20152022042050-514,none
20152022062035-937,transit
20152022072038-781,none
20152022082028-22,camper
20152023012018-442,transit
20152023022026-39,camper
20152023022034-542,transit
20152023042040-26,camper
20152023072028-613,transit
20152023092003-863,ranger
20152023122039-382,camper
20152023122044-94,transit
20152024032005-799,camper
20152024062006-883,camper
20152024062034-670,none
20152024102003-127,transit
20152024122033-3,none
20152024122045-512,none
20152025032000-169,transit
20152025032001-383,transit
20152025032033-74,camper
20152025052053-433,camper
20152025062036-525,camper
20152025112000-919,ranger
20152026012040-215,none
20152026032002-925,none
20152026042046-888,none
20152026042055-270,camper
20152026062048-507,transit
20152026112029-817,camper
20152026122051-203,transit
20152026122051-313,none
20152027022010-274,transit
20152027022025-727,none
20152027032011-806,camper
20152027032045-214,none
20152027042059-327,camper
20152027052026-10,camper
20152027062003-395,camper
20152027062057-241,camper
20152027072040-298,camper
20152027092015-55,transit
20152027102031-111,camper
20152027112018-673,transit
20152027112040-21,camper
20152027122000-634,camper
20152027122002-456,transit
20152028022013-691,camper
20152028022026-682,transit
20152028032002-960,transit
20152028032005-469,camper
20152028032039-983,transit
20152028052035-302,transit
20152028062019-42,transit
20152028062056-368,camper
20152028072036-773,camper
20152028072051-354,camper
20152028082032-230,transit
20152028092023-256,transit
20152028092031-391,camper
20152028092038-611,transit
20152028112022-449,camper
20152028122013-334,transit
20152028122015-955,none
20152029032000-947,transit
20152029032021-43,transit
20152029062057-873,transit
20152029072047-181,none
20152029102006-584,camper
20152029102047-483,transit
20152030012007-560,none
20152030022022-687,camper
20152030032003-941,none
20152030032023-389,none
20152030032040-454,transit
20152030032051-557,camper
20152030042019-172,camper
20152030052037-191,transit
20152030052046-858,transit
20152030062014-252,camper
20152030072021-992,none
20152030072048-614,transit
20152030082014-756,none
20152030082047-827,camper
20152030102012-63,camper
20152030102013-17,transit
20152030112000-524,camper
20152030112009-638,camper
20152030112039-826,transit
20152030112054-705,transit
20152031012013-428,transit
20152031012019-297,transit
20152031032030-321,transit
20152031042004-676,camper
20152031072019-442,none
20152031072030-847,transit
20152031082031-756,camper
20152031082042-902,none
20152031092023-767,transit
20152031092032-480,transit
20152031092038-925,camper
20152031102058-485,camper
20152031112006-199,camper
20152031112032-226,transit
20152101012104-141,camper
20152101032137-838,transit
20152101042112-684,none
20152101042140-726,ranger
20152101062116-767,transit
20152101072110-270,camper
20152101082118-96,none
20152101082156-552,none
20152101112137-263,transit
20152101122110-544,camper
20152102052137-1,transit
20152102052154-22,camper
20152102062100-389,camper
20152102082141-406,transit
20152102082141-663,camper
20152102092158-227,ranger
20152102102155-887,camper
20152102122135-146,camper
20152103042134-429,camper
20152104022149-431,transit
20152104032137-992,camper
20152104052130-587,camper
20152104052135-110,ranger
20152104062136-136,transit
20152104062155-634,transit
20152104072125-25,transit
20152104072145-815,camper
20152105022116-926,transit
20152105032151-320,transit
20152105042140-626,none
20152105052107-972,transit
20152105062116-886,none
20152105062125-369,camper
20152105062151-555,camper
20152105082117-380,none
20152105082127-520,transit
20152106012143-868,transit
20152106022121-157,transit
20152106022153-516,transit
20152106032107-288,transit
20152106052153-239,transit
20152106052156-327,camper
20152106072125-599,transit
20152106092141-219,camper
20152106092143-261,camper
20152106102137-170,transit
20152106112106-841,none
20152107012141-170,none
20152107032156-241,camper
20152107042129-901,transit
20152107042148-742,camper
20152107072119-673,ranger
20152107072157-137,camper
20152107122136-16,transit
20152108032121-509,transit
20152108052101-440,camper
20152108062110-956,none
20152108072126-110,transit
20152108102127-205,transit
20152108122142-303,camper
20152109022102-894,camper
20152109052119-324,camper
20152109052153-334,camper
20152109062104-583,camper
20152109072151-681,camper
20152109122133-121,transit
20152110012138-982,transit
20152110052113-363,transit
20152110062151-834,transit
20152110062154-762,transit
20152110112126-721,transit
20152110122123-407,transit
20152110122153-299,transit
20152111092100-400,none
20152111122136-527,camper
20152112022147-274,camper
20152112022158-529,none
20152112052153-188,none
20152112062125-25,transit
20152112122156-641,camper
20152113012118-334,transit
20152113032105-810,transit
20152113032146-740,transit
20152113062104-747,camper
20152113072113-341,camper
20152113082134-379,transit
20152113092153-515,camper
20152113112105-375,transit
20152113112111-474,camper
20152113122117-126,none
20152113122131-405,transit
20152114012137-37,camper
20152114022149-636,camper
20152114052147-25,camper
20152114062127-937,none
20152114062143-72,camper
20152114062155-626,transit
20152114082104-58,transit
20152114092105-596,none
20152114092152-64,none
20152114092153-665,none
20152115022106-782,camper
20152115022112-484,transit
20152115022139-792,none
20152115032120-829,camper
20152115052114-277,camper
20152115052144-891,transit
20152115072114-129,camper
20152115082118-322,transit
20152115112117-209,none
20152115122135-105,camper
20152115122151-22,transit
20152116012117-783,camper
20152116012154-321,transit
20152116022122-905,camper
20152116032136-119,transit
20152116052127-688,camper
20152117012105-319,camper
20152117022134-310,transit
20152117022136-22,camper
20152117022138-506,none
20152117032144-298,camper
20152117032153-479,transit
20152117082147-620,transit
20152117102116-550,transit
20152117102125-801,transit
20152117102148-715,transit
20152117112144-981,none
20152118012111-932,none
20152118012158-789,none
20152118022105-958,camper
20152118022130-931,none
20152118032137-233,camper
20152118042118-402,camper
20152118042132-912,transit
20152118062116-871,none
20152118062119-213,transit
20152118072137-646,camper
20152118082127-664,camper
20152118102115-982,transit
20152118102155-426,none
20152118112126-133,transit
20152119012112-241,camper
20152119012122-41,none
20152119022156-795,camper
20152119042123-730,camper
20152119062102-718,camper
20152119062142-398,transit
20152119072136-180,camper
20152119072139-838,transit
20152119092102-380,camper
20152119092141-364,none
20152119112140-97,transit
20152119112147-519,camper
20152119122102-412,camper
20152120032107-809,camper
20152120032144-608,camper
20152120042149-770,camper
20152120042151-891,transit
20152120062113-208,transit
20152120062126-798,camper
20152120062137-97,none
20152120072110-350,camper
20152120072139-567,none
20152120082112-482,transit
20152120082123-322,none
20152120092115-393,ranger
20152120122138-42,camper
20152121012154-584,transit
20152121032108-158,transit
20152121052117-267,camper
20152121072132-648,transit
20152122032104-25,transit
20152122032147-219,none
20152122042102-592,camper
20152122082127-299,camper
20152122092109-795,none
20152122112149-266,transit
20152122122110-0,none
20152123012131-392,camper
20152123012154-34,camper
20152123012156-892,transit
20152123022116-269,transit
20152123022155-571,camper
20152123032134-92,camper
20152123052127-127,camper
20152123052153-48,transit
20152123082158-381,transit
20152123092102-183,transit
20152123092103-610,camper
20152123102144-807,camper
20152123112152-81,none
20152123112157-145,transit
20152123112158-667,transit
20152124032130-189,camper
20152124042144-877,transit
20152124042157-591,none
20152124062158-615,camper
20152124062158-997,transit
20152124092157-104,transit
20152124122113-381,camper
20152125012145-520,transit
20152125052113-381,camper
20152125062113-255,camper
20152125082143-910,none
20152125092114-567,camper
20152126012150-343,camper
20152126032100-410,camper
20152126032151-160,none
20152126062147-292,transit
20152126082127-586,none
20152126082136-831,none
20152126082136-879,transit
20152126092144-384,camper
20152126102142-711,camper
20152126102158-822,transit
20152126112132-235,camper
20152127022115-856,transit
20152127022147-128,transit
20152127072121-933,transit
20152127072145-488,transit
20152127092126-374,transit
20152127092127-236,none
20152127102149-247,camper
20152127122100-117,camper
20152128022142-203,ranger
20152128042140-763,camper
20152128062123-84,camper
20152128072158-862,camper
20152128082122-345,transit
20152128092124-904,camper
20152128102128-573,camper
20152128102134-587,transit
20152128122117-954,camper
20152129012109-280,camper
20152129052143-619,camper
20152129062158-608,none
20152129102109-855,camper
20152129102151-57,camper
20152130012150-571,ranger
20152130032113-173,camper
20152130042105-824,camper
20152130042117-481,transit
20152130052126-284,camper
20152130072111-229,camper
20152130082153-677,camper
20152130102130-760,camper
20152130122123-358,camper
20152131032135-392,transit
20152131042143-820,camper
20152131052130-113,camper
20152131052139-964,transit
20152131072114-536,camper
20152131082145-700,camper
20152201042213-827,camper
20152201042246-439,camper
20152201082225-621,camper
20152201102241-597,camper
20152201122209-900,none
20152202012218-44,transit
20152202022209-169,camper
20152202022250-564,none
20152202032222-714,ranger
20152202042207-865,transit
20152202052214-494,camper
20152202062209-615,none
20152202092258-284,camper
20152202102216-351,transit
20152202102234-147,ranger
20152202102255-946,camper
20152203012222-575,camper
20152203022240-717,none
20152203102251-393,transit
20152204012203-647,camper
20152204022256-24,none
20152204042231-872,transit
20152204042233-205,transit
20152204072237-355,transit
20152204092240-394,none
20152204122238-160,camper
20152204122249-309,ranger
20152205012225-120,none
20152205022233-507,camper
20152205052223-701,camper
20152205052244-453,camper
20152206032253-815,transit
20152206032259-605,camper
20152206042213-803,camper
20152206042215-304,none
20152206102200-278,transit
20152206102254-44,camper
20152206122234-137,none
20152207042208-551,camper
20152207052205-192,camper
20152207062203-49,transit
20152207062244-430,camper
20152207072213-862,camper
20152207082206-772,camper
20152207092241-349,transit
20152207112247-321,camper
20152207112251-309,transit
20152207122235-665,camper
20152207122249-225,camper
20152208012223-312,none
20152208012227-661,camper
20152208022208-434,none
20152208032247-227,camper
20152208042243-251,camper
20152208052219-435,camper
20152208062246-552,transit
20152208072205-212,none
20152208092238-312,ranger
20152208102214-315,none
20152208112234-845,camper
20152209012245-920,camper
20152209032232-843,none
20152209042237-129,none
20152209112200-277,transit
20152209112223-837,camper
20152209122210-562,camper
20152209122252-643,transit
20152210012222-457,none
20152210012245-940,transit
20152210022206-313,transit
20152210032211-174,camper
20152210052208-675,transit
20152210082219-476,transit
20152210082225-415,transit
20152210092239-278,none
20152210102209-548,none
20152210102259-455,transit
20152210112213-643,none
20152210112240-564,none
20152211012222-635,transit
20152211022237-502,camper
20152211032204-654,none
20152211042208-883,camper
20152211042210-394,camper
20152211042237-726,none
20152211042257-697,none
20152211072207-967,camper
20152211072240-895,camper
20152211072259-493,none
20152211092220-167,none
20152211102241-237,transit
20152211122236-998,camper
20152212012220-833,transit
20152212012249-243,camper
20152212042240-581,transit
20152212062218-105,none
20152212072218-389,none
20152212082224-705,transit
20152212092223-877,transit
20152212092229-313,ranger
20152212112239-676,camper
20152212112246-498,camper
20152212122210-842,none
20152213022222-988,transit
20152213052204-177,transit
20152213052231-459,none
20152213052248-272,camper
20152213062229-308,transit
20152213082239-249,none
20152213082245-237,transit
20152213092251-545,transit
20152213112203-206,transit
20152214052220-756,transit
20152214082229-840,ranger
20152214112227-822,none
20152215012241-906,transit
20152215012252-40,transit
20152215022221-833,camper
20152215052253-670,transit
20152215082220-506,camper
20152215082242-794,camper
20152215092206-481,camper
20152215092246-386,camper
20152215112213-245,ranger
20152215112254-271,none
20152215122235-485,camper
20152216022232-679,camper
20152216052222-777,transit
20152216082220-757,camper
20152216092258-194,none
20152216102203-558,camper
20152217012232-158,camper
20152217032234-627,camper
20152217052212-65,none
20152217052228-789,none
20152217062216-899,none
20152217062234-111,camper
20152217082258-420,transit
20152217092227-37,none
20152217112251-421,camper
20152218012209-123,camper
20152218032209-218,none
20152218042251-536,ranger
20152218052241-425,camper
20152218072255-716,camper
20152218102211-392,ranger
20152218112227-86,transit
20152218122205-541,camper
20152218122219-545,camper
20152219012207-18,camper
20152219022226-144,transit
20152219062237-780,none
20152219062245-400,transit
20152219092238-393,camper
20152219112242-277,camper
20152219122227-40,transit
20152219122244-561,ranger
20152220042220-374,camper
20152220052216-995,none
20152220062208-128,transit
20152220092213-786,camper
20152220102228-66,camper
20152220112252-143,camper
20152221042228-210,transit
20152221072217-797,camper
20152221082207-234,none
20152221092251-883,camper
20152221102210-862,camper
20152221122225-86,transit
20152222012249-468,camper
20152222022221-91,none
20152222022247-926,transit
20152222102227-126,none
20152223022255-149,transit
20152223042211-392,transit
20152223042218-412,transit
20152223052251-513,camper
20152223102215-972,transit
20152223122243-678,ranger
20152224012227-459,camper
20152224012238-864,transit
20152224022226-330,camper
20152224022249-336,transit
20152224062251-834,camper
20152224062254-484,transit
20152224092219-261,camper
20152225012231-425,camper
20152225022204-845,camper
20152225032231-526,none
20152225052226-588,none
20152225052227-856,transit
20152225052245-62,transit
20152225072221-988,transit
20152225082250-866,camper
20152225102215-515,transit
20152225122203-527,transit
20152225122214-61,none
20152226012202-158,transit
20152226032253-445,camper
20152226042225-392,none
20152226052247-507,transit
20152226062249-472,none
20152226092250-865,camper
20152226102230-122,transit
20152226112253-35,transit
20152226122251-984,camper
20152227012222-977,none
20152227022219-923,camper
20152227032213-640,transit
20152227032235-207,camper
20152227062255-337,camper
20152227062258-532,camper
20152227082212-733,transit
20152228012232-73,transit
20152228012256-73,camper
20152228052246-362,transit
20152228072238-733,transit
20152228072255-257,transit
20152228082226-837,transit
20152228092227-946,transit
20152228112223-26,camper
20152229012216-958,camper
20152229022224-672,camper
20152229042252-825,transit
20152229052214-773,camper
20152229062205-244,none
20152229062214-724,camper
20152229062218-697,transit
20152229062233-1,camper
20152229082208-930,transit
20152229082211-119,transit
20152229092222-160,camper
20152229102207-462,transit
20152230022207-391,transit
20152230022253-963,camper
20152230062207-827,transit
20152230072211-448,camper
20152230092210-527,transit
20152230102236-33,transit
20152230112213-138,transit
20152230122219-12,transit
20152230122233-577,camper
20152231032211-936,camper
20152231062202-976,ranger
20152231072249-788,camper
20152231082210-565,transit
20152231092234-568,camper
20152231092249-413,ranger
20152231122207-586,camper
20152231122245-86,transit
20152301012309-631,none
20152301012355-664,none
20152301022309-569,camper
20152301032339-982,camper
20152301032352-299,transit
20152301062342-475,transit
20152301112328-896,none
20152302012357-409,camper
20152302052353-71,camper
20152302082313-686,camper
20152302082355-364,transit
20152302112341-300,transit
20152302122333-628,camper
20152303022337-383,transit
20152303032328-493,camper
20152303042327-304,camper
20152303052305-443,camper
20152303052328-94,camper
20152303052342-816,transit
20152303082316-783,transit
20152303122300-503,transit
20152303122324-976,transit
20152303122355-921,transit
20152304012310-843,camper
20152304062326-36,camper
20152304062337-472,none
20152304082301-656,transit
20152304092306-366,camper
20152304102318-470,transit
20152304102334-555,camper
20152304112312-366,transit
20152305012336-61,camper
20152305022313-514,camper
20152305032346-176,transit
20152305042350-547,transit
20152305052333-803,camper
20152305052335-966,transit
20152305062305-421,none
20152305082333-92,transit
20152305082336-140,transit
20152305082340-588,none
20152305092306-830,transit
20152305092355-533,camper
20152305102359-381,transit
20152305112331-211,camper
20152306012327-196,transit
20152306012336-797,none
20152306052342-412,none
20152307032323-592,transit
20152307032337-327,camper
20152307032350-692,transit
20152307032352-90,transit
20152307042315-347,camper
20152307062331-61,transit
20152307102329-186,camper
20152307122306-159,camper
20152308022352-388,transit
20152308032332-748,camper
20152308032338-323,none
20152308042340-603,transit
20152308042350-143,ranger
20152308052309-408,transit
20152308052334-841,camper
20152308052350-291,transit
20152308062330-627,camper
20152308092357-115,transit
20152308112339-333,transit
20152309012303-904,none
20152309032337-465,none
20152309042301-368,camper
20152309042314-932,ranger
20152309042338-514,transit
20152309042350-396,camper
20152309052315-705,none
20152309052319-743,transit
20152309062306-178,transit
20152309062330-493,transit
20152309072326-14,none
20152309092303-862,camper
20152309122344-82,none
20152309122352-628,transit
20152310012300-960,transit
20152310012347-406,camper
20152310032333-876,camper
20152310032340-322,camper
20152310062330-670,none
20152310062340-347,camper
20152310072357-609,transit
20152310082337-650,camper
20152310122302-214,none
20152310122310-667,transit
20152310122331-147,transit
20152310122332-782,camper
20152310122351-816,camper
20152311042305-710,transit
20152311042309-856,none
20152311062307-732,transit
20152311062324-562,camper
20152311062341-163,none
20152311072310-506,transit
20152311072315-507,transit
20152311102311-455,camper
20152311102347-770,camper
20152311112310-680,none
20152311122311-487,transit
20152311122334-641,none
20152312032306-68,transit
20152312032319-646,camper
20152312032331-150,transit
20152312072343-139,transit
20152312092334-13,camper
20152312102355-589,transit
20152312112319-869,camper
20152312122312-603,camper
20152313012351-447,transit
20152313032302-271,camper
20152313042355-59,transit
20152313082337-923,transit
20152313082354-230,transit
20152313102357-845,camper
20152313112312-967,transit
20152313112315-738,transit
20152314022354-603,none
20152314062321-228,camper
20152314062351-552,camper
20152314072344-822,none
20152314082352-547,camper
20152314092359-912,transit
20152314112304-131,transit
20152315032358-764,transit
20152315072332-767,transit
20152315082333-104,transit
20152315092322-945,transit
20152315102309-132,camper
20152315102339-716,transit
20152315102354-941,camper
20152315112315-857,transit
20152315112350-62,transit
20152315122321-162,camper
20152316042323-34,transit
20152316042327-753,transit
20152316052346-175,camper
20152316062304-669,transit
20152317012342-801,camper
20152317012346-970,camper
20152317022307-38,transit
20152317022313-873,none
20152317022335-709,none
20152317032338-48,transit
20152317092314-52,camper
20152317102301-124,camper
20152317102350-322,transit
20152317122348-82,camper
20152318072357-176,camper
20152318082312-652,transit
20152318082352-750,transit
20152318082356-512,camper
20152318102340-546,camper
20152318122323-590,transit
20152318122332-895,transit
20152319012332-577,transit
20152319052345-291,transit
20152319052357-61,camper
20152319062326-778,transit
20152319062329-368,transit
20152319082350-281,camper
20152319092320-59,camper
20152319102320-697,none
20152319102327-675,transit
20152319102346-104,transit
20152319122309-722,none
20152320032305-961,transit
20152320042343-566,transit
20152320062307-304,transit
20152320082328-24,transit
20152320082347-537,none
20152320082354-550,camper
20152320122309-834,transit
20152321032356-54,camper
20152321052344-894,ranger
20152321082309-919,transit
20152322022322-987,transit
20152322022341-751,camper
20152322022358-505,none
20152322032311-486,none
20152322032341-450,camper
20152322042319-725,camper
20152322072348-123,camper
20152322082341-481,none
20152322092332-533,camper
20152322102328-907,transit
20152322112332-133,camper
20152323012334-36,none
20152323032339-44,camper
20152323042339-40,transit
20152323062321-314,none
20152323072326-280,transit
20152323072348-119,camper
20152323092311-855,transit
20152323112354-819,none
20152323122345-460,none
20152324022320-66,transit
20152324022327-190,transit
20152324042300-801,transit
20152324052315-848,transit
20152324062336-990,transit
20152324062346-315,none
20152324122302-106,transit
20152325012334-763,camper
20152325032338-563,camper
20152325042329-787,camper
20152325042351-815,transit
20152325062348-193,none
20152325092328-229,camper
20152325092351-461,none
20152326012317-940,camper
20152326062339-173,transit
20152326082325-308,camper
20152326092313-487,none
20152327042320-323,transit
20152327072313-908,transit
20152327072324-277,camper
20152327072350-759,none
20152327092353-670,camper
20152328042352-915,transit
20152328052331-12,transit
20152328052341-673,camper
20152328062340-570,transit
20152328082316-929,camper
20152328092339-933,none
20152328102355-953,camper
20152328112340-523,camper
20152328112352-194,camper
20152328122311-696,camper
20152329032334-147,camper
20152329032351-969,transit
20152329042336-445,ranger
20152329052335-690,camper
20152329062349-272,transit
20152329072302-894,camper
20152329082330-106,transit
20152329112318-793,none
20152330012336-951,transit
20152330032302-7,none
20152330072319-809,transit
20152330112320-637,camper
20152330112343-14,camper
20152330112343-461,camper
20152330122319-139,camper
20152331032358-34,camper
20152331062301-12,transit
20152331102327-0,camper
20152331112304-830,none
20152331112333-23,transit
20152401012401-945,transit
20152401042423-667,none
20152401042455-455,transit
20152401052435-718,transit
20152401082415-2,transit
20152401082424-321,camper
20152401092405-316,camper
20152402022405-673,transit
20152402022440-487,transit
20152402052415-950,none
20152402052446-631,none
20152402102451-539,transit
20152402112425-692,transit
20152403022431-861,transit
20152403072422-270,transit
20152403072422-587,none
20152403092415-182,none
20152403092450-889,transit
20152403092454-380,camper
20152403102434-408,camper
20152403122407-918,camper
20152403122411-987,transit
20152403122426-392,none
20152404012417-940,camper
20152404022405-329,camper
20152404022448-606,none
20152404042428-569,camper
20152404052454-27,ranger
20152404052454-43,camper
20152404072411-614,camper
20152405012441-733,transit
20152405022459-647,transit
20152405032406-480,none
20152405042448-474,camper
20152405052406-500,camper
20152405052429-339,transit
20152405052429-552,transit
20152405072434-384,transit
20152405072454-867,ranger
20152405082447-612,none
20152405092403-279,camper
20152405112431-324,none
20152405122407-516,camper
20152405122436-184,camper
20152406032402-937,transit
20152406062413-985,ranger
20152406062431-898,none
20152406112431-687,camper
20152407022444-628,camper
20152407072413-469,camper
20152407092408-902,transit
20152407112407-347,none
20152408032407-297,camper
20152408032428-524,camper
20152408052435-531,camper
20152408092417-963,none
20152408102406-549,camper
20152408102413-854,transit
20152408112419-449,none
20152408122403-570,camper
20152408122408-513,transit
20152408122413-113,ranger
20152409032441-824,camper
20152409072430-537,transit
20152409072455-322,transit
20152410022441-44,none
20152410052429-714,transit
20152410062418-384,none
20152410062442-798,transit
20152411022428-441,camper
20152411032440-684,camper
20152411062410-916,none
20152411082414-565,transit
20152411082436-105,camper
20152411112400-77,transit
20152411112403-168,camper
20152412032403-590,camper
20152412032434-101,camper
20152412052457-971,none
20152412072424-920,transit
20152412092409-540,camper
20152412102404-488,transit
20152412112444-843,transit
20152413022453-895,transit
20152413042403-986,camper
20152413082458-639,none
20152413092454-51,none
20152414012445-532,none
20152414012455-891,camper
20152414032433-552,transit
20152414062411-153,none
20152414072405-565,camper
20152414072427-544,transit
20152414102424-455,transit
20152414102459-200,camper
20152414112403-762,camper
20152414112449-719,transit
20152414122415-656,camper
20152414122458-225,none
20152415022421-459,transit
20152415032400-232,none
20152415032411-506,transit
20152415072428-134,none
20152415082432-673,camper
20152415082445-519,transit
20152415102404-680,camper
20152416012433-808,camper
20152416052437-776,transit
20152416072430-9,camper
20152416082403-649,transit
20152416092419-925,transit
20152416092443-318,camper
20152416102430-660,camper
20152416112439-676,none
20152417062433-543,camper
20152417072435-96,transit
20152417092440-18,transit
20152418032419-355,transit
20152418042404-126,none
20152418062402-211,ranger
20152418062431-881,transit
20152418062434-209,camper
20152418082406-450,transit
20152418082414-70,none
20152419022425-210,camper
20152419032446-621,transit
20152419032457-473,camper
20152419072451-481,transit
20152419082409-947,transit
20152419102424-497,camper
20152419112454-313,none
20152420022410-547,transit
20152420022419-264,camper
20152420032414-663,camper
20152420032437-451,transit
20152420042418-788,ranger
20152420092438-901,transit
20152420102431-623,ranger
20152420122408-685,camper
20152420122429-39,camper
20152420122455-320,transit
20152420122455-589,transit
20152421012429-950,transit
20152421022448-172,camper
20152421022459-684,transit
20152421032440-973,camper
20152421042448-292,none
20152421062416-977,camper
20152421072403-434,camper
20152421122448-609,camper
20152422012450-156,camper
20152422012456-587,transit
20152422022432-539,transit
20152422022446-473,transit
20152422042432-491,none
20152422072455-952,none
20152422092440-277,camper
20152422092444-139,transit
20152422112440-749,ranger
20152423022412-719,none
20152423052446-168,transit
20152423062407-315,transit
20152423072412-875,camper
20152423082429-73,camper
20152423092439-48,transit
20152423112402-763,none
20152423112459-17,none
20152424032429-194,camper
20152424042420-968,camper
20152424052443-578,none
20152424062413-508,camper
20152424062441-168,camper
20152424062452-330,camper
20152424072445-404,none
20152424092415-398,camper
20152424092432-500,transit
20152424092452-62,transit
20152424112431-241,transit
20152424112450-95,none
20152425022404-621,transit
20152425042429-767,none
20152425052441-935,none
20152425052447-406,transit
20152425092455-910,camper
20152425102452-494,transit
20152425112418-776,none
20152425122402-939,transit
20152426012406-588,transit
20152426012444-553,camper
20152426042443-801,none
20152426062419-163,transit
20152426062421-939,transit
20152426062434-212,camper
20152426082409-815,transit
20152426102420-898,transit
20152426112406-630,transit
20152426112411-28,ranger
20152427042457-76,camper
20152427052450-592,none
20152427082431-293,transit
20152427102437-384,none
20152427102449-480,transit
20152428012418-349,transit
20152428082416-736,transit
20152428092457-800,none
20152428112424-840,none
20152428112426-434,camper
20152429012447-906,camper
20152429032416-518,none
20152429062400-884,none
20152429072428-70,transit
20152429082415-229,transit
20152429092418-25,transit
20152430012427-9,transit
20152430012458-590,camper
20152430032437-581,camper
20152430072403-109,ranger
20152430092403-586,none
20152430092422-260,transit
20152430092456-841,transit
20152431022403-301,camper
20152431042401-601,transit
20152431042436-774,transit
20152431052426-912,transit
20152431062440-856,none
20152431082455-57,transit
20152431122444-914,camper
20152501012546-952,none
20152501012557-10,ranger
20152501022508-822,none
20152501032501-316,camper
20152501032517-581,camper
20152501042554-868,transit
20152501052505-264,transit
20152501052545-509,transit
20152501062522-694,camper
20152501072548-463,camper
20152501072557-71,transit
20152501082533-97,transit
20152501092548-592,none
20152501112519-331,none
20152502022556-609,transit
20152502052551-148,transit
20152502052558-440,none
20152502062553-799,camper
20152502092544-104,camper
20152502112508-357,transit
20152502112545-83,camper
20152503012502-560,transit
20152503032527-873,camper
20152503092511-223,transit
20152503122522-339,none
20152504042505-190,transit
20152504042522-96,camper
20152504062558-894,transit
20152504072503-198,camper
20152504082535-450,transit
20152504102511-329,camper
20152504102521-438,transit
20152504102537-658,camper
20152504102542-990,camper
20152504112551-431,camper
20152505042539-392,transit
20152505052550-320,camper
20152505062547-670,transit
20152505072520-878,none
20152505072542-147,none
20152505102515-978,camper
20152505102537-378,camper
20152505102539-470,camper
20152505122536-553,transit
20152506022558-327,ranger
20152506042502-26,transit
20152506042511-712,camper
20152506102551-352,none
20152506112538-503,transit
20152506122555-795,camper
20152507042510-272,transit
20152507042512-111,camper
20152507042513-559,transit
20152507042535-456,camper
20152507042553-806,camper
20152507052543-844,camper
20152507062510-527,none
20152507062525-949,transit
20152507072524-315,camper
20152507072529-237,transit
20152507082537-2,camper
20152508032527-438,camper
20152508052555-733,none
20152508062501-133,none
20152508072546-205,none
20152508082517-666,camper
20152508082544-654,none
20152508092527-156,transit
20152508092529-564,transit
20152508122539-888,transit
20152509022530-659,ranger
20152509052554-869,camper
20152509062517-713,transit
20152509072510-961,camper
20152509072520-737,camper
20152509072533-673,camper
20152509092558-706,camper
20152509102521-374,camper
20152509112544-291,camper
20152509112549-162,transit
20152509112558-632,transit
20152509122522-677,transit
20152510042538-641,transit
20152510092527-332,camper
20152510112541-380,none
20152511042559-219,transit
20152511052523-668,transit
20152511062558-155,transit
20152511072526-706,transit
20152511082550-104,none
20152511092509-781,transit
20152511102520-964,camper
20152511122515-404,transit
20152511122549-56,transit
20152512042530-460,camper
20152512052534-249,camper
20152512062542-417,camper
20152512062545-262,camper
20152512092555-343,none
20152512122535-411,ranger
20152513022510-403,transit
20152513042503-895,none
20152513062511-634,transit
20152513062528-584,camper
20152513092510-289,transit
20152513092510-818,camper
20152513092548-480,camper
20152513092550-113,camper
20152513102540-141,none
20152513102549-213,camper
20152513102558-161,camper
20152514012518-423,ranger
20152514072513-701,transit
20152514072525-135,camper
20152514082508-137,transit
20152514102555-759,camper
20152514122548-18,transit
20152515012542-655,camper
20152515012543-659,camper
20152515022543-461,transit
20152515022548-940,transit
20152515032502-467,none
20152515042526-374,none
20152515042527-388,none
20152515062540-976,camper
20152515082556-333,camper
20152515102520-183,none
20152515102557-50,none
20152515112517-831,camper
20152515112525-739,transit
20152515122543-890,transit
20152516012505-332,transit
20152516032549-968,transit
20152516042528-805,camper
20152516042540-669,transit
20152516052541-990,none
20152516072546-954,transit
20152516072549-566,camper
20152516082512-745,transit
20152516102554-495,transit
20152516122531-638,camper
20152517012505-445,transit
20152517012540-586,camper
20152517032501-916,camper
20152517042527-36,camper
20152517052550-256,transit
20152517072506-105,camper
20152517072521-921,transit
20152517072551-546,camper
20152517082542-792,transit
20152517082550-64,transit
20152517092529-612,camper
20152518012558-924,camper
20152518022508-403,none
20152518042537-745,camper
20152518072549-657,camper
20152518092508-778,transit
20152518102540-889,transit
20152518112549-926,camper
20152519022524-610,transit
20152519022555-673,transit
20152519042530-485,none
20152519042555-47,transit
20152519052551-298,camper
20152519062544-210,transit
20152519082511-770,camper
20152519102554-161,camper
20152519112516-176,none
20152520022515-874,camper
20152520032534-568,transit
20152520042545-155,camper
20152520062536-43,camper
20152520062540-431,ranger
20152520092520-405,camper
20152521022518-901,transit
20152521022555-359,none
20152521032508-395,none
20152521052513-445,transit
20152521052530-437,transit
20152521082513-203,transit
20152521082518-316,none
20152521082543-773,camper
20152521092506-969,transit
20152522012519-402,none
20152522052539-144,transit
20152522062502-870,transit
20152522062547-875,camper
20152522072536-373,ranger
20152522072551-380,camper
20152523012506-74,camper
20152523032526-775,camper
20152523042522-538,camper
20152523062510-74,camper
20152523082535-186,transit
20152523102537-132,transit
20152524012500-138,transit
20152524032503-334,camper
20152524032553-30,none
20152524042528-383,camper
20152524042552-114,transit
20152524042554-641,transit
20152524072545-996,camper
20152524082502-366,camper
20152524082521-737,none
20152524112511-940,transit
20152524122527-579,camper
20152525012508-370,transit
20152525012549-913,none
20152525032537-431,transit
20152525042516-108,none
20152525042519-381,camper
20152525042530-85,transit
20152525042535-195,none
20152525062542-225,transit
20152525062543-274,none
20152525082524-985,transit
20152525092541-151,transit
20152525102559-950,camper
20152526042506-542,none
20152526062530-151,none
20152526082520-23,camper
20152526122519-113,none
20152527022522-115,none
20152527022531-64,camper
20152527032543-8,transit
20152527032555-353,transit
20152527072503-929,camper
20152527092517-772,camper
20152527102521-92,camper
20152527102541-175,none
20152527102554-683,none
20152528012515-626,camper
20152528012520-453,none
20152528012542-188,camper
20152528022533-167,none
20152528052550-543,none
20152528092511-140,camper
20152528092556-30,camper
20152528102542-269,none
20152528112512-496,transit
20152529012515-597,none
20152529022528-642,camper
20152529032522-874,none
20152529032542-292,ranger
20152529032546-113,transit
20152529062500-596,camper
20152529072547-796,camper
20152529092504-987,camper
20152529092534-521,camper
20152529092545-735,transit
20152529102538-290,transit
20152529102554-390,transit
20152529122514-610,transit
20152529122535-473,transit
20152530042509-982,transit
20152530042540-171,transit
20152530052504-640,camper
20152530082532-866,camper
20152530102514-642,transit
20152530102539-80,none
20152530112555-432,transit
20152531032502-40,camper
20152531072521-938,camper
20152531082521-227,camper
20152531082536-410,transit
20152531102541-22,camper
20152531112500-776,none
20152601012639-8,transit
20152601022603-965,transit
20152601032602-114,transit
20152601062655-890,transit
20152601072603-870,transit
20152601072646-339,none
20152601092607-499,none
20152601092630-363,transit
20152601112611-300,camper
20152601122623-54,camper
20152602012639-340,camper
20152602042627-350,camper
20152602042647-114,none
20152602062632-579,transit
20152602072610-386,transit
20152602072648-861,ranger
20152602072655-429,none
20152602072659-678,transit
20152602082644-571,transit
20152602112608-911,camper
20152602122642-940,none
20152603012609-626,transit
20152603022615-769,none
20152603032600-411,transit
20152603032638-774,camper
20152603052648-115,transit
20152603062609-710,camper
20152603072604-152,camper
20152603072628-94,camper
20152603082646-209,none
20152603092611-468,camper
20152603122624-578,none
20152604012628-0,transit
20152604012632-211,transit
20152604022659-533,none
20152604052658-724,none
20152604062637-526,transit
20152604072643-403,camper
20152604082614-455,none
20152604112601-952,transit
20152604112641-515,transit
20152604122627-392,transit
20152604122658-312,transit
20152605012634-824,camper
20152605042639-261,camper
20152605052649-247,none
20152605062636-836,camper
20152605072638-932,transit
20152605072645-576,ranger
20152605082604-337,camper
20152605102601-328,none
20152605102611-434,none
20152605122628-610,none
20152606012620-386,none
20152606012640-366,camper
20152606012652-335,none
20152606022604-255,none
20152606022653-437,camper
20152606032633-61,transit
20152606032633-640,camper
20152606052630-884,none
20152606052635-272,transit
20152606062618-786,camper
20152606072615-951,none
20152606092611-288,none
20152606102611-230,camper
20152606122615-459,none
20152607012617-339,none
20152607012632-335,none
20152607012655-615,transit
20152607042619-960,transit
20152607042623-797,transit
20152607052612-325,none
20152607062650-779,camper
20152607072621-439,transit
20152607072653-308,none
20152607092603-350,camper
20152607092607-197,transit
20152607102601-20,transit
20152607102647-573,camper
20152607112632-973,camper
20152608012606-941,camper
20152608022645-733,transit
20152608042656-439,camper
20152608052615-214,none
20152608082638-702,camper
20152608082640-6,camper
20152608082651-981,transit
20152608092601-553,transit
20152608092613-41,camper
20152608112631-387,camper
20152609012611-577,transit
20152609092656-305,transit
20152609102611-783,camper
20152609112632-767,transit
20152610012616-238,camper
20152610022639-223,transit
20152610022654-88,transit
20152610032628-677,transit
20152610052623-296,camper
20152610062612-425,camper
20152610092600-874,camper
20152610112615-740,camper
20152610112631-411,none
20152610122627-285,transit
20152611012607-354,transit
20152611012652-785,transit
20152611022615-260,camper
20152611022640-459,none
20152611042608-753,transit
20152611042652-570,transit
20152611072627-207,camper
20152611092650-295,transit
20152612012617-85,transit
20152612012636-355,ranger
20152612022619-830,camper
20152612032640-395,camper
20152612072617-383,none
20152612092616-433,transit
20152612122625-610,transit
20152612122652-844,camper
20152612122659-947,ranger
20152613022643-189,camper
20152613102638-652,transit
20152613102657-412,camper
20152613112639-741,transit
20152613122637-292,transit
20152614032608-515,camper
20152614032611-671,camper
20152614032616-732,transit
20152614052608-658,camper
20152614052641-115,camper
20152614072648-135,camper
20152614112602-965,camper
20152614112619-98,camper
20152614122614-782,camper
20152615012610-377,camper
20152615032614-151,transit
20152615032653-523,none
20152615072606-62,camper
20152615082644-315,transit
20152615082645-320,transit
20152615102606-97,transit
20152615122601-96,transit
20152616022624-356,none
20152616022625-64,none
20152616032618-514,camper
20152616042649-259,camper
20152616052613-210,transit
20152616062617-515,camper
20152616072646-204,none
20152616072652-905,camper
20152616092627-391,ranger
20152616112648-695,camper
20152617012605-746,transit
20152617012638-107,transit
20152617012640-251,none
20152617022607-984,ranger
20152617022615-821,none
20152617022639-188,transit
20152617092646-509,ranger
20152618022623-126,camper
20152618042637-966,none
20152618062642-81,camper
20152618072621-823,transit
20152618072637-79,none
20152618092632-650,none
20152618102646-953,none
20152619012615-221,none
20152619052643-277,camper
20152619052654-46,camper
20152619062611-689,camper
20152619062644-549,transit
20152619062652-455,none
20152619072610-850,camper
20152619072641-809,none
20152619102612-568,none
20152620012607-238,none
20152620032609-833,camper
20152620032614-122,transit
20152620042635-437,camper
20152620052624-864,transit
20152620062601-225,transit
20152620062633-528,camper
20152620072611-980,transit
20152620092652-624,camper
20152620102631-377,transit
20152620122611-643,transit
20152620122646-486,none
20152621012645-75,ranger
20152621052652-607,transit
20152621062629-429,camper
20152621082611-901,ranger
20152621082654-458,none
20152621092652-941,transit
20152622012613-387,camper
20152622032605-762,transit
20152622042619-891,none
20152622042630-66,transit
20152622052658-108,transit
20152622072612-632,transit
20152623072629-800,none
20152623082622-737,transit
20152623092639-730,camper
20152623092656-715,none
20152623102601-929,transit
20152623122622-438,transit
20152624012651-349,transit
20152624032647-451,transit
20152624042644-559,transit
20152624072652-602,camper
20152624072658-21,transit
20152624102605-26,camper
20152624122615-528,transit
20152625012610-60,camper
20152625022619-350,none
20152625022653-561,transit
20152625032611-756,transit
20152625042644-584,transit
20152625052621-728,transit
20152625072614-162,transit
20152625072619-375,transit
20152625072651-427,none
20152625082625-798,ranger
20152625082631-507,camper
20152625102655-249,camper
20152626022632-543,ranger
20152626022659-583,camper
20152626032621-951,camper
20152626062625-468,camper
20152626062634-704,transit
20152626072602-493,none
20152627022642-406,transit
20152627032619-195,transit
20152627032636-64,camper
20152627042635-754,transit
20152627052611-825,none
20152627092600-849,none
20152628012607-30,transit
20152628082657-500,camper
20152628112645-216,camper
20152628122633-435,transit
20152629012651-157,camper
20152629022625-52,camper
20152629032602-475,transit
20152629032604-459,ranger
20152629032648-26,transit
20152629042632-481,camper
20152629072643-892,none
20152629082632-277,transit
20152629122639-423,transit
20152630022658-764,transit
20152630062606-542,transit
20152630092647-226,camper
20152630102605-959,transit
20152630102651-351,camper
20152630112619-767,transit
20152630112657-79,transit
20152631012643-373,none
20152631022621-156,transit
20152631082611-613,camper
20152631112623-34,camper
20152701012757-798,ranger
20152701022725-153,camper
20152701022732-867,transit
20152701042737-169,transit
20152701042745-699,ranger
20152701052720-709,transit
20152701062759-795,transit
20152701072708-253,transit
20152701082731-176,transit
20152701112759-138,camper
20152702012744-220,none
20152702072702-121,camper
20152702082701-295,camper
20152702082717-764,transit
20152702112740-619,none
20152702112744-513,none
20152703012733-565,camper
20152703012746-542,camper
20152703062723-570,camper
20152703072701-166,camper
20152703072711-146,camper
20152703072722-313,none
20152703092725-377,none
20152703112735-711,camper
20152703112748-47,camper
20152704012705-41,camper
20152704012752-116,camper
20152704022701-232,camper
20152704022721-344,camper
20152704022755-875,none
20152704052713-407,transit
20152704052728-389,transit
20152704102759-689,transit
20152704112753-610,none
20152705042730-318,camper
20152705082700-328,camper
20152705082730-727,camper
20152705092735-661,camper
20152705112730-412,camper
20152705112755-32,camper
20152705122752-45,transit
20152706012711-413,transit
20152706022725-184,none
20152706032730-402,transit
20152706042715-176,none
20152706062756-380,none
20152706082746-499,transit
20152706092737-722,ranger
20152706102715-95,camper
20152706102758-465,transit
20152706112749-394,camper
20152706122706-745,transit
20152706122712-540,camper
20152706122758-11,ranger
20152707012737-110,ranger
20152707022754-808,camper
20152707042731-919,none
20152707052737-344,transit
20152707062703-3,camper
20152707072751-974,camper
20152707102716-827,camper
20152707102724-384,camper
20152707102734-863,camper
20152707122720-612,camper
20152707122725-774,transit
20152708012754-464,camper
20152708022755-916,ranger
20152708032744-317,transit
20152708042738-355,transit
20152708072750-181,transit
20152708082725-940,transit
20152708122748-320,ranger
20152709022719-478,none
20152709032721-99,transit
20152709052707-15,none
20152709052754-9,camper
20152709062708-45,transit
20152709072702-390,camper
20152709072703-969,camper
20152709082722-414,transit
20152709082754-396,camper
20152709092720-465,camper
20152710022715-872,camper
20152710092718-59,transit
20152710092737-981,transit
20152710122745-528,camper
20152711012752-363,ranger
20152711012753-900,transit
20152711032704-985,camper
20152711032724-725,camper
20152711062726-437,transit
20152711062749-315,transit
20152711082701-441,camper
20152711082711-835,none
20152711092730-427,camper
20152711092738-80,transit
20152711102726-214,none
20152711112744-600,ranger
20152711112746-346,camper
20152711112749-922,camper
20152711112755-796,transit
20152711122705-744,camper
20152712012701-812,transit
20152712012712-669,camper
20152712012750-549,camper
20152712032717-170,transit
20152712032736-635,transit
20152712062746-485,none
20152712082719-296,camper
20152712092742-702,transit
20152712102715-951,camper
20152712102746-890,camper
20152712122737-855,camper
20152713052737-917,transit
20152713052748-632,transit
20152713072733-35,transit
20152713092746-105,transit
20152713102754-896,ranger
20152713112722-565,camper
20152713122722-282,transit
20152713122724-631,transit
20152713122742-24,camper
20152714022709-931,camper
20152714032723-265,none
20152714062745-516,none
20152714062757-568,camper
20152714112748-458,transit
20152715082716-327,transit
20152715082740-609,camper
20152715102715-129,camper
20152715102727-628,camper
20152716012759-993,transit
20152716022735-871,camper
20152716042757-275,none
20152716072757-400,ranger
20152716082703-974,camper
20152716092742-820,transit
20152716102734-529,camper
20152716122736-950,camper
20152717042750-937,none
20152717052750-615,camper
20152717062754-144,transit
20152717062759-153,ranger
20152717092705-306,transit
20152717112747-232,ranger
20152717122753-2,transit
20152718012719-661,camper
20152718042732-411,camper
20152718102738-773,none
20152718102756-727,camper
20152718122750-655,transit
20152719012735-573,transit
20152719032703-189,transit
20152719032729-250,camper
20152719032730-548,transit
20152719042722-615,transit
20152719052719-134,transit
20152719082724-919,transit
20152719082732-854,transit
20152719102718-287,camper
20152720032733-633,camper
20152720082748-722,transit
20152720092750-958,none
20152720112739-23,camper
20152720112757-579,transit
20152721012702-519,camper
20152721052714-57,transit
20152721082743-391,camper
20152721082747-925,camper
20152721092703-739,none
20152721092721-707,transit
20152722052705-796,transit
20152722052740-669,transit
20152722082711-239,camper
20152722082714-814,transit
20152722102759-13,none
20152723012701-563,transit
20152723012751-951,camper
20152723022703-590,camper
20152723032707-725,none
20152723032741-851,camper
20152723042726-628,transit
20152723112739-990,camper
20152723112750-60,none
20152723122730-481,transit
20152723122738-832,none
20152723122754-803,none
20152724022701-346,camper
20152724022714-969,camper
20152724022725-929,none
20152724022730-933,transit
20152724032734-919,transit
20152724032744-453,camper
20152724042713-265,transit
20152724062710-421,camper
20152724072748-848,transit
20152724092700-102,transit
20152724102732-927,transit
20152724102747-37,none
20152724112733-858,camper
20152724122720-418,ranger
20152725012712-255,ranger
20152725032725-88,camper
20152725052758-524,camper
20152725072720-764,transit
20152725072753-376,transit
20152725072754-511,transit
20152725082707-555,transit
20152725112715-664,transit
20152726012729-506,camper
20152726032711-587,camper
20152726032754-124,camper
20152726042723-397,camper
20152726042724-61,transit
20152726042728-687,camper
20152726042751-686,camper
20152726082705-702,transit
20152727032726-130,camper
20152727032734-400,camper
20152727062727-421,transit
20152727092702-729,transit
20152727122717-345,none
20152727122724-538,camper
20152728012732-411,transit
20152728032742-198,transit
20152728082727-282,camper
20152728102705-563,transit
20152728102719-723,camper
20152728122745-573,ranger
20152729012753-836,none
20152729032736-810,camper
20152729032750-703,camper
20152729032751-107,transit
20152729042736-714,camper
20152729052719-451,camper
20152729052729-806,transit
20152729052750-787,transit
20152729082705-491,none
20152729082724-578,transit
20152729102731-508,camper
20152729112721-705,camper
20152729112749-811,transit
20152730012738-814,none
20152730022758-606,camper
20152730052714-154,camper
20152730062720-372,camper
20152730062723-66,camper
20152730062742-90,transit
20152730102714-620,camper
20152730102727-969,transit
20152730112706-517,ranger
20152731032706-323,camper
20152731042731-228,camper
20152731082730-144,transit
20152731082747-677,camper
20152731092708-712,transit
20152731112735-564,camper
20152801022821-939,ranger
20152801032847-862,camper
20152801042854-889,camper
20152801052822-733,camper
20152801072801-74,camper
20152801072819-105,none
20152801082834-605,camper
20152801102848-547,camper
20152801102857-771,transit
20152801112834-707,transit
20152801112857-221,camper
20152801122825-147,transit
20152802022845-769,none
20152802042836-36,transit
20152802052806-928,none
20152802072821-970,none
20152802112850-57,camper
20152803022801-220,transit
20152803022825-787,camper
20152803032833-38,transit
20152803062833-268,transit
20152803072816-844,camper
20152803082805-619,transit
20152803082807-792,camper
20152803122832-744,transit
20152804012816-125,camper
20152804012852-864,transit
20152804012856-644,none
20152804022809-547,none
20152804042857-608,transit
20152804062818-72,none
20152804082816-432,transit
20152804092840-293,none
20152804122805-486,camper
20152805012826-73,camper
20152805032829-255,none
20152805042806-342,none
20152805062805-519,camper
20152805082823-737,camper
20152805092834-132,none
20152805092847-422,none
20152805102823-890,camper
20152805122808-640,none
20152806032847-86,camper
20152806082844-502,camper
20152807062821-864,camper
20152807082801-714,camper
20152807092841-842,ranger
20152808022859-591,transit
20152808032805-306,transit
20152808032826-116,camper
20152808102810-127,none
20152808102834-790,none
20152808112822-341,transit
20152808122849-523,none
20152809012804-904,transit
20152809012825-91,transit
20152809022854-210,ranger
20152809032822-774,camper
20152809062856-589,none
20152809082800-369,none
20152809082828-889,transit
20152809082857-788,transit
20152810012838-269,transit
20152810012841-23,transit
20152810032846-567,transit
20152810052855-807,camper
20152810102803-808,transit
20152810102819-458,none
20152810102828-459,none
20152811012806-340,transit
20152811032834-706,transit
20152811042814-583,transit
20152811062804-277,transit
20152811062827-515,none
20152811072814-668,transit
20152811072856-634,camper
20152811092825-833,camper
20152811102800-454,none
20152812012846-131,transit
20152812022832-815,none
20152812042815-443,transit
20152812042819-422,camper
20152812072809-28,transit
20152812072846-276,transit
20152812082822-19,transit
20152812082859-94,transit
20152812122813-98,none
20152812122818-384,camper
20152813042802-5,camper
20152813042842-830,camper
20152813042852-20,camper
20152813072833-760,camper
20152813082845-836,camper
20152813082850-252,camper
20152813122838-287,camper
20152814012834-417,camper
20152814042856-261,transit
20152814062834-4,camper
20152814092813-494,none
20152814102803-385,transit
20152814122805-968,camper
20152814122810-380,transit
20152815012824-971,camper
20152815022801-210,transit
20152815022831-831,transit
20152815022839-704,camper
20152815032843-542,camper
20152815042814-977,camper
20152815052834-912,ranger
20152815052849-816,transit
20152815062858-974,none
20152815072807-909,camper
20152815092813-971,transit
20152815102844-133,camper
20152816032814-271,transit
20152816052835-878,camper
20152816082835-10,camper
20152816082854-883,transit
20152816092824-175,none
20152816092830-353,none
20152816102821-282,camper
20152816102825-722,camper
20152816102859-713,none
20152816112859-104,camper
20152816122841-313,camper
20152817012849-833,ranger
20152817022802-947,transit
20152817062832-264,camper
20152817062846-890,camper
20152818012813-881,camper
20152818012854-987,none
20152818022812-310,camper
20152818052854-218,none
20152818052857-251,transit
20152818062808-408,transit
20152818092849-712,camper
20152819022855-141,camper
20152819042821-876,camper
20152819062830-519,camper
20152819072857-484,camper
20152819092823-511,ranger
20152819112837-9,transit
20152819112852-444,camper
20152819122822-975,transit
20152819122847-981,camper
20152820012852-467,transit
20152820012858-901,transit
20152820042856-757,none
20152820052838-613,none
20152820072852-75,transit
20152820102827-437,camper
20152820122842-573,transit
20152821012818-81,none
20152821022822-568,transit
20152821022856-627,transit
20152821032823-470,camper
20152821042813-361,camper
20152821052831-499,none
20152821052835-750,none
20152821062848-391,none
20152821082849-866,transit
20152821092812-926,transit
20152821092859-995,transit
20152821122809-260,none
20152822012830-543,transit
20152822032816-655,transit
20152822032835-521,transit
20152822042853-889,none
20152822052837-707,camper
20152822082859-49,camper
20152822092858-860,camper
20152822102830-453,none
20152822122853-937,camper
20152823032800-166,camper
20152823032832-378,camper
20152823042801-343,camper
20152823042829-347,transit
20152823092842-19,camper
20152823092852-159,transit
20152823092856-802,transit
20152823112822-506,none
20152823122846-410,camper
20152824012815-413,camper
20152824022826-397,camper
20152824032830-251,transit
20152824052835-224,none
20152824072845-49,none
20152824082822-470,none
20152824082829-991,camper
20152824082844-651,camper
20152824092833-430,camper
20152824092842-466,transit
20152824102803-264,transit
20152824102805-890,transit
20152824102831-487,transit
20152824112838-319,transit
20152824112843-571,none
20152824112857-18,camper
20152824122825-461,camper
20152825022805-446,transit
20152825022854-960,transit
20152825032820-688,ranger
20152825092803-463,camper
20152825102838-372,none
20152825122807-418,transit
20152826012852-120,transit
20152826012855-73,camper
20152826032813-181,none
20152826032848-662,camper
20152826032859-262,transit
20152826092847-177,camper
20152826092848-943,camper
20152826112825-682,camper
20152826122849-281,ranger
20152826122849-423,none
20152827022817-16,camper
20152827022858-442,camper
20152827042814-470,camper
20152827052816-495,none
20152827062812-82,none
20152827092804-722,transit
20152827092833-950,camper
20152827102844-258,camper
20152828012807-551,camper
20152828012850-335,transit
20152828012858-566,none
20152828022811-779,transit
20152828022814-896,transit
20152828102821-431,transit
20152828112812-119,camper
20152829012800-488,camper
20152829022835-670,camper
20152829032815-592,transit
20152829042835-796,transit
20152829102821-746,transit
20152829102829-430,camper
20152829122804-337,transit
20152829122853-825,none
20152830022802-299,camper
20152830022847-358,camper
20152830032844-398,camper
20152830052802-839,camper
20152830052829-513,transit
20152830062810-554,camper
20152830062828-178,none
20152830082817-542,camper
20152830082847-300,camper
20152830112817-503,camper
20152831012847-256,transit
20152831072854-53,none
20152831082802-61,camper
20152831092807-142,ranger
20152831092837-751,camper
20152831112827-980,transit
20152831112848-584,none
20152831122812-289,transit
20152901012954-69,transit
20152901022909-746,transit
20152901032906-564,camper
20152901052918-928,transit
20152901052958-57,none
20152901062908-724,camper
20152901062931-931,none
20152901102921-648,transit
20152902012912-255,camper
20152902022903-912,transit
20152902022959-436,camper
20152902072935-426,transit
20152902072939-976,none
20152902082937-708,transit
20152902112948-976,camper
20152903032903-791,transit
20152903032937-233,camper
20152903062933-773,none
20152903082927-255,transit
20152903102950-329,transit
20152903122916-4,transit
20152904022933-687,camper
20152904032905-433,camper
20152904062902-66,camper
20152904062938-285,transit
20152904082911-449,transit
20152904102929-831,ranger
20152904112957-341,transit
20152904122907-350,transit
20152905032910-293,camper
20152905042935-744,transit
20152905062952-3,camper
20152905062953-731,ranger
20152905072918-263,transit
20152906012915-562,none
20152906032909-720,transit
20152906042948-212,none
20152906042950-49,none
20152906052929-919,transit
20152906052937-574,none
20152906062916-113,transit
20152906072912-203,transit
20152906072917-531,none
20152906102942-511,transit
20152906122925-536,none
20152907022931-838,none
20152907052915-532,camper
20152907052937-712,transit
20152907062931-133,camper
20152907072904-713,transit
20152907092902-279,camper
20152907102923-548,transit
20152907102943-591,transit
20152907112958-34,camper
20152907122926-55,none
20152908012941-964,camper
20152908042900-407,camper
20152908042934-54,none
20152908052915-805,none
20152908092908-702,camper
20152908092920-616,transit
20152908102913-779,camper
20152908112909-319,camper
20152909012939-780,none
20152909022912-907,camper
20152909022939-453,transit
20152909042926-203,ranger
20152909072942-365,transit
20152909082901-932,camper
20152909082925-700,camper
20152909082930-35,none
20152909092941-524,camper
20152909122900-311,none
20152909122903-463,camper
20152909122903-721,camper
20152909122911-949,transit
20152910022924-572,camper
20152910072917-61,transit
20152910102928-970,none
20152910102937-718,transit
20152910102951-587,transit
20152910102959-782,none
20152910112929-470,none
20152910112933-896,transit
20152911022906-489,transit
20152911022907-773,transit
20152911032957-286,transit
20152911042945-827,camper
20152911062908-132,camper
20152911062921-382,ranger
20152911072956-499,transit
20152911122959-806,transit
20152912012942-33,transit
20152912022949-288,transit
20152912042903-791,none
20152912062902-70,none
20152912062950-917,camper
20152912072922-999,camper
20152912092931-553,transit
20152913022938-375,camper
20152913022951-47,transit
20152913042937-614,camper
20152913082912-781,camper
20152913092907-731,camper
20152913092934-991,transit
20152913102946-563,transit
20152913112925-155,camper
20152913112926-819,transit
20152913112927-997,camper
20152913122916-642,camper
20152914022919-320,ranger
20152914042953-652,camper
20152914062905-376,camper
20152914062912-293,camper
20152914112921-623,transit
20152914112948-207,camper
20152914122932-849,transit
20152915012905-87,none
20152915032927-764,transit
20152915032948-543,camper
20152915042936-135,transit
20152915052903-310,transit
20152915062945-604,ranger
20152915072932-837,camper
20152915072941-719,transit
20152915082947-110,transit
20152915102957-182,transit
20152915112943-779,transit
20152916022942-353,none
20152916082911-738,transit
20152916092901-939,ranger
20152916092950-546,transit
20152917012956-923,camper
20152917022909-902,none
20152917022938-308,camper
20152917022939-684,camper
20152917072906-13,camper
20152917072944-998,camper
20152917082925-523,camper
20152917082934-698,camper
20152917082955-286,camper
20152917092938-198,camper
20152917112949-751,transit
20152917112954-84,none
20152918012928-903,none
20152918022901-486,camper
20152918032926-186,ranger
20152918042927-848,none
20152918052926-426,none
20152918052934-920,none
20152918052938-439,camper
20152918072959-170,transit
20152918092911-868,transit
20152918102936-198,transit
20152918122930-367,camper
20152918122941-170,transit
20152919012921-527,none
20152919012937-798,camper
20152919022934-701,none
20152919022949-193,camper
20152919032901-939,transit
20152919062956-312,camper
20152919082940-780,camper
20152919092946-526,camper
20152919122944-137,camper
20152920022901-665,transit
20152920042942-140,camper
20152920072900-597,camper
20152920082926-172,transit
20152920082932-271,transit
20152920092920-965,none
20152921032959-28,none
20152921062957-268,ranger
20152921082906-529,camper
20152921082952-995,camper
20152921092906-775,none
20152921092910-77,none
20152921092932-891,camper
20152921092953-210,camper
20152921102948-216,none
20152922022915-661,camper
20152922052930-485,transit
20152922072911-283,camper
20152922072955-435,transit
20152922072959-445,camper
20152922082911-839,camper
20152922092937-632,transit
20152922092955-345,transit
20152923012904-916,camper
20152923052902-547,transit
20152923052930-400,transit
20152923052943-630,camper
20152923062904-139,transit
20152923072910-395,camper
20152923082949-398,camper
20152923092913-226,transit
20152923092918-372,transit
20152923092919-201,camper
20152923092956-645,ranger
20152923102955-348,camper
20152924032913-724,camper
20152924032915-517,camper
20152924042913-331,transit
20152924062907-668,transit
20152924062916-362,transit
20152924082925-762,transit
20152924102954-653,none
20152924102954-975,camper
20152924112938-506,camper
20152924122955-171,transit
20152925012926-304,camper
20152925022919-735,transit
20152925022933-385,transit
20152925032929-380,camper
20152925042913-736,transit
20152925052926-237,transit
20152925062903-447,camper
20152925072917-129,transit
20152925072930-684,camper
20152925092904-816,camper
20152925092944-566,transit
20152925102911-696,camper
20152925102939-681,camper
20152925112935-101,transit
20152926022924-267,transit
20152926022953-770,camper
20152926062943-231,ranger
20152926082904-213,transit
20152926112925-771,none
20152926112951-756,ranger
20152926122925-922,camper
20152927012940-676,transit
20152927012946-631,camper
20152927032921-834,camper
20152927082906-285,camper
20152928012913-902,transit
20152928042917-42,ranger
20152928062902-195,ranger
20152928072953-126,none
20152928092934-717,camper
20152928102926-60,camper
20152928112908-464,transit
20152928122912-286,camper
20152928122936-347,camper
20152929012937-406,transit
20152929022956-198,camper
20152929032951-643,none
20152929092918-475,transit
20152929122937-811,transit
20152930032938-338,camper
20152930062935-698,transit
20152930072920-440,transit
20152930092909-490,none
20152930102917-834,none
20152930102944-762,camper
20152930112917-602,none
20152930112937-875,none
20152930112941-335,none
20152930122926-301,camper
20152930122930-341,transit
20152931062933-133,camper
20152931072940-294,camper
20152931092901-805,transit
20152931122925-72,transit
20153001043053-282,transit
20153001053010-143,none
20153001073008-682,camper
20153001083045-98,none
20153001123033-350,camper
20153002013028-298,camper
20153002033050-250,transit
20153002043000-789,transit
20153002053041-801,camper
20153002063039-806,transit
20153002073028-758,transit
20153002083005-261,camper
20153002083021-292,transit
20153002103029-92,camper
20153002113049-336,camper
20153002123026-8,camper
20153003023020-726,camper
20153003023054-91,camper
20153003033045-307,transit
20153003083005-513,transit
20153003083030-321,camper
20153003103014-67,transit
20153003103027-18,transit
20153003103030-613,transit
20153003103059-290,camper
20153003123012-35,transit
20153004013007-217,camper
20153004013039-570,none
20153004023033-371,camper
20153004073055-527,none
20153004113034-64,transit
20153004113046-680,camper
20153004123017-776,none
20153004123036-930,camper
20153004123046-146,none
20153005033005-611,none
20153005063009-561,transit
20153005083043-548,none
20153005093039-50,camper
20153005103029-870,transit
20153005103040-815,none
20153005113023-61,camper
20153005123012-657,camper
20153006043003-107,transit
20153006063005-968,camper
20153006113031-795,none
20153007013003-908,camper
20153007073050-177,camper
20153007083052-124,camper
20153007093004-81,camper
20153007103041-821,transit
20153007113051-98,camper
20153007123009-542,none
20153008023037-716,camper
20153008033000-100,camper
20153008043051-424,none
20153008063059-589,transit
20153008073009-51,none
20153008093014-166,camper
20153008103024-792,camper
20153009013011-899,none
20153009053027-149,none
20153009063028-871,transit
20153009083047-271,transit
20153009123001-516,transit
20153010023059-654,camper
20153010043052-895,camper
20153010053045-892,transit
20153010083027-943,transit
20153010083042-172,camper
20153010093001-908,transit
20153010103013-306,camper
20153010103017-871,none
20153010103030-870,transit
20153011023028-435,camper
20153011023048-461,camper
20153011043031-930,camper
20153011073024-26,none
20153011083029-396,camper
20153011083049-203,none
20153011093009-530,transit
20153011093025-374,camper
20153011103040-710,none
20153011123026-219,ranger
20153011123052-131,none
20153012023023-906,none
20153012023040-460,camper
20153012033056-967,ranger
20153012053001-658,none
20153012053031-662,none
20153012053050-41,transit
20153012063017-562,ranger
20153012083039-675,camper
20153012083040-807,camper
20153012093056-795,transit
20153012103014-90,transit
20153012103050-559,camper
20153012113024-266,transit
20153013013015-228,camper
20153013023021-720,camper
20153013023047-224,camper
20153013043036-968,ranger
20153013053000-385,transit
20153013053056-41,camper
20153013063054-124,transit
20153013093053-962,none
20153013113037-790,camper
20153013113059-327,camper
20153014023000-132,camper
20153014043029-662,camper
20153014053026-5,camper
20153014083025-418,camper
20153014083053-943,transit
20153014093042-799,transit
20153014103011-455,transit
20153014103053-84,camper
20153014113041-84,none
20153014113059-564,transit
20153014123021-320,none
20153014123055-106,none
20153015023001-696,camper
20153015023037-512,camper
20153015033000-7,transit
20153015053016-75,camper
20153015053022-392,transit
20153015053056-910,camper
20153015073041-67,transit
20153015093037-107,transit
20153016033036-967,camper
20153016053018-90,transit
20153016063017-510,camper
20153016063038-967,camper
20153016083036-762,camper
20153016093033-887,none
20153016093048-836,transit
20153017023011-609,camper
20153017033002-607,none
20153017033036-185,camper
20153017033046-665,transit
20153017053037-496,transit
20153017063013-729,transit
20153017063038-619,none
20153017103040-192,transit
20153017103045-244,camper
20153017103047-976,camper
20153018013026-319,camper
20153018033001-999,none
20153018033009-461,none
20153018043013-848,transit
20153018053028-625,transit
20153018053053-129,camper
20153018063002-652,none
20153018063003-795,transit
20153018113027-458,ranger
20153018123001-4,transit
20153019033053-367,camper
20153019043019-743,camper
20153019073056-11,camper
20153019093018-945,transit
20153019123025-51,transit
20153020023013-76,camper
20153020043026-760,none
20153020043037-137,transit
20153020053014-949,camper
20153020063006-334,transit
20153020093058-300,transit
20153021013042-13,transit
20153021023001-6,none
20153021023003-930,transit
20153021023035-120,transit
20153021053027-65,transit
20153021063030-830,none
20153021073045-85,camper
20153021083029-997,camper
20153022023040-86,ranger
20153022043011-99,transit
20153022043047-509,camper
20153022053043-921,transit
20153022063023-868,transit
20153022073058-275,camper
20153022113011-643,transit
20153022123027-88,camper
20153023013052-129,none
20153023033010-957,transit
20153023033057-365,camper
20153023043007-25,transit
20153023053020-213,camper
20153023063031-787,camper
20153023073004-932,transit
20153023073030-973,camper
20153023073045-965,transit
20153023093030-714,ranger
20153023103028-824,camper
20153023123036-30,camper
20153024013035-807,camper
20153024043021-679,camper
20153024043032-864,camper
20153024053044-807,camper
20153024053054-368,transit
20153024113026-294,camper
20153024123002-663,transit
20153024123008-70,camper
20153025043000-31,transit
20153025073007-824,none
20153025083001-968,camper
20153025093014-930,camper
20153025103006-956,transit
20153026013023-925,transit
20153026013047-679,none
20153026023048-941,camper
20153026033020-755,camper
20153026053002-255,camper
20153026053028-239,camper
20153026063040-439,transit
20153026063056-531,none
20153026073056-725,transit
20153026083032-587,camper
20153026093051-464,transit
20153026123056-747,transit
20153027023002-588,transit
20153027033021-889,camper
20153027073012-907,transit
20153027093025-930,transit
20153027123035-916,none
20153028053017-300,transit
20153028063014-354,none
20153028063039-6,transit
20153028073035-224,transit
20153028093055-321,camper
20153028103038-731,camper
20153028113009-39,none
20153028123046-38,camper
20153029033035-257,transit
20153029033042-152,camper
20153029033048-19,camper
20153029033048-921,camper
20153029033050-443,camper
20153029063040-935,camper
20153029063054-508,camper
20153029073056-561,transit
20153029083005-512,transit
20153029093029-8,camper
20153029113037-384,none
20153029123049-92,camper
20153030013028-701,transit
20153030033044-689,transit
20153030033049-544,transit
20153030043050-881,none
20153030073006-385,camper
20153030073030-710,none
20153030093015-237,none
20153030103020-208,transit
20153030103047-877,none
20153030113019-64,camper
20153031033036-351,transit
20153031033051-136,none
20153031053029-578,none
20153031083006-993,camper
20153031093006-294,none
20153031093020-374,transit
20153031103041-989,camper
20153031113006-452,camper
20153031123005-845,none
20153031123024-700,transit
20153101013141-937,transit
20153101023141-179,transit
20153101023158-837,camper
20153101033114-620,transit
20153101043147-580,transit
20153101053124-752,none
20153101073110-621,transit
20153101083156-266,camper
20153101113145-895,none
20153102023114-873,transit
20153102023145-620,none
20153102043137-348,camper
20153102063100-491,camper
20153102063137-742,camper
20153102093104-707,camper
20153103033157-551,transit
20153103053109-344,camper
20153103053151-915,none
20153103063126-891,camper
20153103063147-856,transit
20153103093104-33,transit
20153103093117-808,none
20153103103103-68,transit
20153103113103-442,transit
20153103113118-650,camper
20153104023109-416,camper
20153104033138-558,transit
20153104043113-656,camper
20153104043123-774,transit
20153104043140-683,camper
20153104103136-720,none
20153104103154-685,camper
20153105043140-305,transit
20153105063123-290,transit
20153105073103-531,transit
20153105073107-89,none
20153105073128-364,transit
20153105103119-427,none
20153105123101-248,none
20153106033136-478,camper
20153106053108-361,transit
20153106073118-628,transit
20153106083142-347,transit
20153106113100-644,none
20153107033125-767,camper
20153107033139-406,camper
20153107043138-760,transit
20153107043149-704,transit
20153107053125-715,transit
20153107073135-806,transit
20153107083138-590,none
20153107093127-902,transit
20153107103105-302,transit
20153107103116-521,camper
20153107123115-491,transit
20153107123119-251,camper
20153108013105-425,none
20153108053138-793,camper
20153108053146-433,camper
20153108063128-261,transit
20153108073115-87,none
20153108073154-467,none
20153108113132-785,transit
20153108123136-918,transit
20153109043127-486,camper
20153109053150-722,transit
20153109063131-710,transit
20153109063143-513,none
20153109073156-488,none
20153109113109-441,none
20153109123109-53,camper
20153109123110-337,camper
20153110063138-887,camper
20153110073110-68,transit
20153110103114-622,none
20153110103147-254,camper
20153111043103-266,camper
20153111043111-321,camper
20153111053120-55,none
20153111053127-294,camper
20153111063125-468,camper
20153111123156-389,camper
20153112033150-305,camper
20153112053133-189,transit
20153112063157-147,camper
20153112083118-196,transit
20153112093110-200,transit
20153112113145-165,camper
20153112123111-6,transit
20153113023123-668,camper
20153113023144-489,transit
20153113033129-439,transit
20153113033133-51,camper
20153113043100-622,camper
20153113053106-820,transit
20153113063149-619,camper
20153113073127-124,transit
20153113083156-374,ranger
20153113093119-987,transit
20153113103148-335,none
20153113123129-802,camper
20153114023113-795,transit
20153114033108-799,camper
20153114073159-646,none
20153114083105-937,camper
20153114093106-881,camper
20153114093133-433,camper
20153114113153-521,camper
20153115023106-634,none
20153115023128-580,camper
20153115033133-708,camper
20153115053120-104,none
20153115083101-873,camper
20153115083129-294,camper
20153115093143-353,transit
20153115103103-717,camper
20153115103115-978,transit
20153115123154-557,camper
20153116033138-501,none
20153116053156-869,transit
20153116073107-991,transit
20153116073142-631,camper
20153116123133-925,transit
20153117013108-397,transit
20153117053105-892,camper
20153117063125-391,camper
20153117083124-431,camper
20153117093131-820,camper
20153117113158-376,transit
20153117123106-88,transit
20153118013100-425,camper
20153118013109-314,transit
20153118013147-958,none
20153118013159-469,transit
20153118023112-598,camper
20153118053118-934,transit
20153118053153-835,transit
20153118063141-523,transit
20153118083132-731,transit
20153118083155-709,none
20153118093138-249,none
20153118113152-842,camper
20153118123109-283,camper
20153119013102-317,camper
20153119043125-919,transit
20153119053102-989,transit
20153119053109-38,none
20153119073122-287,ranger
20153119093102-397,transit
20153119113107-915,none
20153119113110-269,camper
20153119123113-587,camper
20153120023108-143,transit
20153120023153-858,none
20153120033105-466,transit
20153120063140-521,camper
20153120083140-75,transit
20153120093114-798,none
20153120103108-805,camper
20153120103138-627,transit
20153120113110-127,transit
20153120113117-670,camper
20153120123142-840,transit
20153121043100-759,ranger
20153121043157-485,camper
20153121113129-538,camper
20153121113131-383,none
20153121123116-781,camper
20153121123155-556,transit
20153122033132-26,transit
20153122043103-43,transit
20153122043149-695,camper
20153122053159-213,transit
20153122063114-577,none
20153122063134-260,camper
20153122093107-869,camper
20153122113109-139,camper
20153122113135-902,camper
20153122123156-333,none
20153123013102-43,none
20153123023120-949,camper
20153123023152-514,transit
20153123033149-311,transit
20153123033157-512,transit
20153123053121-598,camper
20153123053127-918,camper
20153123063116-913,camper
20153123063158-685,camper
20153123073146-272,camper
20153123093148-981,camper
20153123103101-33,camper
20153123103101-528,transit
20153124013107-263,camper
20153124023145-136,transit
20153124033124-519,transit
20153124043109-865,transit
20153124043158-663,transit
20153124053134-996,transit
20153124063149-216,camper
20153124083113-210,ranger
20153124113131-106,camper
20153124123117-215,camper
20153125013101-836,camper
20153125013133-452,camper
20153125013154-738,transit
20153125023115-598,camper
20153125023141-305,none
20153125023152-681,camper
20153125033101-388,camper
20153125043107-174,transit
20153125073143-771,camper
20153125103122-810,none
20153125113136-741,none
20153125113145-954,transit
20153125123107-117,camper
20153126013121-122,camper
20153126023103-958,camper
20153126023108-751,transit
20153126033132-596,camper
20153126043138-498,transit
20153126063149-265,camper
20153126083114-464,none
20153126093130-333,none
20153126113104-616,camper
20153126113122-448,transit
20153126113124-335,none
20153126113149-67,none
20153126123121-600,transit
20153126123126-309,camper
20153127023131-896,transit
20153127053117-552,transit
20153127073156-226,transit
20153127083119-859,camper
20153127103100-938,transit
20153127103111-444,transit
20153127113132-635,camper
20153128033159-337,transit
20153128063125-623,camper
20153128063145-895,camper
20153128093141-492,transit
20153128113142-210,transit
20153128113151-636,camper
20153128113156-96,transit
20153129013121-858,camper
20153129013137-722,ranger
20153129033116-421,camper
20153129053101-29,transit
20153129063108-867,camper
20153129073140-18,none
20153129093103-446,camper
20153129093120-938,none
20153129103110-486,transit
20153129123104-576,transit
20153130043132-951,camper
20153130053142-570,transit
20153130073131-870,transit
20153130073133-253,camper
20153130083112-439,camper
20153130113159-35,transit
20153131023125-354,transit
20153131063110-72,transit
20153131073158-577,transit
20153131083117-488,camper
20153131093154-864,none
20153201013207-63,transit
20153201013211-268,camper
20153201033229-605,transit
20153201053205-586,transit
20153201063205-376,camper
20153201063209-817,ranger
20153201103200-582,transit
20153201103225-274,transit
20153201113233-952,transit
20153202033230-703,transit
20153202033251-484,camper
20153202063212-217,camper
20153202063225-961,transit
20153202073212-725,none
20153202093212-179,transit
20153202123219-728,camper
20153202123235-650,transit
20153203013236-729,none
20153203023224-975,none
20153203033245-226,transit
20153203033246-681,camper
20153203033255-977,camper
20153203053218-362,camper
20153203083217-568,transit
20153203093248-618,camper
20153203103200-611,ranger
20153203113245-908,camper
20153203123245-617,transit
20153204013233-83,transit
20153204013239-640,camper
20153204023235-178,camper
20153204053251-894,camper
20153204073231-660,camper
20153204073257-346,transit
20153204083258-619,none
20153204093236-149,camper
20153204103249-625,transit
20153205043203-659,none
20153205063213-417,transit
20153205073220-30,camper
20153205073222-529,camper
20153205083252-86,camper
20153205093235-612,none
20153206013232-593,transit
20153206033243-388,camper
20153206033254-715,camper
20153206043259-495,transit
20153206053201-534,none
20153206063215-204,camper
20153206083226-556,transit
20153206093249-864,transit
20153206103213-613,camper
20153206123215-803,transit
20153206123228-826,none
20153207093212-385,transit
20153207093226-553,camper
20153207103214-384,transit
20153207103233-55,transit
20153207123225-470,transit
20153208023216-402,camper
20153208033241-763,camper
20153208033255-321,ranger
20153208073235-389,camper
20153208083206-395,camper
20153208083210-852,transit
20153208083240-926,camper
20153208083247-526,transit
20153208123237-878,camper
20153208123256-554,transit
20153209023251-83,camper
20153209033206-466,transit
20153209073227-817,camper
20153209073227-920,camper
20153209073227-957,transit
20153209083207-54,camper
20153209093250-358,camper
20153209113252-119,camper
20153210023203-833,transit
20153210033214-959,transit
20153210043232-25,transit
20153210053210-862,transit
20153210063212-704,transit
20153210073208-192,transit
20153210093216-742,none
20153210103235-776,transit
20153210103256-708,transit
20153211013245-391,transit
20153211053257-976,camper
20153211053259-449,none
20153211063223-512,camper
20153211063237-151,transit
20153211073233-705,camper
20153211083236-663,transit
20153211093220-6,transit
20153211103216-6,none
20153211103217-76,none
20153211103234-178,transit
20153211103235-736,camper
20153211113210-707,transit
20153212033230-692,none
20153212043209-241,transit
20153212053251-318,transit
20153212063228-351,none
20153212073208-325,transit
20153212113214-388,transit
20153213013210-111,camper
20153213013224-659,transit
20153213013249-868,camper
20153213023217-245,transit
20153213023255-288,transit
20153213033229-169,none
20153213033237-717,transit
20153213033256-646,camper
20153213063205-982,camper
20153213073258-209,camper
20153213083212-905,transit
20153213083242-735,camper
20153213113258-720,transit
20153214013206-37,transit
20153214043203-288,transit
20153214043247-507,ranger
20153214063240-340,camper
20153214073221-741,transit
20153214083255-828,camper
20153214083259-19,transit
20153214113220-700,transit
20153214123206-803,none
20153215053250-868,transit
20153215063254-434,ranger
20153215073237-222,camper
20153215113217-764,camper
20153216013236-330,camper
20153216013237-980,camper
20153216063226-438,transit
20153217013250-235,camper
20153217023229-148,ranger
20153217063258-545,camper
20153217073200-777,transit
20153217073221-8,transit
20153217073227-687,transit
20153217083205-582,transit
20153217083226-786,camper
20153217093212-471,ranger
20153217103218-546,camper
20153217103251-836,camper
20153217113200-854,transit
20153217113237-195,transit
20153217123203-129,transit
20153218043220-336,transit
20153218053206-183,camper
20153218073239-628,none
20153218083253-891,transit
20153218103248-711,camper
20153218113255-153,transit
20153218123229-36,camper
20153219033258-970,camper
20153219043201-719,camper
20153219053231-560,none
20153219083225-701,camper
20153219083236-746,transit
20153219093204-479,camper
20153219093206-226,transit
20153219093219-284,camper
20153219113208-837,transit
20153220013221-915,transit
20153220013245-567,transit
20153220013254-297,transit
20153220023202-660,transit
20153220023240-486,camper
20153220033209-462,none
20153220033224-924,ranger
20153220043207-952,transit
20153220053251-142,camper
20153220063237-851,transit
20153220073240-457,camper
20153220093253-950,transit
20153220113237-70,camper
20153221023210-641,none
20153221023224-607,none
20153221023244-436,transit
20153221023253-382,camper
20153221043219-719,transit
20153221063237-461,ranger
20153221083202-709,transit
20153221093222-957,camper
20153221123200-816,camper
20153221123201-614,transit
20153222013237-308,camper
20153222033217-0,none
20153222053243-478,transit
20153222063230-923,transit
20153222073210-586,camper
20153222073236-42,camper
20153222093232-777,transit
20153222103251-804,camper
20153222123239-923,transit
20153223033200-444,camper
20153223053217-248,transit
20153223063219-462,camper
20153223063250-386,transit
20153223103220-58,transit
20153223113200-303,camper
20153223113254-722,camper
20153224013243-948,ranger
20153224043244-563,camper
20153224043258-562,camper
20153224063221-780,camper
20153224073256-73,camper
20153224093211-44,camper
20153224103233-219,none
20153224123247-791,none
20153224123257-617,camper
20153225043230-761,ranger
20153225043252-614,transit
20153225053219-878,transit
20153225053247-18,none
20153225063205-641,camper
20153225063215-100,transit
20153225063218-391,camper
20153225073249-415,transit
20153225083217-861,transit
20153225093219-444,transit
20153225093249-352,camper
20153225113213-680,transit
20153225113256-556,transit
20153225123219-314,transit
20153226013200-461,transit
20153226033231-156,camper
20153226043220-886,camper
20153226073247-72,camper
20153226073259-517,transit
20153226093201-782,camper
20153226123205-559,ranger
20153226123245-963,camper
20153227023219-8,camper
20153227023246-773,transit
20153227033233-52,camper
20153227043201-724,transit
20153227053244-885,none
20153227063207-318,camper
20153227063240-542,camper
20153228013258-73,none
20153228023246-901,camper
20153228023253-625,transit
20153228033213-336,transit
20153228033219-364,camper
20153228033232-771,camper
20153228033236-100,transit
20153228043201-577,camper
20153228063222-855,transit
20153228093241-330,camper
20153228113210-234,camper
20153229013212-110,camper
20153229023215-186,none
20153229033240-417,camper
20153229043223-757,transit
20153229043251-293,camper
20153229103216-250,transit
20153230013237-494,transit
20153230023251-365,camper
20153230033205-767,camper
20153230043217-141,camper
20153230043237-268,transit
20153230053236-758,camper
20153230063225-220,transit
20153230093206-93,none
20153230093248-414,transit
20153230103210-402,none
20153230103217-372,transit
20153230113237-421,transit
20153230113243-759,camper
20153230123219-637,transit
20153230123223-919,transit
20153231033254-723,transit
20153231043218-61,transit
20153231063236-320,camper
20153231063239-916,none
20153231093246-432,transit
20153231123247-237,transit
20153301033344-2,transit
20153301093316-126,none
20153301123341-61,camper
20153301123345-128,transit
20153302013336-618,camper
20153302083336-98,transit
20153302103343-254,transit
20153302113326-941,transit
20153302113327-897,transit
20153302123315-813,none
20153302123354-327,camper
20153303063304-493,none
20153303063323-954,camper
20153303063324-730,transit
20153303083328-325,none
20153303113325-724,camper
20153303123330-670,none
20153304053341-130,none
20153304063341-413,camper
20153304093314-219,camper
20153304103320-13,transit
20153304103322-48,none
20153304103345-311,transit
20153305023325-265,transit
20153305023343-499,camper
20153305023347-977,none
20153305053345-661,transit
20153305063318-469,transit
20153305063339-830,transit
20153305073332-375,none
20153305083306-650,transit
20153305093306-900,none
20153305123353-662,camper
20153306013342-878,camper
20153306013348-102,transit
20153306033338-522,none
20153306053328-832,transit
20153306063352-473,ranger
20153306073311-379,camper
20153306083350-638,transit
20153306093301-157,transit
20153307013334-86,transit
20153307023326-161,camper
20153307023330-980,transit
20153307023355-407,camper
20153307063313-327,camper
20153307083303-133,transit
20153307093344-612,none
20153307103342-107,transit
20153307123351-488,camper
20153308013340-678,camper
20153308043300-221,transit
20153308043302-2,ranger
20153308043333-974,none
20153308073320-351,camper
20153308073343-836,transit
20153308083312-291,transit
20153308113306-665,transit
20153308113311-934,none
20153308113328-678,transit
20153309023330-431,ranger
20153309023351-326,ranger
20153309043302-556,camper
20153309043326-627,none
20153309053354-147,transit
20153309073325-375,transit
20153309083344-841,transit
20153309103304-690,camper
20153310023320-488,camper
20153310023331-588,transit
20153310033330-587,transit
20153310033332-410,camper
20153310053343-896,camper
20153310073320-226,none
20153310073327-373,camper
20153310073330-983,none
20153310073359-286,camper
20153310103325-597,camper
20153310113338-127,camper
20153310123348-266,none
20153311033321-730,camper
20153311033344-155,none
20153311043347-906,none
20153311093300-612,camper
20153311103347-710,none
20153311113332-277,camper
20153311113346-259,camper
20153311123312-935,camper
20153311123344-106,none
20153312013302-700,transit
20153312023309-815,none
20153312023328-539,camper
20153312023359-569,camper
20153312033332-791,none
20153312043334-753,none
20153312043358-829,none
20153312053318-51,camper
20153312063341-591,camper
20153312073303-715,transit
20153312083351-142,none
20153312103323-598,camper
20153312123331-53,ranger
20153313023303-282,camper
20153313033344-310,transit
20153313043332-986,camper
20153313053316-258,none
20153313103323-868,none
20153313123325-893,transit
20153314033340-706,transit
20153314043314-37,camper
20153314053346-735,ranger
20153314083334-485,transit
20153314093359-325,transit
20153314103357-720,transit
20153314113313-788,camper
20153315013353-23,transit
20153315023344-959,transit
20153315033338-254,transit
20153315033346-643,camper
20153315043301-166,camper
20153315053331-578,none
20153315063348-219,none
20153315073301-37,camper
20153315093319-548,ranger
20153315103330-816,transit
20153316013306-455,camper
20153316023336-110,transit
20153316033329-899,camper
20153316063306-527,camper
20153316063347-434,transit
20153316073319-342,camper
20153316093326-533,transit
20153316123340-662,camper
20153317013317-798,camper
20153317033311-12,ranger
20153317043306-904,camper
20153317083347-992,camper
20153317093335-696,transit
20153317093336-203,camper
20153317093349-531,camper
20153317103355-433,camper
20153317113300-397,camper
20153317113343-810,camper
20153317123351-161,camper
20153318013311-102,camper
20153318023339-26,transit
20153318063343-519,camper
20153318073302-736,transit
20153318073306-87,transit
20153318083323-500,transit
20153318113337-404,camper
20153319033341-735,transit
20153319043304-181,none
20153319053331-895,camper
20153319093327-65,camper
20153319103344-890,camper
20153319103348-844,none
20153319103352-70,camper
20153319103357-362,transit
20153319113351-741,ranger
20153320013348-524,transit
20153320023340-593,transit
20153320043305-28,camper
20153320043334-346,camper
20153320073301-191,transit
20153320073331-255,camper
20153320083339-666,camper
20153320103334-960,none
20153320113340-933,camper
20153321033321-89,camper
20153321073305-157,camper
20153321073309-380,transit
20153321083338-524,transit
20153321083357-258,transit
20153321093337-190,transit
20153321093359-544,transit
20153322053325-204,camper
20153322053343-539,camper
20153322063335-503,camper
20153322063340-765,camper
20153322063352-729,camper
20153322073314-672,transit
20153322073318-918,none
20153322083304-101,transit
20153322083304-339,camper
20153322093311-44,ranger
20153322103306-803,transit
20153322113310-90,none
20153323043307-820,camper
20153323073317-261,transit
20153323113303-711,transit
20153323113346-91,none
20153324013318-837,transit
20153324033312-407,camper
20153324033341-637,camper
20153324033357-107,none
20153324043332-415,none
20153324053349-706,none
20153324063314-704,transit
20153324063329-147,camper
20153324063356-765,none
20153324083337-471,camper
20153324083339-301,none
20153324083347-572,camper
20153324113335-428,transit
20153325023349-811,none
20153325033359-705,transit
20153325053331-235,transit
20153325073343-313,camper
20153325083340-695,none
20153325103339-383,none
20153325123355-404,camper
20153326013333-880,transit
20153326023327-79,none
20153326053324-797,transit
20153326053328-53,camper
20153326053348-223,none
20153326053354-839,ranger
20153326083315-407,camper
20153326103309-465,camper
20153327033307-541,transit
20153327063301-504,camper
20153327073300-290,transit
20153327083321-966,none
20153327123312-509,transit
20153327123320-68,camper
20153327123337-518,transit
20153328023337-626,transit
20153328033312-600,camper
20153328043346-303,transit
20153328073330-51,camper
20153329013347-72,camper
20153329023307-377,transit
20153329043300-437,camper
20153329043333-913,camper
20153329043335-963,transit
20153329053307-752,camper
20153329073300-377,camper
20153329073354-799,none
20153329073356-855,transit
20153329083354-580,camper
20153329123327-162,camper
20153330033330-655,none
20153330053323-666,camper
20153330083330-845,camper
20153330103301-467,ranger
20153330113330-512,camper
20153331013314-68,transit
20153331043347-600,none
20153331043359-711,camper
20153331073329-860,none
20153331073348-908,none
20153401013412-854,none
20153401033430-345,ranger
20153401053427-998,none
20153401073406-274,transit
20153401073437-826,camper
20153401073445-361,camper
20153401083408-692,transit
20153401123448-154,camper
20153402013445-750,camper
20153402043429-709,transit
20153402053419-365,camper
20153402063455-599,camper
20153402093426-354,transit
20153402093448-712,camper
20153402113431-964,camper
20153402113442-545,none
20153403033453-828,transit
20153403063410-107,transit
20153403063427-228,camper
20153403083413-579,camper
20153403093425-594,camper
20153403103453-441,transit
20153403123426-971,transit
20153404033401-932,transit
20153404053446-388,camper
20153404063406-832,camper
20153404073422-204,transit
20153404073436-211,transit
20153404113438-674,camper
20153404113443-239,camper
20153404123427-942,camper
20153405023441-79,transit
20153405033417-209,transit
20153405043412-917,none
20153405053455-727,none
20153405073417-472,transit
20153405083411-26,ranger
20153405093437-993,transit
20153405113448-541,ranger
20153405123438-377,transit
20153406023410-438,camper
20153406063433-934,none
20153406083403-509,camper
20153406083425-63,camper
20153406093457-331,transit
20153406103439-495,transit
20153406103456-125,none
20153406113422-942,camper
20153406113441-850,ranger
20153406123420-54,transit
20153407033404-537,none
20153407043429-914,camper
20153407043448-48,transit
20153407053446-722,transit
20153407083404-718,camper
20153407083404-897,camper
20153407113449-132,camper
20153407123403-76,camper
20153408023419-217,transit
20153408023435-549,none
20153408043401-757,camper
20153408043435-960,transit
20153408073457-999,transit
20153408093405-996,camper
20153408123414-956,none
20153409013402-796,camper
20153409043409-416,transit
20153409093445-142,none
20153410013458-539,transit
20153410023431-149,camper
20153410033438-594,transit
20153410073433-352,transit
20153410073455-798,camper
20153410083411-311,transit
20153410093459-534,transit
20153410103418-726,camper
20153410103442-666,none
20153411023411-472,camper
20153411033418-833,ranger
20153411043410-856,transit
20153411083432-767,transit
20153411103404-448,camper
20153411103429-694,camper
20153412033403-441,camper
20153412033456-768,camper
20153412053414-307,camper
20153412063404-685,camper
20153412083458-7,none
20153412103434-712,transit
20153412103450-486,camper
20153413013425-590,transit
20153413013448-41,none
20153413023435-625,camper
20153413043403-288,transit
20153413043431-24,transit
20153413063433-223,transit
20153414023428-448,none
20153414023451-770,camper
20153414063455-629,transit
20153414073434-467,transit
20153414073455-915,camper
20153414093429-72,transit
20153414093441-63,transit
20153414123423-117,transit
20153414123429-267,camper
20153415023424-597,transit
20153415033407-885,transit
20153415063446-238,transit
20153415093431-204,camper
20153415093452-950,transit
20153415103429-619,ranger
20153415113407-427,transit
20153416013418-86,camper
20153416013430-901,camper
20153416023407-833,camper
20153416033407-294,transit
20153416063401-279,none
20153416113424-270,transit
20153417013432-450,transit
20153417023410-606,none
20153417033427-45,none
20153417043413-536,camper
20153417043449-622,none
20153417063420-566,transit
20153417063448-475,transit
20153417063456-447,camper
20153417073421-124,none
20153417073441-185,transit
20153417073443-887,camper
20153417073459-319,none
20153417093416-395,transit
20153417093447-138,none
20153417113452-634,ranger
20153418013453-612,transit
20153418023443-272,camper
20153418033400-202,transit
20153418033431-409,camper
20153418083445-880,transit
20153418113403-917,transit
20153419013456-499,camper
20153419023448-961,camper
20153419043446-68,transit
20153419053450-999,camper
20153419063412-632,camper
20153419063421-197,camper
20153419073438-325,transit
20153419093404-219,transit
20153419093456-231,transit
20153419103427-993,transit
20153420013420-456,transit
20153420033448-825,transit
20153420113429-940,transit
20153421043429-701,transit
20153421043435-46,none
20153421053405-945,none
20153421053409-684,camper
20153421053417-554,transit
20153421083416-459,transit
20153421083420-150,transit
20153421083449-867,transit
20153421103406-18,none
20153422013411-767,transit
20153422023401-747,camper
20153422043437-184,transit
20153422043451-66,none
20153422113416-107,camper
20153422123448-833,none
20153423013422-332,camper
20153423013440-640,camper
20153423033438-577,transit
20153423043438-15,camper
20153423063429-324,camper
20153423073421-295,camper
20153423093401-798,none
20153424013401-207,camper
20153424013414-84,transit
20153424023413-34,camper
20153424063446-115,transit
20153424073437-874,camper
20153424103412-281,camper
20153424123435-575,camper
20153425013430-553,transit
20153425013459-560,camper
20153425023428-882,transit
20153425023446-675,camper
20153425043407-967,transit
20153425063422-588,transit
20153425083416-909,camper
20153425093430-367,camper
20153425113451-606,camper
20153426013437-524,transit
20153426023405-923,camper
20153426033412-312,camper
20153426053424-13,camper
20153426063444-230,none
20153426063448-128,camper
20153426073428-29,none
20153426113440-126,camper
20153426113444-229,none
20153427033416-341,transit
20153427103455-30,none
20153427113414-771,transit
20153427113429-434,transit
20153427123410-929,transit
20153428023408-345,none
20153428023417-311,camper
20153428023453-553,transit
20153428043416-290,transit
20153428053423-930,none
20153428083457-4,camper
20153428103417-553,camper
20153428103458-866,camper
20153428113427-920,none
20153428113447-712,transit
20153429013422-213,none
20153429033447-494,transit
20153429063446-548,camper
20153429073415-299,transit
20153430033444-725,camper
20153430053418-339,camper
20153430053459-656,transit
20153430063422-994,camper
20153430083434-174,camper
20153430113406-974,none
20153430123444-403,camper
20153431053429-239,transit
20153431063459-58,transit
20153431073409-48,transit
20153431073442-374,camper
20153431093434-586,none
20153431103412-743,camper
20153501043545-917,none
20153501053553-690,transit
20153501063526-413,transit
20153501063553-376,transit
20153501083518-306,camper
20153501103520-243,transit
20153502013558-87,none
20153502053554-349,camper
20153502053554-972,transit
20153502063540-65,camper
20153502063548-280,camper
20153502073513-998,none
20153502093559-187,transit
20153502103537-418,transit
20153503023514-976,none
20153503033522-230,ranger
20153503053507-544,transit
20153503063500-934,camper
20153503083518-692,transit
20153503093523-191,transit
20153504013504-269,camper
20153504013535-186,camper
20153504023552-882,transit
20153504033505-27,camper
20153504033551-486,camper
20153504043512-341,camper
20153504043519-589,transit
20153504073526-319,camper
20153504093525-994,none
20153504103503-465,camper
20153504103546-744,ranger
20153505033500-688,transit
20153505053547-348,transit
20153505073536-429,camper
20153505093535-456,camper
20153505093537-927,transit
20153505093553-28,none
20153505103515-843,none
20153505103526-82,camper
20153505113500-23,camper
20153505123531-2,camper
20153506013526-579,none
20153506053528-21,none
20153506073500-614,none
20153506073556-702,transit
20153506083513-271,transit
20153506103544-582,none
20153507013548-133,camper
20153507023520-378,transit
20153507023544-222,camper
20153507033523-248,camper
20153507043529-286,camper
20153507063538-340,transit
20153507073559-964,transit
20153508013524-202,transit
20153508013540-37,transit
20153508033513-874,camper
20153508053537-848,camper
20153508053556-774,camper
20153508073510-838,transit
20153508083547-956,camper
20153508083556-759,transit
20153508093525-159,transit
20153508103503-545,transit
20153509013553-476,camper
20153509023509-870,transit
20153509023541-496,transit
20153509033522-770,camper
20153509053507-371,none
20153509063553-817,camper
20153509093519-525,none
20153509113502-414,camper
20153509123549-969,camper
20153510023528-508,camper
20153510053553-286,none
20153510063507-937,transit
20153510103502-685,camper
20153510103505-180,camper
20153510103519-730,camper
20153510113512-793,transit
20153510113536-637,transit
20153511023506-639,none
20153511023551-556,transit
20153511073523-599,none
20153511073525-756,camper
20153511083503-854,transit
20153511093540-438,none
20153511103533-715,none
20153511103539-151,none
20153512013534-746,none
20153512023527-222,transit
20153512033519-432,transit
20153512043503-476,none
20153512063509-117,camper
20153512083545-799,transit
20153512093515-115,transit
20153512093552-508,camper
20153512103505-392,transit
20153512103509-707,transit
20153512123544-358,transit
20153513013506-980,camper
20153513063519-942,transit
20153513063533-429,ranger
20153513123506-982,camper
20153514023510-367,camper
20153514023557-288,transit
20153514023557-396,transit
20153514073524-157,camper
20153514073546-814,camper
20153514073548-195,camper
20153514093512-261,transit
20153514093535-484,camper
20153514113533-131,transit
20153515013541-577,transit
20153515023544-186,transit
20153515033550-824,camper
20153515043528-169,none
20153515043554-475,transit
20153515063542-487,none
20153515073527-365,transit
20153515083525-148,transit
20153515113516-627,camper
20153515113528-402,ranger
20153515113535-847,camper
20153515123516-876,none
20153516013555-105,camper
20153516043535-625,transit
20153516053542-376,camper
20153516073518-157,transit
20153516073525-764,none
20153516073525-833,camper
20153516073544-618,transit
20153516073556-77,transit
20153516083518-672,none
20153516083538-63,transit
20153516103511-94,camper
20153517023507-15,camper
20153517053527-329,none
20153517063534-282,transit
20153517073559-757,none
20153517083522-960,camper
20153517113533-488,camper
20153518023520-627,none
20153518033527-911,none
20153518063504-451,none
20153518093541-631,none
20153518103516-150,none
20153518113501-500,camper
20153518113519-608,camper
20153519023503-736,none
20153519023513-548,camper
20153519073502-928,none
20153519093544-845,camper
20153519103528-888,camper
20153519103544-665,transit
20153519113505-557,transit
20153519123507-498,camper
20153520013555-33,camper
20153520023501-293,transit
20153520033501-999,transit
20153520033505-60,camper
20153520073559-143,transit
20153520083537-285,none
20153520093506-281,camper
20153520113539-93,transit
20153520123543-757,none
20153521013551-443,none
20153521023550-202,none
20153521033513-856,camper
20153521033534-609,camper
20153521043509-287,camper
20153521043512-619,camper
20153521053544-115,camper
20153521063502-54,transit
20153521083522-988,camper
20153521093500-807,transit
20153521103524-176,transit
20153521103532-680,camper
20153522013550-778,transit
20153522043542-504,none
20153522073506-41,camper
20153522073546-640,none
20153522083526-246,transit
20153523013558-34,transit
20153523023547-89,transit
20153523033543-61,transit
20153523043519-62,camper
20153523073528-837,none
20153523073553-51,transit
20153523083548-153,camper
20153523113541-168,camper
20153524013503-520,transit
20153524023526-802,camper
20153524043531-670,camper
20153524063556-760,camper
20153524123538-428,camper
20153525013539-635,none
20153525013548-615,none
20153525023538-936,camper
20153525043522-499,camper
20153525053528-703,none
20153525063534-498,none
20153525063557-534,transit
20153525103553-687,transit
20153525123548-424,transit
20153526023543-27,transit
20153526033505-954,transit
20153526033506-881,none
20153526043555-14,camper
20153526053516-741,camper
20153526053519-888,transit
20153526053522-157,transit
20153526063512-278,camper
20153526073545-913,ranger
20153526083553-970,none
20153526093522-53,camper
20153527013517-550,transit
20153527043512-521,none
20153527083531-898,camper
20153527123523-916,ranger
20153528033529-323,none
20153528043531-628,transit
20153528073548-83,ranger
20153528073554-422,camper
20153528093544-388,transit
20153529023546-798,none
20153529033511-7,transit
20153529033559-238,camper
20153529043524-518,transit
20153529043556-955,ranger
20153529063501-322,camper
20153529083516-535,camper
20153529113545-877,transit
20153530033515-177,transit
20153530053501-879,camper
20153530053547-645,transit
20153530063502-239,transit
20153530093500-378,camper
20153531063525-211,transit
20153531103551-510,camper
20153531113522-803,transit
20153601013616-849,transit
20153601023624-894,camper
20153601023648-750,transit
20153601043615-143,none
20153601063643-881,transit
20153601073650-751,camper
20153601083623-683,camper
20153601083632-281,camper
20153601083636-353,transit
20153601093619-939,camper
20153601093644-33,camper
20153601103622-176,transit
20153601103622-897,camper
20153601103632-930,transit
20153601123633-561,camper
20153602023631-591,transit
20153602023647-120,camper
20153602033634-853,camper
20153602043601-34,transit
20153602043607-343,camper
20153602043658-257,camper
20153602053648-835,camper
20153602063625-130,none
20153602063638-621,transit
20153602063652-514,transit
20153602113611-646,none
20153602113624-365,transit
20153603013647-781,transit
20153603023614-793,camper
20153603043612-556,transit
20153603053617-529,camper
20153603053623-213,camper
20153603073606-804,transit
20153603073614-148,camper
20153603073635-578,none
20153603083601-161,transit
20153603083642-570,transit
20153603093633-912,camper
20153603103631-247,transit
20153603123623-802,transit
20153604033631-714,camper
20153604043601-41,transit
20153604053608-723,camper
20153604063638-945,none
20153604073602-444,camper
20153604073634-474,camper
20153604073635-88,camper
20153604113610-711,camper
20153604113627-746,transit
20153604113655-937,transit
20153604113656-45,camper
20153604123646-881,camper
20153605023617-415,camper
20153605023618-257,transit
20153605033603-700,transit
20153605033626-803,camper
20153605033636-902,camper
20153605053621-441,none
20153605083616-232,transit
20153605083637-818,transit
20153605103654-343,camper
20153605113620-487,camper
20153606013635-991,transit
20153606013658-220,transit
20153606043644-52,none
20153606053617-896,camper
20153606063624-577,camper
20153606063650-287,ranger
20153606073630-948,none
20153606073638-860,none
20153606073651-676,none
20153606073654-459,transit
20153606073656-187,camper
20153606083646-244,transit
20153606103646-550,transit
20153606103657-307,camper
20153606113605-705,none
20153606123604-841,camper
20153606123639-984,camper
20153607023643-340,none
20153607053604-567,camper
20153607053611-636,transit
20153607053640-189,none
20153607073659-642,none
20153607093625-365,camper
20153607113603-801,camper
20153608033627-983,transit
20153608033630-572,none
20153608073613-642,transit
20153608073657-712,transit
20153608103643-55,transit
20153608113640-380,transit
20153609013658-819,camper
20153609033618-162,transit
20153609033627-164,camper
20153609033638-542,transit
20153609043621-422,transit
20153609073641-224,none
20153609073654-587,camper
20153609113620-453,transit
20153609113649-758,camper
20153610013632-446,none
20153610043627-233,camper
20153610123607-900,transit
20153610123613-496,none
20153610123659-887,camper
20153611023638-561,transit
20153611043604-222,camper
20153611073650-522,none
20153611083607-245,transit
20153611093610-113,camper
20153611123644-691,ranger
20153611123659-692,none
20153612033615-297,camper
20153612043649-569,camper
20153612043651-254,camper
20153612053612-84,none
20153612063648-403,none
20153612073601-240,transit
20153612073632-445,camper
20153612103624-436,camper
20153613013611-755,transit
20153613013647-912,camper
20153613033606-451,camper
20153613053658-337,camper
20153613083644-306,camper
20153613093642-826,transit
20153613113604-266,transit
20153613113630-366,transit
20153614033641-18,transit
20153614093623-198,transit
20153614113645-637,camper
20153614123621-352,camper
20153615013648-281,camper
20153615033630-46,transit
20153615033644-309,transit
20153615043650-835,transit
20153615073626-13,transit
20153615093614-562,transit
20153615103638-158,camper
20153615113617-365,ranger
20153615113626-103,none
20153615113653-146,transit
20153616013639-745,transit
20153616013642-115,transit
20153616023622-592,none
20153616023658-518,camper
20153616093612-196,camper
20153616103605-901,transit
20153616123655-217,transit
20153617013601-315,camper
20153617013645-103,camper
20153617033658-794,camper
20153617043652-935,transit
20153617073625-500,none
20153617093653-526,camper
20153617103638-247,camper
20153617103644-124,transit
20153617113627-467,transit
20153618053610-340,camper
20153618073618-931,ranger
20153618073639-900,camper
20153618093644-486,transit
20153618103651-556,none
20153618113644-795,camper
20153618123612-480,camper
20153619013645-677,transit
20153619043658-889,ranger
20153619053636-962,camper
20153619063610-927,none
20153619073613-656,camper
20153619103622-151,camper
20153619123625-792,camper
20153619123629-727,none
20153620013633-332,none
20153620023617-93,none
20153620033616-263,transit
20153620033619-929,none
20153620053622-72,camper
20153620073607-661,none
20153620073642-259,transit
20153620073655-119,camper
20153620083607-408,camper
20153620083629-759,none
20153620093610-570,transit
20153620093639-512,transit
20153621013605-948,none
20153621033624-514,camper
20153621043606-60,camper
20153621043654-816,none
20153621093642-578,transit
20153621103636-206,none
20153621113623-976,transit
20153621113627-482,ranger
20153621123651-644,transit
20153622013612-921,transit
20153622023640-890,none
20153622043643-625,camper
20153622053626-161,transit
20153622083653-391,camper
20153622093615-832,camper
20153622093633-893,camper
20153622103615-743,camper
20153622103648-402,camper
20153622113605-844,camper
20153622113627-960,camper
20153622113653-407,camper
20153622123619-566,camper
20153622123625-953,transit
20153623023601-382,transit
20153623043615-405,transit
20153623073647-385,camper
20153623073655-303,camper
20153623093637-634,transit
20153623093654-994,none
20153623113600-392,camper
20153624033652-668,transit
20153624043623-472,camper
20153624053656-871,transit
20153624063632-719,transit
20153624063634-720,camper
20153624073607-630,camper
20153624073615-56,camper
20153624083613-62,transit
20153624083625-903,transit
20153624093600-684,camper
20153624093618-492,camper
20153624093633-927,none
20153624093638-216,transit
20153624113634-748,camper
20153624123607-78,ranger
20153625033655-460,none
20153625043610-6,none
20153625053657-8,transit
20153625063605-688,camper
20153626023608-801,none
20153626023632-111,camper
20153626023634-935,camper
20153626033657-418,transit
20153626053623-916,camper
20153626073627-527,transit
20153626083639-100,none
20153626093628-77,camper
20153627013649-281,transit
20153627053602-196,none
20153627103626-273,ranger
20153627103631-641,ranger
20153627113639-711,camper
20153628013640-524,ranger
20153628013654-43,transit
20153628043653-891,transit
20153628063656-228,camper
20153628093653-512,transit
20153628093659-387,camper
20153628113615-827,camper
20153629023651-616,camper
20153629043616-154,ranger
20153629043624-983,none
20153629053647-857,camper
20153629073622-752,camper
20153629093621-951,camper
20153629093635-690,camper
20153629103642-718,camper
20153630063613-481,transit
20153630103619-546,none
20153630123652-843,transit
20153631023614-197,none
20153631043604-397,camper
20153701033700-323,transit
20153701033718-257,none
20153701043700-596,none
20153701043709-900,camper
20153701093702-509,camper
20153701113704-354,camper
20153701113748-789,camper
20153701123723-532,transit
20153702023707-936,transit
20153702103731-275,transit
20153702123720-767,none
20153703033723-96,none
20153703033728-566,transit
20153703033757-677,camper
20153703063712-927,transit
20153703073756-936,camper
20153703093747-572,none
20153703093757-526,transit
20153703103702-660,transit
20153703103703-319,transit
20153703113751-752,none
20153703123740-719,none
20153704013734-599,camper
20153704023740-102,transit
20153704023750-346,transit
20153704043754-922,transit
20153704053753-903,none
20153704073745-278,camper
20153704083713-621,transit
20153704083744-741,camper
20153704093720-945,transit
20153704093744-62,ranger
20153704113707-880,camper
20153704113726-506,none
20153704113747-463,none
20153705013742-751,transit
20153705023701-460,camper
20153705023746-664,transit
20153705023749-508,ranger
20153705033742-285,transit
20153705043729-269,transit
20153705043758-335,transit
20153705073720-86,camper
20153705073748-632,transit
20153705093703-55,camper
20153705093734-951,none
20153705103735-214,none
20153705113718-477,camper
20153705123714-935,camper
20153706033723-432,camper
20153706033726-232,transit
20153706053734-630,transit
20153706063755-802,camper
20153706113731-583,camper
20153706123711-574,transit
20153706123730-475,camper
20153706123753-969,camper
20153707013701-687,transit
20153707013704-492,transit
20153707013714-8,transit
20153707023738-67,transit
20153707023747-858,camper
20153707043701-568,transit
20153707063710-587,camper
20153707073715-128,camper
20153707073745-657,camper
20153707093749-951,camper
20153707103738-243,transit
20153707103757-720,none
20153707123722-164,camper
20153707123730-758,camper
20153707123744-857,none
20153708023749-220,camper
20153708023759-709,camper
20153708043719-886,transit
20153708043726-871,transit
20153708063710-651,transit
20153708073703-436,camper
20153708073726-600,camper
20153708103718-939,transit
20153709023755-809,transit
20153709043727-160,none
20153709073753-995,camper
20153709093741-767,camper
20153709093756-988,camper
20153710013742-178,camper
20153710023730-748,none
20153710023738-627,camper
20153710023741-996,camper
20153710023742-746,transit
20153710043759-580,ranger
20153710063714-771,none
20153710073716-970,camper
20153710073725-591,camper
20153710083702-995,none
20153710103717-23,camper
20153710103741-345,camper
20153711013755-30,camper
20153711023738-776,none
20153711033732-656,camper
20153711053702-226,camper
20153711053713-630,transit
20153711053745-657,transit
20153711063717-524,camper
20153711063753-323,transit
20153711073708-752,camper
20153711073745-667,transit
20153711073747-446,camper
20153711083756-161,transit
20153711093723-390,camper
20153711103709-280,none
20153712013718-885,ranger
20153712013720-181,camper
20153712023734-851,transit
20153712043748-60,camper
20153712053742-911,camper
20153712053749-134,none
20153712053750-371,none
20153712063710-382,transit
20153712063756-502,camper
20153712103753-734,transit
20153712113749-782,camper
20153713023759-301,transit
20153713053710-170,none
20153713053720-934,camper
20153713073734-379,transit
20153713073746-513,transit
20153713103711-913,ranger
20153713103729-151,none
20153713103736-380,transit
20153713113703-493,none
20153713113721-137,none
20153714023755-239,none
20153714033720-570,transit
20153714043724-299,transit
20153714053753-627,camper
20153714063741-679,transit
20153714063744-506,none
20153714083754-335,transit
20153714093722-194,transit
20153714093734-926,camper
20153715043702-719,transit
20153715063723-831,transit
20153715073756-574,transit
20153715093725-365,camper
20153716033726-119,camper
20153716033755-459,none
20153716053704-475,none
20153716053741-328,camper
20153716123710-632,camper
20153716123736-670,transit
20153717013712-983,transit
20153717013727-315,camper
20153717023707-721,ranger
20153717033736-717,camper
20153717043711-283,transit
20153717053733-740,none
20153717063714-206,transit
20153717083746-738,camper
20153717103748-173,camper
20153717113702-835,camper
20153717123705-260,transit
20153717123723-9,transit
20153717123759-246,camper
20153718013726-245,ranger
20153718023711-582,transit
20153718023735-885,transit
20153718063701-202,none
20153718083748-67,transit
20153718113730-766,camper
20153718113750-118,camper
20153719023744-10,camper
20153719023756-293,ranger
20153719053715-589,camper
20153719063729-533,camper
20153719063742-10,none
20153719063754-548,none
20153719093703-501,transit
20153719093713-179,transit
20153719113733-632,camper
20153719113736-210,transit
20153719123723-558,transit
20153719123745-647,camper
20153719123756-685,ranger
20153720013744-969,transit
20153720033720-23,transit
20153720063727-695,transit
20153720093737-980,none
20153720123722-777,camper
20153721013734-366,transit
20153721013750-459,none
20153721033723-749,none
20153721043705-857,camper
20153721043708-165,transit
20153721043746-702,camper
20153721053713-825,transit
20153721073705-425,ranger
20153721073748-885,camper
20153721073751-968,camper
20153721083755-788,camper
20153721093748-104,transit
20153721113736-947,ranger
20153721113745-20,ranger
20153721113747-248,camper
20153721123707-721,none
20153722023710-935,camper
20153722033750-276,camper
20153722043755-415,transit
20153722083744-703,camper
20153722093714-712,transit
20153722113713-858,none
20153722113716-211,camper
20153722113733-394,camper
20153722123707-242,ranger
20153723013743-159,camper
20153723043748-531,camper
20153723053736-677,transit
20153723053749-114,none
20153723053754-880,none
20153723063722-803,transit
20153723093749-366,ranger
20153723093753-818,camper
20153723103701-496,camper
20153723103744-695,camper
20153723103750-402,camper
20153723123726-448,camper
20153724013715-465,transit
20153724023746-464,ranger
20153724023747-163,camper
20153724023750-556,transit
20153724043708-660,transit
20153724053722-514,none
20153724063727-843,camper
20153724093709-707,none
20153725033724-266,none
20153725063732-242,none
20153725073717-829,transit
20153725083712-151,camper
20153725113714-643,camper
20153725123729-641,camper
20153726013742-221,none
20153726023718-952,camper
20153726023729-671,transit
20153726033730-553,transit
20153726053710-587,none
20153726053749-107,camper
20153726073704-996,camper
20153726073753-79,transit
20153726083749-370,camper
20153726103729-16,transit
20153727043745-688,transit
20153727053754-806,camper
20153727063739-579,none
20153727093724-440,transit
20153727093729-656,transit
20153727113719-945,camper
20153728013721-249,none
20153728023714-421,transit
20153728023732-586,none
20153728033704-530,camper
20153728063706-624,camper
20153728063732-924,none
20153728073721-430,camper
20153728113707-548,transit
20153728123701-400,ranger
20153729013759-535,transit
20153729063721-795,none
20153729063729-602,camper
20153729073710-629,transit
20153729073712-433,transit
20153729073721-666,transit
20153729093742-70,camper
20153730013710-947,camper
20153730013733-766,camper
20153730043729-348,transit
20153730043735-122,none
20153730063709-466,transit
20153730063725-217,camper
20153730073704-350,none
20153730073739-621,none
20153730083758-789,camper
20153730093759-512,transit
20153730113759-10,camper
20153730123713-648,camper
20153731033739-510,camper
20153731043749-62,transit
20153731083734-496,camper
20153731093738-268,camper
20153731113748-614,camper
20153731123756-284,none
20153801033808-197,camper
20153801053802-368,camper
20153801063806-347,camper
20153801063819-939,camper
20153801073824-510,transit
20153801073845-972,camper
20153801093856-649,transit
20153801103803-800,none
20153801103820-592,transit
20153801103836-428,transit
20153801113810-64,none
20153801123804-820,transit
20153801123847-62,camper
20153802033804-576,camper
20153802033813-283,none
20153802033858-962,transit
20153802043859-167,camper
20153802053809-61,transit
20153802053822-860,camper
20153802053827-252,camper
20153802063824-325,camper
20153802083826-293,transit
20153802083839-459,transit
20153802093839-827,transit
20153802103810-631,none
20153803013812-529,camper
20153803023834-469,transit
20153803033830-92,transit
20153803043831-603,camper
20153803043840-270,none
20153803053841-80,none
20153803063844-450,transit
20153803073835-302,transit
20153803093849-545,transit
20153803123852-497,transit
20153804013823-112,camper
20153804013829-884,camper
20153804023854-460,camper
20153804033818-40,transit
20153804033854-75,transit
20153804083807-583,transit
20153804123821-386,none
20153805023838-887,camper
20153805033854-367,camper
20153805053834-527,transit
20153805053836-382,camper
20153805103821-658,camper
20153805113817-385,transit
20153805113822-592,transit
20153806013838-97,transit
20153806033856-349,transit
20153806043807-692,transit
20153806073851-666,ranger
20153806083852-610,transit
20153806113852-538,camper
20153806123800-433,none
20153807043826-928,none
20153807073822-145,camper
20153807073825-908,transit
20153807083832-588,camper
20153807123831-102,ranger
20153807123843-273,none
20153808013814-745,camper
20153808023854-809,ranger
20153808033819-967,camper
20153808033852-901,transit
20153808043852-644,transit
20153808063810-896,transit
20153808063835-434,ranger
20153808073858-178,transit
20153808083849-175,camper
20153808113851-534,camper
20153808123846-946,camper
20153809033822-322,none
20153809053851-563,camper
20153809063840-685,camper
20153809083850-246,transit
20153809093817-665,transit
20153809093819-671,ranger
20153809093826-522,transit
20153809103819-436,transit
20153810023830-241,transit
20153810033802-347,transit
20153810033828-103,transit
20153810043815-312,none
20153810053835-229,camper
20153810073848-648,transit
20153810113852-786,ranger
20153811073850-269,transit
20153811083856-28,camper
20153811103843-682,none
20153811123837-345,camper
20153812013844-3,none
20153812023808-33,none
20153812023844-489,none
20153812033824-570,none
20153812033843-266,transit
20153812043800-944,transit
20153812043859-808,transit
20153812083855-78,none
20153812113808-572,transit
20153812113834-265,camper
20153812113835-266,transit
20153812123814-593,transit
20153813013818-588,none
20153813023856-590,transit
20153813033817-519,camper
20153813043802-884,camper
20153813063822-684,transit
20153813073854-147,ranger
20153813083845-656,transit
20153813083855-252,camper
20153813093821-524,camper
20153813093827-417,camper
20153813103815-223,camper
20153813103831-284,transit
20153813123814-541,camper
20153814023849-856,camper
20153814043805-677,transit
20153814043845-421,transit
20153814063811-775,none
20153814073818-418,camper
20153814073832-780,none
20153814083837-684,transit
20153815013846-732,ranger
20153815023800-36,none
20153815023810-577,none
20153815023818-134,transit
20153815033829-113,transit
20153815033847-524,camper
20153815043822-450,transit
20153815043826-432,transit
20153815083827-733,camper
20153815113857-329,camper
20153816013824-587,transit
20153816013852-363,transit
20153816023809-93,transit
20153816023820-577,camper
20153816053837-20,transit
20153816073829-738,transit
20153816093827-264,camper
20153816113806-724,camper
20153816113833-530,transit
20153816123820-926,camper
20153817023845-441,transit
20153817023845-593,camper
20153817023856-742,camper
20153817033857-516,camper
20153817043840-987,transit
20153817073832-550,camper
20153817073852-677,none
20153817073856-948,none
20153817093809-163,transit
20153817093840-341,camper
20153817123810-726,none
20153818023827-608,none
20153818043825-817,transit
20153818043830-284,camper
20153818053803-458,none
20153818073802-881,transit
20153818083854-670,transit
20153818113831-85,camper
20153818113834-443,transit
20153818123807-188,camper
20153818123834-739,transit
20153819053827-500,camper
20153819063857-804,transit
20153819083834-492,transit
20153819083843-621,ranger
20153819103829-614,camper
20153819113858-68,none
20153820033815-384,none
20153820033837-589,transit
20153820063840-304,camper
20153820103805-986,none
20153820123814-722,transit
20153820123823-404,transit
20153821013858-962,transit
20153821033809-893,transit
20153821043846-584,camper
20153821073821-483,camper
20153822013849-566,transit
20153822023828-796,camper
20153822033829-145,transit
20153822063823-273,transit
20153823013829-72,none
20153823023800-335,transit
20153823033832-79,transit
20153823053835-378,transit
20153823083813-827,camper
20153823093810-188,none
20153824013843-200,transit
20153824013848-746,camper
20153824023844-286,transit
20153824023857-53,camper
20153824043829-635,camper
20153824083801-208,camper
20153824083847-50,transit
20153824083858-992,none
20153824093824-168,transit
20153824093852-393,camper
20153824113843-804,none
20153824123805-820,transit
20153824123838-868,none
20153825023849-885,transit
20153825033823-154,none
20153825093836-871,none
20153825103856-49,none
20153825123835-385,camper
20153826013830-715,none
20153826053837-25,camper
20153826053851-68,transit
20153826063809-399,camper
20153826073859-860,camper
20153826093802-90,none
20153826113840-759,transit
20153827023814-492,camper
20153827033840-612,transit
20153827043811-471,none
20153827043838-171,camper
20153827073826-547,transit
20153827123824-834,transit
20153827123857-393,transit
20153828023832-687,camper
20153828023847-986,transit
20153828033825-526,transit
20153828043838-890,transit
20153828043844-886,transit
20153828073820-71,camper
20153828093806-862,camper
20153828103812-353,camper
20153828103822-230,none
20153829013810-820,camper
20153829013813-529,camper
20153829013822-10,camper
20153829013850-412,camper
20153829033801-987,none
20153829033806-731,transit
20153829053832-818,camper
20153829073814-789,camper
20153829073857-994,transit
20153829083816-42,transit
20153829113840-796,transit
20153829113849-125,none
20153829123844-783,camper
20153830033808-10,none
20153830053813-967,none
20153830103847-519,transit
20153830123823-873,none
20153830123835-677,camper
20153830123858-160,camper
20153831023819-817,transit
20153831033841-860,camper
20153831053831-162,transit
20153831053859-551,transit
20153831073807-668,none
20153831073821-785,camper
20153831073831-305,transit
20153831083826-894,none
20153831083843-375,none
20153831093854-191,none
20153831123814-376,camper
20153901033919-894,transit
20153901033952-705,camper
20153901053918-352,camper
20153901093902-273,transit
20153901093935-546,none
20153901113923-917,none
20153901113955-499,transit
20153901123959-526,transit
20153902073935-578,camper
20153902093914-109,camper
20153902113902-855,none
20153902113904-246,transit
20153902113957-47,camper
20153902123943-115,transit
20153903023914-632,none
20153903043925-167,camper
20153903053902-75,none
20153903083917-995,transit
20153903083921-101,camper
20153903103918-43,none
20153903103958-735,camper
20153903123902-205,camper
20153903123925-684,camper
20153904013906-659,none
20153904043911-814,camper
20153904043916-955,transit
20153904123927-503,transit
20153905033916-808,transit
20153905043940-561,transit
20153905053924-916,transit
20153905073902-613,camper
20153905083900-16,camper
20153905083914-652,ranger
20153905093930-439,ranger
20153905093959-243,none
20153905113904-390,camper
20153905113933-110,none
20153906013912-384,camper
20153906013936-263,camper
20153906043929-561,camper
20153906043931-40,camper
20153906073935-24,camper
20153906083903-43,transit
20153906083952-145,ranger
20153906103904-615,transit
20153906103944-585,none
20153906113925-617,transit
20153906123907-891,camper
20153906123909-784,ranger
20153906123947-442,camper
20153907013929-325,transit
20153907063953-451,camper
20153907063955-529,camper
20153907063956-520,transit
20153907083929-200,transit
20153907083950-363,transit
20153907093921-873,none
20153907103922-17,transit
20153907123907-228,camper
20153908013900-436,transit
20153908033902-198,none
20153908033947-597,camper
20153908033959-883,transit
20153908053938-958,ranger
20153908063905-670,camper
20153908063950-119,none
20153908083948-874,transit
20153908093954-852,transit
20153908113930-121,camper
20153908123912-532,transit
20153909013957-769,camper
20153909043943-587,transit
20153909063900-406,transit
20153909063904-599,none
20153909063916-316,camper
20153909083938-573,camper
20153909083952-481,none
20153909123913-261,camper
20153909123939-465,camper
20153910023920-885,ranger
20153910033908-495,camper
20153910033927-41,camper
20153910033941-688,none
20153910053957-154,none
20153910063929-445,camper
20153910063931-835,camper
20153910073928-690,transit
20153910103911-48,none
20153910103950-220,none
20153910103953-619,ranger
20153910113902-207,none
20153910113938-766,camper
20153910123921-997,camper
20153911023922-232,ranger
20153911023955-263,transit
20153911053918-572,transit
20153911063920-320,none
20153911063958-825,none
20153911083955-135,camper
20153911123946-418,transit
20153911123949-903,transit
20153912013934-463,none
20153912053941-227,camper
20153912073954-48,none
20153912083903-728,camper
20153912093939-687,camper
20153912103945-821,camper
20153912113915-546,none
20153912113932-996,camper
20153913013912-134,camper
20153913013945-531,transit
20153913013945-647,transit
20153913023914-536,camper
20153913033930-161,transit
20153913043954-902,transit
20153914013948-961,ranger
20153914023918-636,camper
20153914023919-152,camper
20153914023937-328,transit
20153914023947-993,camper
20153914043919-947,camper
20153914043938-754,camper
20153914053936-509,transit
20153914093936-718,camper
20153914103924-207,none
20153914113913-928,ranger
20153914123913-490,camper
20153914123920-944,camper
20153914123956-26,none
20153915023936-819,transit
20153915033936-509,transit
20153915033947-108,camper
20153915043953-171,camper
20153915063929-257,camper
20153915063956-500,none
20153915063956-914,camper
20153915073941-58,camper
20153915073941-756,camper
20153915083944-317,transit
20153915093925-624,none
20153915093952-584,transit
20153915103957-558,transit
20153915113920-94,camper
20153916033930-668,camper
20153916033945-707,none
20153916043914-989,transit
20153916083923-377,camper
20153916083938-856,transit
20153916093915-787,ranger
20153916093939-270,transit
20153916093940-375,none
20153917013951-732,transit
20153917023952-510,camper
20153917033947-416,camper
20153917043928-276,transit
20153917053945-907,camper
20153917063918-461,none
20153917063943-246,camper
20153917083902-936,transit
20153917083932-320,transit
20153917103955-556,transit
20153917113956-553,camper
20153918023918-951,none
20153918023945-299,transit
20153918033905-675,none
20153918063928-963,transit
20153918103955-36,transit
20153918123921-858,camper
20153919013932-905,transit
20153919023921-5,camper
20153919043929-699,transit
20153919053954-565,camper
20153919063905-813,transit
20153919063911-237,transit
20153919063918-509,camper
20153919093903-980,transit
20153919103944-791,transit
20153920013947-498,transit
20153920053952-270,transit
20153920063926-150,transit
20153920073940-995,camper
20153920073949-207,camper
20153920093919-134,none
20153920123932-501,camper
20153921023939-728,camper
20153921063925-19,transit
20153921073905-218,transit
20153921093922-779,camper
20153921113945-793,transit
20153922013946-38,camper
20153922023910-254,transit
20153922023924-852,none
20153922053919-378,transit
20153922053933-770,transit
20153922063913-994,transit
20153922073912-705,transit
20153922073948-796,camper
20153922083923-991,camper
20153922083950-986,transit
20153922093935-861,transit
20153922113902-456,camper
20153922113912-625,transit
20153922123906-664,transit
20153923043910-954,transit
20153923063952-372,none
20153923083952-869,camper
20153923093923-432,camper
20153923103919-117,none
20153923123928-126,none
20153924013929-447,camper
20153924023920-320,transit
20153924033931-701,transit
20153924033938-548,none
20153924043927-887,none
20153924053923-735,transit
20153924053939-189,none
20153924063922-140,transit
20153924063948-428,none
20153924083906-471,transit
20153924083911-558,camper
20153924093910-207,transit
20153924093924-473,camper
20153924103929-927,camper
20153925013909-748,transit
20153925013917-321,none
20153925013947-835,camper
20153925023931-202,camper
20153925023956-683,camper
20153925033910-145,none
20153925033936-464,camper
20153925063909-84,camper
20153925073944-948,none
20153925093948-60,transit
20153926013940-342,camper
20153926053920-400,transit
20153926063956-523,transit
20153926083902-744,camper
20153926083915-568,camper
20153926103929-911,camper
20153927033926-724,camper
20153927053939-550,transit
20153927063907-823,camper
20153927073957-20,transit
20153927083928-87,camper
20153927083929-384,camper
20153927083939-140,camper
20153927083957-348,transit
20153927103940-785,transit
20153927113901-186,transit
20153928033930-548,transit
20153928033936-280,transit
20153928053902-838,camper
20153928053908-907,transit
20153928053942-429,camper
20153928083935-276,none
20153928103909-2,none
20153928113920-541,transit
20153928123900-472,none
20153929033929-134,transit
20153929033938-399,transit
20153929033958-663,camper
20153929063914-980,none
20153929103913-137,transit
20153929113917-892,transit
20153930013922-843,transit
20153930013951-273,transit
20153930043916-979,camper
20153930063946-911,none
20153930103903-13,camper
20153930113943-456,transit
20153930123905-665,camper
20153931033915-279,transit
20153931033925-158,transit
20153931053905-915,camper
20153931093915-91,camper
20153931113929-38,camper
20153931123903-265,transit
20153931123938-639,camper
20153931123943-847,camper
20154001014024-716,transit
20154001014033-163,transit
20154001024033-540,transit
20154001034019-109,transit
20154001044056-714,camper
20154001094026-804,camper
20154001094055-572,none
20154001124007-163,camper
20154002044015-415,none
20154002064027-139,transit
20154002074029-503,camper
20154002074031-133,camper
20154002114020-604,camper
20154002124037-486,none
20154003034013-605,transit
20154003034016-1,camper
20154003034049-950,transit
20154003044005-17,transit
20154003044030-751,transit
20154003054009-197,camper
20154003064021-184,camper
20154003064055-201,transit
20154003074025-33,none
20154003074029-430,camper
20154003074043-575,transit
20154003074050-280,camper
20154003094016-490,transit
20154003094041-201,camper
20154003094045-516,transit
20154003094054-34,transit
20154003114038-680,camper
20154004014005-146,none
20154004014055-23,none
20154004024021-315,camper
20154004024041-501,transit
20154004024058-952,transit
20154004044006-495,transit
20154004074058-4,transit
20154004104042-172,transit
20154004104046-619,transit
20154004124049-126,ranger
20154005024018-445,camper
20154005024056-186,camper
20154005064014-414,none
20154005074020-834,none
20154005074031-234,camper
20154005084034-534,none
20154005104045-45,transit
20154005114042-468,camper
20154005124002-56,transit
20154006014046-882,camper
20154006084010-188,none
20154006094031-783,transit
20154006104030-674,transit
20154006114047-586,transit
20154007014009-69,ranger
20154007044039-1,transit
20154007044046-100,transit
20154007054004-20,transit
20154007084016-908,transit
20154007094039-158,camper
20154007124035-405,camper
20154008014020-3,camper
20154008044039-692,camper
20154008064002-521,none
20154008114008-610,camper
20154008124005-88,transit
20154009014043-627,transit
20154009024007-195,transit
20154009034030-315,none
20154009054046-633,camper
20154009054047-426,none
20154009074056-552,camper
20154009084012-389,transit
20154009094029-596,camper
20154009094046-755,ranger
20154010034018-964,camper
20154010044016-420,camper
20154010044027-339,transit
20154010054018-304,transit
20154010054046-685,none
20154011014002-294,camper
20154011014020-687,camper
20154011024040-649,none
20154011034024-556,ranger
20154011034039-469,none
20154011054033-757,camper
20154011064035-593,none
20154011084036-355,camper
20154011094003-14,transit
20154011104052-37,transit
20154011114039-253,camper
20154011124049-78,camper
20154012084012-918,none
20154012094002-636,none
20154013024024-502,transit
20154013024041-206,transit
20154013024051-533,transit
20154013024057-318,none
20154013054046-187,transit
20154013074034-724,none
20154013074053-753,transit
20154014024032-779,camper
20154014044002-961,transit
20154014044052-146,none
20154014064021-651,transit
20154014074047-814,none
20154014114045-845,transit
20154014124047-594,none
20154015014021-451,transit
20154015024017-709,none
20154015034053-424,camper
20154015054004-779,transit
20154015074020-606,camper
20154015084042-590,transit
20154015084059-867,none
20154015094032-476,transit
20154015124012-13,transit
20154016024042-99,none
20154016034034-758,transit
20154016054003-520,camper
20154016054014-797,ranger
20154016054052-85,camper
20154016064011-574,transit
20154016094003-962,none
20154016094058-683,none
20154017024042-674,transit
20154017054027-841,none
20154017054050-144,transit
20154017084021-729,none
20154017114049-331,camper
20154018014039-665,transit
20154018024000-428,camper
20154018024040-960,camper
20154018024055-629,none
20154018034028-142,camper
20154018034049-540,camper
20154018064044-142,transit
20154018074013-627,none
20154018084053-456,camper
20154018104016-465,transit
20154018114036-212,camper
20154018124023-509,none
20154019014037-909,transit
20154019064018-400,transit
20154019064052-72,camper
20154019074002-798,ranger
20154019094031-164,none
20154019094032-955,transit
20154019104036-155,camper
20154019114056-143,transit
20154019124057-626,camper
20154020014041-64,transit
20154020024025-608,camper
20154020024044-998,camper
20154020064001-815,transit
20154020064005-519,none
20154020074034-240,transit
20154020084046-212,none
20154020094036-474,transit
20154020114057-829,transit
20154021014001-277,camper
20154021044011-956,none
20154021044054-397,camper
20154021054041-801,transit
20154021074026-934,camper
20154021094037-540,ranger
20154021124002-193,camper
20154021124053-807,transit
20154022044005-497,none
20154022094032-411,transit
20154022094045-758,transit
20154022104023-25,transit
20154022104050-662,camper
20154023014004-410,none
20154023014021-519,none
20154023044021-772,camper
20154023044028-20,camper
20154023044047-684,camper
20154023044057-706,transit
20154023054048-289,transit
20154023064009-80,camper
20154023084005-11,camper
20154023084052-167,camper
20154023084059-267,camper
20154023094051-730,transit
20154023114025-400,transit
20154023114043-198,transit
20154024034000-968,camper
20154024034035-259,camper
20154024044050-101,camper
20154024054007-766,none
20154024064023-567,camper
20154024074003-16,transit
20154024084014-114,none
20154024084056-354,camper
20154024104023-492,transit
20154025044040-916,ranger
20154025064002-192,transit
20154025084012-749,transit
20154025084030-323,camper
20154025094008-773,camper
20154025094043-486,ranger
20154025104021-837,transit
20154025114030-785,transit
20154025124046-991,camper
20154026024058-952,camper
20154026034051-679,camper
20154026064046-481,transit
20154026064058-741,transit
20154026084019-504,camper
20154026094053-772,camper
20154026104009-242,camper
20154026104010-209,transit
20154026124034-23,transit
20154027014057-847,camper
20154027024014-523,camper
20154027024025-199,camper
20154027054016-842,transit
20154027054037-715,camper
20154027074016-388,ranger
20154027074029-955,camper
20154027094059-666,none
20154027114042-147,camper
20154027124020-1,transit
20154028024025-412,transit
20154028034007-248,transit
20154028054041-169,transit
20154028064022-977,transit
20154028074004-866,camper
20154028084056-791,camper
20154028094035-124,transit
20154028104000-762,ranger
20154029064002-238,camper
20154029064014-316,transit
20154029094009-664,transit
20154030014017-971,none
20154030024047-702,transit
20154030024055-701,camper
20154030074051-343,transit
20154030094014-979,camper
20154030094027-816,camper
20154030104055-168,camper
20154030124024-979,transit
20154031034012-555,transit
20154031034031-358,none
20154031064052-537,none
20154031094054-93,transit
20154031114007-403,none
20154101014157-341,camper
20154101024112-589,transit
20154101034146-410,transit
20154101104121-957,transit
20154102014126-174,transit
20154102014133-632,camper
20154102024151-886,ranger
20154102044113-988,ranger
20154102054122-35,camper
20154102054146-649,transit
20154102064127-486,camper
20154102064141-457,transit
20154102064149-827,transit
20154102094110-15,transit
20154102104114-973,camper
20154102104153-159,none
20154102114107-39,ranger
20154102114109-572,camper
20154102114141-894,camper
20154102114150-147,transit
20154102124124-992,camper
20154103044135-158,none
20154103054117-454,none
20154103064143-365,transit
20154103084118-72,camper
20154103084141-252,camper
20154103094100-193,none
20154103124122-473,transit
20154104014129-521,transit
20154104044114-321,none
20154104044115-177,transit
20154104054114-147,camper
20154104064113-956,camper
20154104084104-664,none
20154104084152-634,none
20154104094134-985,transit
20154104114100-134,camper
20154104114100-580,camper
20154104114144-550,none
20154105024125-706,camper
20154105024146-407,none
20154105044140-645,camper
20154105054102-171,transit
20154105054122-296,none
20154105054132-343,transit
20154105104118-281,transit
20154105104122-644,camper
20154106044147-121,none
20154106054106-428,ranger
20154106054126-881,camper
20154106064107-561,transit
20154106074104-999,transit
20154106074146-482,transit
20154106084128-953,transit
20154106094112-225,camper
20154106094124-665,transit
20154107034113-933,transit
20154107044146-623,none
20154107044154-514,camper
20154107054150-318,none
20154107064122-126,transit
20154107074130-137,camper
20154107094119-348,none
20154107094120-553,transit
20154107104119-514,transit
20154107104138-147,camper
20154107104157-998,none
20154107114151-839,camper
20154107124133-326,camper
20154107124142-501,camper
20154108014111-723,transit
20154108014126-563,camper
20154108024107-766,transit
20154108034131-291,camper
20154108064156-761,transit
20154108094103-458,none
20154108114121-535,camper
20154109014116-716,camper
20154109034123-194,transit
20154109034145-873,transit
20154109044143-428,transit
20154109064111-406,none
20154109074131-62,camper
20154109084147-454,none
20154109094118-83,transit
20154109104113-129,transit
20154110024103-797,none
20154110054139-862,ranger
20154110064123-404,transit
20154110084110-852,transit
20154111024150-826,camper
20154111034148-335,camper
20154111044139-392,transit
20154111054107-471,transit
20154111054116-626,transit
20154111074111-452,camper
20154111084119-363,camper
20154111094103-46,transit
20154111094159-894,transit
20154111114145-439,camper
20154112014114-381,camper
20154112034139-814,transit
20154112044111-362,none
20154112044115-553,transit
20154112044145-237,ranger
20154112054153-889,transit
20154112084109-806,camper
20154112094107-810,camper
20154112094153-72,transit
20154112104108-585,transit
20154113014112-34,transit
20154113014144-954,transit
20154113034158-162,ranger
20154113044136-32,none
20154113074143-823,camper
20154113094135-208,transit
20154113114117-693,camper
20154114014105-799,camper
20154114034126-781,camper
20154114054132-501,camper
20154114064117-879,none
20154114064153-342,camper
20154114074114-154,ranger
20154114094103-483,camper
20154114094138-630,transit
20154114104136-340,transit
20154114104153-864,camper
20154115024109-180,camper
20154115024133-292,transit
20154115044115-752,camper
20154115084152-940,camper
20154115114122-286,camper
20154115114133-930,transit
20154115124102-576,camper
20154115124146-703,camper
20154116034139-452,camper
20154116044127-905,transit
20154116064140-496,transit
20154116074134-300,camper
20154116084108-19,transit
20154116084111-994,transit
20154116094115-530,camper
20154116104159-524,transit
20154116114152-553,none
20154117014151-49,transit
20154117024110-233,none
20154117024144-496,camper
20154117034138-371,none
20154117054141-402,camper
20154117054153-286,camper
20154117064148-969,camper
20154117114103-565,ranger
20154117114109-151,transit
20154117114115-203,none
20154118034109-720,transit
20154118074141-911,transit
20154118084103-860,transit
20154118094119-116,ranger
20154118094129-26,none
20154118104113-978,camper
20154118114130-34,camper
20154119014158-913,none
20154119024105-829,camper
20154119024134-170,transit
20154119044145-356,none
20154119064147-274,transit
20154119074113-792,camper
20154119074133-741,camper
20154119094154-19,camper
20154119104121-842,transit
20154119104142-683,transit
20154120014128-465,camper
20154120044149-948,transit
20154120044152-592,transit
20154120054152-653,transit
20154120094127-321,camper
20154120094138-417,camper
20154120104143-547,transit
20154120104147-386,none
20154120124135-151,transit
20154121034111-173,none
20154121064113-144,transit
20154121084107-952,camper
20154121084112-914,transit
20154121094145-294,camper
20154121114123-822,none
20154121114124-273,transit
20154121124110-292,camper
20154122034109-697,transit
20154122034142-353,camper
20154122054140-30,camper
20154122054153-125,transit
20154122074105-174,camper
20154122074116-413,none
20154122074120-577,none
20154123034134-941,transit
20154123054103-632,camper
20154123094105-815,transit
20154123094155-364,transit
20154123104149-343,none
20154124024118-504,camper
20154124024130-878,camper
20154124044141-426,camper
20154124054158-779,ranger
20154124064145-819,transit
20154124074100-587,transit
20154124074156-737,transit
20154124094154-305,transit
20154124104119-137,camper
20154124124106-525,camper
20154124124153-214,none
20154125014101-681,transit
20154125014129-206,none
20154125034104-451,none
20154125044106-999,camper
20154125044126-431,transit
20154125054105-873,transit
20154125074116-47,camper
20154125074157-46,camper
20154125084143-150,camper
20154125094109-674,transit
20154125104102-486,transit
20154125114130-0,transit
20154126014149-199,ranger
20154126024152-89,camper
20154126024158-664,camper
20154126034153-995,ranger
20154126054114-343,transit
20154126064136-539,camper
20154126074158-852,none
20154126094133-632,camper
20154126094153-832,transit
20154127034153-72,camper
20154127044120-550,transit
20154127044142-653,none
20154127084141-786,camper
20154127084151-732,camper
20154127094104-659,none
20154127094129-318,camper
20154127114129-6,camper
20154127114159-870,camper
20154127124138-224,transit
20154127124144-803,camper
20154128074135-529,none
20154128074142-620,transit
20154128074155-209,transit
20154128094123-201,camper
20154128104117-651,none
20154128104144-208,camper
20154128124157-121,transit
20154129034133-355,camper
20154129034147-83,transit
20154129044136-415,camper
20154129054147-511,transit
20154129084107-872,camper
20154129084132-74,camper
20154129104156-348,none
20154130024133-170,transit
20154130034153-108,transit
20154130054121-838,transit
20154130064118-387,none
20154130084124-868,none
20154130084155-739,camper
20154130104133-234,transit
20154130114152-221,none
20154130124118-316,camper
20154131064107-934,none
20154131064108-409,transit
20154131064108-797,camper
20154131094115-269,transit
20154131114102-992,ranger
20154201014236-36,none
20154201024259-199,camper
20154201034219-24,none
20154201034255-306,transit
20154201054201-550,transit
20154201064221-52,ranger
20154201074239-177,camper
20154201074239-730,transit
20154201074239-779,camper
20154201084214-252,camper
20154201094221-490,camper
20154201104219-192,transit
20154201104219-611,camper
20154201104250-936,camper
20154201114240-341,transit
20154201114254-498,camper
20154201114257-240,transit
20154202014210-253,camper
20154202014212-469,transit
20154202034212-341,transit
20154202034222-47,camper
20154202064209-590,transit
20154202074243-737,camper
20154202094219-27,none
20154202114234-259,none
20154203044240-260,camper
20154203054255-917,none
20154203064217-174,camper
20154203064250-782,transit
20154203094225-386,transit
20154203094245-860,transit
20154203104244-910,transit
20154204014240-350,transit
20154204014240-585,transit
20154204024203-816,transit
20154204024204-803,camper
20154204034201-197,none
20154204034204-463,ranger
20154204034234-400,camper
20154204084241-403,none
20154204104255-618,none
20154204124245-802,camper
20154205014234-263,transit
20154205024202-124,transit
20154205034205-330,camper
20154205044257-706,transit
20154205064237-776,camper
20154205074239-830,transit
20154205094230-49,transit
20154206024239-384,transit
20154206094218-555,camper
20154206114227-195,transit
20154207044223-674,none
20154207054238-987,ranger
20154207064238-836,camper
20154207074217-654,transit
20154207084222-772,camper
20154207094201-679,none
20154207094231-475,none
20154207094232-699,transit
20154207114257-472,camper
20154207124241-479,transit
20154207124243-258,none
20154208034244-0,camper
20154208064213-155,none
20154208074227-295,camper
20154208084235-526,transit
20154208084239-270,transit
20154208084255-257,transit
20154208094209-150,transit
20154209024222-720,transit
20154209034251-421,transit
20154209044216-651,camper
20154209054227-699,camper
20154209074201-961,transit
20154209084232-299,transit
20154209084258-437,transit
20154209094240-466,none
20154209104204-174,camper
20154209114214-958,transit
20154209124209-547,transit
20154209124224-722,none
20154210014220-695,camper
20154210034214-844,none
20154210064241-373,none
20154210104202-41,transit
20154210104209-855,camper
20154210114250-231,none
20154210124200-338,none
20154210124201-733,camper
20154210124210-941,none
20154211024216-107,camper
20154211024216-713,transit
20154211034247-278,camper
20154211054209-984,camper
20154211064214-600,transit
20154211064241-592,camper
20154211074259-773,camper
20154211084219-154,none
20154211084227-429,none
20154211094211-143,transit
20154211104241-339,camper
20154212034222-845,transit
20154212044215-152,camper
20154212044243-346,camper
20154212054245-458,camper
20154212064205-889,camper
20154212064234-627,none
20154212074205-242,transit
20154212074234-478,none
20154212084212-789,camper
20154212104211-65,camper
20154212104222-8,ranger
20154212104231-5,camper
20154212104236-58,transit
20154212104244-750,camper
20154212104246-428,none
20154212104249-304,none
20154212114201-175,camper
20154212114258-729,camper
20154212124243-340,ranger
20154213024205-43,transit
20154213024208-839,camper
20154213024216-561,camper
20154213034230-706,none
20154213044221-384,camper
20154213044259-545,camper
20154213094240-842,camper
20154213104251-709,none
20154213114224-714,transit
20154213124252-641,none
20154214024242-219,none
20154214044236-612,transit
20154214044236-934,camper
20154214054203-453,transit
20154214064217-704,camper
20154214064232-812,camper
20154214084221-294,none
20154214104218-27,transit
20154214114255-788,transit
20154215014241-33,ranger
20154215024235-585,transit
20154215074223-266,camper
20154215114244-418,camper
20154215124253-8,camper
20154216024201-733,ranger
20154216024204-768,none
20154216034202-965,transit
20154216034241-337,transit
20154216034256-486,camper
20154216084221-101,camper
20154216094238-311,transit
20154216104223-278,camper
20154216104233-612,transit
20154216104239-427,camper
20154216114235-759,none
20154217014250-905,none
20154217024216-818,camper
20154217034220-309,camper
20154217044214-559,camper
20154217064210-311,none
20154217064237-436,transit
20154217064249-838,none
20154217104217-430,camper
20154217104228-732,camper
20154217104228-922,transit
20154217124209-940,camper
20154217124253-245,transit
20154218024228-691,camper
20154218064224-524,transit
20154218064224-711,none
20154218064237-120,transit
20154218064254-866,ranger
20154218074200-760,none
20154218094206-133,transit
20154218114238-384,camper
20154218124259-772,camper
20154219014209-728,transit
20154219084210-14,camper
20154219094203-849,camper
20154219094236-720,transit
20154219104212-500,transit
20154219104241-223,camper
20154219114228-262,camper
20154220014207-265,transit
20154220044203-784,camper
20154220044210-901,none
20154220054254-247,camper
20154220084208-864,camper
20154221024240-685,none
20154221034210-218,transit
20154221064205-207,camper
20154221064223-143,none
20154221124220-61,camper
20154221124230-401,transit
20154222014258-614,transit
20154222034228-99,camper
20154222054227-909,none
20154222064210-989,camper
20154222064254-555,camper
20154222124252-449,ranger
20154223044219-363,none
20154223044238-230,none
20154223044243-199,camper
20154223094233-408,transit
20154223094235-562,transit
20154223104254-46,camper
20154224024243-441,camper
20154224024247-121,camper
20154224054258-457,transit
20154224064222-83,none
20154224064246-493,ranger
20154224114208-356,ranger
20154224114240-680,camper
20154224114248-796,transit
20154224124203-336,camper
20154225024250-848,camper
20154225044228-490,camper
20154225064221-390,transit
20154225074218-903,transit
20154225074252-957,transit
20154225094209-391,transit
20154225114209-403,transit
20154225114217-528,none
20154225114250-921,transit
20154226024225-112,transit
20154226054229-220,camper
20154226054249-628,camper
20154226074229-276,none
20154226084225-514,transit
20154226124227-55,transit
20154227024229-598,transit
20154227034256-970,transit
20154227054208-498,camper
20154227054240-936,camper
20154227084214-677,none
20154227084245-696,transit
20154227104201-42,transit
20154227114255-944,camper
20154227124221-606,camper
20154228034255-582,transit
20154228044234-553,camper
20154228054230-169,camper
20154228054248-376,transit
20154228064255-879,transit
20154228074250-471,camper
20154229014226-973,camper
20154229034208-913,none
20154229044237-309,transit
20154229064228-601,transit
20154229064247-967,camper
20154229074227-130,transit
20154229094213-344,transit
20154229104255-661,camper
20154229124231-957,transit
20154230024256-985,transit
20154230044228-559,none
20154230064213-204,camper
20154230094206-93,camper
20154231024256-741,camper
20154231044211-574,transit
20154231084229-906,none
20154231084240-825,camper
20154231094224-818,transit
20154231114214-462,transit
20154231124246-848,none
20154301044347-104,transit
20154301064333-561,transit
20154301074308-402,camper
20154301114306-910,transit
20154301124328-262,transit
20154302044305-268,transit
20154302064318-613,none
20154302064319-564,camper
20154302084310-559,transit
20154302084358-573,camper
20154302094310-152,camper
20154302104311-666,transit
20154302104354-580,none
20154303014356-798,camper
20154303024314-609,camper
20154303024324-525,camper
20154303024341-464,transit
20154303034328-896,none
20154303044311-176,none
20154303044323-840,transit
20154303054336-852,ranger
20154303064359-839,camper
20154303074311-913,camper
20154303074351-681,camper
20154303074358-511,transit
20154303084322-126,transit
20154303094318-187,camper
20154303104350-928,camper
20154303124307-81,none
20154303124314-941,camper
20154304014359-573,none
20154304034314-809,none
20154304044309-97,transit
20154304044322-62,transit
20154304044323-645,camper
20154304044326-805,camper
20154304074334-798,camper
20154304074340-809,camper
20154304074354-660,transit
20154304084356-835,none
20154305014335-971,camper
20154305024352-766,transit
20154305044352-136,ranger
20154305054350-339,camper
20154305074304-694,transit
20154305074337-913,none
20154305084350-216,camper
20154305094304-138,camper
20154305094348-630,ranger
20154305104337-479,transit
20154305104356-568,transit
20154305114338-705,transit
20154305114351-64,transit
20154306044342-841,camper
20154306054321-56,camper
20154306084324-61,transit
20154306084336-628,camper
20154306114333-217,transit
20154307024334-228,camper
20154307024341-203,transit
20154307044359-536,transit
20154307054354-49,transit
20154307104312-689,none
20154307104328-677,transit
20154307124353-199,camper
20154307124354-819,camper
20154308014359-25,transit
20154308034348-264,transit
20154308034359-236,camper
20154308094328-663,transit
20154308114314-130,transit
20154308114355-732,transit
20154308124303-964,none
20154308124319-670,camper
20154308124335-8,transit
20154309034300-556,transit
20154309034309-959,transit
20154309034353-71,transit
20154309044344-578,camper
20154309054331-529,camper
20154309064344-904,transit
20154309064357-666,transit
20154309074309-745,transit
20154309074338-532,camper
20154309084354-984,camper
20154309084355-477,none
20154309094342-984,transit
20154309104322-867,camper
20154309114329-296,camper
20154309124347-330,none
20154310014313-489,ranger
20154310024344-489,camper
20154310044352-738,camper
20154310044355-435,camper
20154310054319-507,none
20154310054327-591,camper
20154310084342-200,transit
20154310104327-25,transit
20154310114354-581,camper
20154311024320-794,transit
20154311024330-361,none
20154311024355-911,camper
20154311034317-220,camper
20154311044358-220,camper
20154311064355-564,transit
20154311084343-102,camper
20154311114324-772,transit
20154311124300-456,transit
20154312014352-916,camper
20154312034301-370,none
20154312074332-201,ranger
20154312084309-917,transit
20154312084345-256,transit
20154312104338-278,transit
20154312114315-27,none
20154312114332-412,camper
20154312124334-595,camper
20154313014303-514,transit
20154313014319-355,transit
20154313024305-895,none
20154313024306-954,transit
20154313034330-946,transit
20154313074351-635,ranger
20154313094339-456,transit
20154313104301-766,transit
20154313114342-768,transit
20154313124349-922,none
20154314024310-662,transit
20154314034325-940,transit
20154314044331-360,camper
20154314054309-806,camper
20154314064305-777,transit
20154314064318-347,camper
20154314064353-245,none
20154314084327-265,camper
20154314084339-382,transit
20154314114311-549,camper
20154314114358-787,transit
20154315014354-14,none
20154315024321-314,transit
20154315054322-3,transit
20154315064331-937,camper
20154315084334-324,none
20154315084342-476,transit
20154315094308-578,transit
20154315094344-834,camper
20154315104341-875,ranger
20154315114305-241,transit
20154315114328-382,camper
20154316024332-129,none
20154316024349-453,camper
20154316054307-980,transit
20154316094311-12,camper
20154316104315-699,transit
20154316104341-889,camper
20154316114304-382,transit
20154316124308-991,camper
20154317014321-975,transit
20154317014329-54,camper
20154317044339-251,ranger
20154317054301-688,transit
20154317064310-833,camper
20154317084350-24,none
20154317094332-218,none
20154317094341-230,transit
20154317114331-457,camper
20154318074304-92,transit
20154318074307-961,none
20154318074327-65,camper
20154318114331-117,transit
20154318124329-861,transit
20154319034347-45,transit
20154319044337-154,camper
20154319064317-874,transit
20154319074314-56,none
20154319074317-573,camper
20154319074317-628,transit
20154319094356-421,transit
20154319104353-504,camper
20154320014344-198,camper
20154320014349-634,camper
20154320034327-688,transit
20154320064328-347,camper
20154320074335-899,transit
20154320084310-762,none
20154320094352-113,camper
20154321024351-62,none
20154321074307-245,camper
20154321084329-326,camper
20154321094330-557,none
20154321124336-179,camper
20154322044301-121,transit
20154322044336-436,camper
20154322054320-298,transit
20154323044356-897,transit
20154323054334-813,transit
20154323064305-880,camper
20154323084319-194,camper
20154323094300-114,transit
20154323114321-363,transit
20154323114356-898,ranger
20154323124305-371,none
20154323124317-79,transit
20154323124336-960,camper
20154324014310-391,camper
20154324014347-139,camper
20154324024302-237,transit
20154324024328-309,transit
20154324024354-470,transit
20154324024355-579,camper
20154324034301-448,transit
20154324034340-292,transit
20154324034351-995,transit
20154324044344-591,transit
20154324064354-382,transit
20154324074320-162,transit
20154324084313-457,camper
20154324094311-697,camper
20154324124340-646,transit
20154325024349-137,transit
20154325044303-21,camper
20154325074316-323,camper
20154325084307-908,transit
20154325084324-658,transit
20154325114303-212,none
20154325114323-182,camper
20154325124346-290,none
20154326034342-937,camper
20154326044353-158,camper
20154326104345-896,none
20154326124353-561,transit
20154327094301-825,transit
20154327094302-996,none
20154327104354-806,transit
20154327124354-540,none
20154328044302-517,camper
20154328054303-951,transit
20154328054340-157,none
20154328084349-846,camper
20154328104304-362,transit
20154328124300-548,transit
20154329014358-80,ranger
20154329024334-251,none
20154329044318-650,none
20154329054337-727,transit
20154329064303-556,transit
20154329064331-898,transit
20154329124314-622,transit
20154330014342-384,camper
20154330024309-947,transit
20154330024325-110,camper
20154330034344-832,ranger
20154330094335-317,transit
20154330124306-894,transit
20154331024312-424,transit
20154331034339-123,none
20154331044349-646,transit
20154331064335-322,transit
20154331084301-440,transit
20154331094357-320,transit
20154401034422-998,camper
20154401074429-771,transit
20154401104416-538,camper
20154401114403-876,transit
20154401114438-695,none
20154402034401-435,camper
20154402034416-232,transit
20154402034422-248,camper
20154402044412-377,camper
20154402044449-102,transit
20154402054410-14,transit
20154402054434-251,transit
20154402064416-314,transit
20154402124413-668,camper
20154403014425-796,none
20154403014430-537,transit
20154403054427-199,camper
20154403054444-186,transit
20154403064441-487,transit
20154403084410-270,transit
20154403084444-706,transit
20154403104439-719,none
20154404024426-337,camper
20154404024444-783,camper
20154404044426-903,none
20154404044452-704,camper
20154404054415-713,none
20154404064457-308,camper
20154404074423-76,camper
20154404074458-997,none
20154404094427-555,transit
20154404094430-924,camper
20154404114431-907,transit
20154404114459-43,camper
20154405014454-661,none
20154405034405-591,camper
20154405034454-883,camper
20154405044437-466,none
20154405054409-981,none
20154405054428-26,transit
20154405064401-508,camper
20154405064444-690,transit
20154405074410-187,transit
20154405074442-509,camper
20154405084402-280,camper
20154405094402-820,camper
20154406044427-579,camper
20154406044443-482,transit
20154406104424-345,none
20154406124402-983,transit
20154406124441-863,none
20154407014405-908,camper
20154407024400-526,ranger
20154407024412-194,camper
20154407034408-576,transit
20154407034414-393,transit
20154407064407-815,transit
20154407074409-70,none
20154407084406-55,camper
20154407104408-451,camper
20154407114429-288,none
20154408014459-479,camper
20154408024404-90,transit
20154408024437-581,ranger
20154408044436-655,camper
20154408064412-833,camper
20154408064440-273,transit
20154408074420-516,camper
20154408094400-252,none
20154408094429-109,transit
20154408104418-267,transit
20154408124449-448,transit
20154408124457-555,camper
20154409044423-907,camper
20154409044439-912,camper
20154409054455-450,transit
20154409084407-538,transit
20154409084413-801,camper
20154410014439-243,transit
20154410024451-978,camper
20154410054454-887,transit
20154410114421-764,transit
20154410114456-722,none
20154410124411-337,camper
20154410124427-370,camper
20154411024426-868,camper
20154411024449-72,transit
20154411064400-936,transit
20154411064440-435,camper
20154411074406-199,transit
20154411074439-224,ranger
20154411104410-894,none
20154412014428-448,camper
20154412024403-809,camper
20154412034444-733,transit
20154412044412-297,none
20154412044422-275,transit
20154412044423-504,transit
20154412064426-801,none
20154412084406-385,transit
20154412104452-262,camper
20154412114408-299,camper
20154412114442-702,transit
20154412124411-6,camper
20154413044446-614,transit
20154413074407-257,camper
20154414014438-128,transit
20154414024400-712,camper
20154414024455-447,camper
20154414044430-854,none
20154414094401-452,none
20154414094406-360,none
20154414094410-181,none
20154414094441-876,transit
20154414114435-629,ranger
20154414114437-964,none
20154414124406-469,none
20154414124412-684,camper
20154415014417-163,camper
20154415064447-909,camper
20154415064448-712,camper
20154415084411-333,transit
20154415114438-543,camper
20154416024437-390,none
20154416044414-95,camper
20154416054424-28,camper
20154416054433-55,transit
20154416054448-708,ranger
20154416074444-263,camper
20154416084444-481,transit
20154416094412-197,transit
20154416124424-327,transit
20154417044459-237,none
20154417054458-449,camper
20154417064427-657,transit
20154417074427-897,transit
20154417084423-551,transit
20154417084441-213,transit
20154417084454-73,none
20154417094415-108,ranger
20154417094442-343,none
20154417114443-51,camper
20154417114443-748,camper
20154418024416-474,transit
20154418024447-204,none
20154418044419-353,none
20154418044437-34,camper
20154418044447-947,transit
20154418064412-605,transit
20154418104408-406,transit
20154418114407-382,transit
20154419024438-705,camper
20154419054446-648,none
20154419084429-25,camper
20154419084431-507,none
20154419104411-33,transit
20154419104442-444,none
20154419114439-303,camper
20154420014428-416,none
20154420024426-231,transit
20154420044401-882,transit
20154420054435-183,camper
20154420054455-558,camper
20154420064402-308,transit
20154420094416-248,transit
20154420094443-603,camper
20154420104403-205,none
20154420114455-24,transit
20154420114457-164,transit
20154420124400-903,ranger
20154421014437-375,camper
20154421024437-278,camper
20154421024443-839,none
20154421024444-922,none
20154421044426-552,camper
20154421044438-271,transit
20154421044450-831,camper
20154421054430-525,camper
20154421074459-698,transit
20154421094452-315,transit
20154421114410-110,transit
20154422074419-68,transit
20154422084401-555,camper
20154422114404-501,camper
20154422124407-513,camper
20154423014421-678,transit
20154423014424-392,camper
20154423044409-968,camper
20154423044431-936,camper
20154423074419-20,transit
20154423074437-690,camper
20154423094459-117,camper
20154423114405-513,none
20154423124414-291,transit
20154423124442-224,camper
20154424014431-732,camper
20154424054432-658,transit
20154424064452-683,none
20154424084414-48,camper
20154424094438-22,transit
20154424104413-617,none
20154424114431-782,transit
20154424124420-192,transit
20154425034411-890,transit
20154425034419-941,transit
20154425094409-243,none
20154425094430-276,camper
20154425114422-810,camper
20154425124407-720,transit
20154426024411-840,camper
20154426024421-542,transit
20154426034420-319,none
20154426054401-248,camper
20154426054436-417,none
20154426064422-150,transit
20154426064448-113,transit
20154426094402-24,none
20154426094449-685,transit
20154427014422-855,transit
20154427014449-383,camper
20154427014452-663,none
20154427024429-109,camper
20154427034432-511,camper
20154427034434-710,none
20154427064420-988,transit
20154427094445-652,transit
20154428024444-390,ranger
20154428044434-0,transit
20154428054406-629,transit
20154428064405-937,none
20154428064410-192,camper
20154428064447-130,none
20154428084433-983,none
20154428094403-173,camper
20154428104404-828,camper
20154428114412-322,camper
20154428114434-818,camper
20154428124429-300,camper
20154429034402-935,camper
20154429044417-123,transit
20154429054444-507,ranger
20154429114404-718,none
20154429124436-765,none
20154429124439-546,camper
20154430014454-721,camper
20154430024407-253,transit
20154430034428-915,camper
20154430034436-879,camper
20154430044428-12,transit
20154430054401-271,ranger
20154430054440-890,none
20154430054442-410,camper
20154430064432-451,camper
20154430084401-298,camper
20154430084412-385,transit
20154430104428-685,transit
20154430104437-875,transit
20154430114430-240,ranger
20154430124427-412,ranger
20154431014412-348,none
20154431014456-46,transit
20154431024445-873,none
20154431054410-595,ranger
20154431064441-604,none
20154431084406-746,none
20154431104413-67,ranger
20154431104425-802,transit
20154431104451-420,camper
20154431124423-688,camper
20154431124424-721,camper
20154501024521-895,camper
20154501044554-839,camper
20154501074509-749,none
20154501084500-257,camper
20154501084530-202,camper
20154501084537-684,none
20154501124525-792,camper
20154502014508-491,camper
20154502024526-427,transit
20154502044518-570,transit
20154502054501-178,camper
20154502074525-187,transit
20154502074526-256,transit
20154502084548-823,camper
20154502084556-629,camper
20154502094535-864,camper
20154502104518-123,none
20154502114508-148,none
20154503034530-585,none
20154503054514-929,transit
20154503064512-973,transit
20154503064553-370,transit
20154503074525-315,transit
20154503094556-932,none
20154504014517-802,camper
20154504014523-881,none
20154504024526-617,camper
20154504054500-534,transit
20154504054501-314,camper
20154504064547-329,camper
20154504084540-301,none
20154504094510-630,camper
20154504094523-142,none
20154504094530-832,none
20154504114533-20,none
20154504114552-72,none
20154505014505-202,camper
20154505014541-791,none
20154505024531-4,camper
20154505034517-211,camper
20154505074523-130,camper
20154505094529-266,transit
20154505124525-350,camper
20154506014536-722,none
20154506054509-852,camper
20154506054510-602,camper
20154506054512-623,transit
20154506074517-446,camper
20154506084523-929,none
20154506094559-645,none
20154506114531-504,camper
20154506114534-739,transit
20154506124542-655,transit
20154506124552-825,transit
20154507024509-845,none
20154507024517-95,transit
20154507034519-6,camper
20154507054536-79,transit
20154507064517-275,camper
20154507074526-430,camper
20154507074558-617,camper
20154507104514-75,none
20154507104521-856,none
20154508024531-338,none
20154508034512-69,ranger
20154508054512-557,camper
20154508064514-321,transit
20154508064542-87,transit
20154508084534-828,camper
20154508094515-800,transit
20154508104501-46,transit
20154508114523-645,camper
20154508114533-603,none
20154508124538-434,camper
20154509014534-673,none
20154509014559-37,camper
20154509024518-62,transit
20154509024548-175,camper
20154509034539-813,transit
20154509074508-489,none
20154509084536-974,none
20154509094519-25,none
20154509094553-399,transit
20154509104501-59,camper
20154509114531-556,camper
20154509124553-876,transit
20154510014508-868,none
20154510014516-824,camper
20154510014557-755,none
20154510064550-279,camper
20154510104522-927,camper
20154510114523-240,camper
20154510124511-84,transit
20154511014511-799,transit
20154511024505-828,camper
20154511024509-567,transit
20154511034551-791,none
20154511064520-418,none
20154511074500-960,ranger
20154511094545-173,camper
20154511104531-707,none
20154511104554-113,none
20154511114515-568,camper
20154512044528-826,ranger
20154512044556-370,camper
20154512054518-584,camper
20154512074503-405,transit
20154512084511-218,camper
20154512094523-344,transit
20154512094535-150,transit
20154512124548-471,camper
20154513024507-271,camper
20154513024508-359,transit
20154513024521-642,transit
20154513044509-46,transit
20154513044511-420,transit
20154513044533-280,transit
20154513054503-598,transit
20154513054532-940,none
20154513064520-256,camper
20154513074545-202,camper
20154513104537-799,transit
20154513114555-897,camper
20154513124521-814,transit
20154513124553-0,none
20154514024558-986,camper
20154514034553-145,camper
20154514054528-926,transit
20154514094559-46,transit
20154514114504-956,none
20154514114507-203,camper
20154514124545-947,camper
20154515034504-148,none
20154515054549-826,camper
20154515054556-394,camper
20154515064509-76,camper
20154515084557-683,transit
20154515094506-502,none
20154516014525-898,transit
20154516014531-348,camper
20154516024513-124,transit
20154516024555-775,none
20154516034505-603,camper
20154516034523-771,none
20154516034551-980,none
20154516064507-862,transit
20154516074508-557,none
20154516094514-766,transit
20154516124509-966,transit
20154517024507-611,camper
20154517024552-85,transit
20154517044506-783,camper
20154517064524-76,none
20154517084514-625,camper
20154517094500-459,camper
20154517094544-833,camper
20154517104552-372,none
20154518034548-354,transit
20154518064502-358,transit
20154518064540-758,camper
20154518094547-315,camper
20154518104543-3,camper
20154518114515-804,transit
20154519014555-829,transit
20154519024544-322,camper
20154519034516-956,transit
20154519034526-395,camper
20154519034536-63,none
20154519034545-461,none
20154519054521-330,transit
20154519054555-68,transit
20154519064500-924,transit
20154519084549-54,camper
20154519094526-503,none
20154519124552-189,transit
20154520014506-55,camper
20154520014512-167,ranger
20154520024559-236,transit
20154520034528-636,none
20154520034536-573,camper
20154520064525-417,camper
20154520074540-882,camper
20154520104544-696,transit
20154521024518-105,camper
20154521034502-964,transit
20154521034540-737,transit
20154521044507-247,camper
20154521044526-86,transit
20154521044531-839,transit
20154521054515-644,camper
20154521054536-554,transit
20154521074541-847,transit
20154521074546-272,camper
20154521094550-685,camper
20154521114536-507,none
20154521124559-589,transit
20154522024553-113,ranger
20154522074508-296,camper
20154522074550-726,camper
20154522114526-226,transit
20154522114542-987,transit
20154522114558-409,transit
20154522124556-589,ranger
20154523024537-240,transit
20154523024537-613,transit
20154523064510-579,transit
20154523124510-943,camper
20154524034503-939,camper
20154524034527-591,none
20154524034534-40,transit
20154524044501-338,transit
20154524044508-686,camper
20154524044536-939,camper
20154524044548-612,none
20154524084534-448,none
20154524094502-813,transit
20154524094517-702,none
20154524114509-609,camper
20154524114524-784,transit
20154524124536-93,camper
20154525014533-946,camper
20154525014558-501,none
20154525024508-630,camper
20154525024548-230,transit
20154525044559-95,camper
20154525054551-322,camper
20154525064509-813,none
20154525084548-607,camper
20154525094552-398,camper
20154525114509-293,camper
20154526014540-725,none
20154526014546-461,none
20154526024508-653,camper
20154526044524-695,transit
20154526064518-551,camper
20154527024553-723,camper
20154527034520-683,transit
20154527044548-791,transit
20154527054509-903,camper
20154527064556-11,camper
20154527064556-136,none
20154527064558-128,none
20154527084510-882,transit
20154527084549-733,none
20154527104510-24,camper
20154528014555-113,none
20154528034538-79,none
20154528054544-925,transit
20154528074529-625,transit
20154528084544-130,transit
20154528094550-198,transit
20154529014510-493,camper
20154529014544-620,camper
20154529034521-219,camper
20154529064528-757,camper
20154529074533-828,transit
20154529094544-684,none
20154529104539-756,camper
20154529124502-265,transit
20154529124514-914,ranger
20154530024516-715,camper
20154530024552-857,transit
20154530034515-528,camper
20154530034541-167,camper
20154530054541-361,camper
20154530064530-737,none
20154530084521-286,none
20154530104517-465,camper
20154530114544-776,camper
20154531084511-313,none
20154531104527-476,none
20154531104533-497,none
20154531114517-975,ranger
20154531124504-223,transit
20154601034606-344,transit
20154601044603-526,transit
20154601104625-869,camper
20154601114646-225,transit
20154602014633-106,transit
20154602014652-42,camper
20154602034627-65,transit
20154602034646-21,camper
20154602044612-82,ranger
20154602054627-434,ranger
20154602074644-344,none
20154602084650-633,camper
20154602094603-395,transit
20154602094652-726,transit
20154602114625-138,transit
20154602114628-559,transit
20154603014603-570,none
20154603014603-806,transit
20154603024631-872,camper
20154603024647-48,camper
20154603034630-433,transit
20154603084615-68,ranger
20154603084636-22,transit
20154603094612-797,transit
20154603094659-851,transit
20154603104615-797,transit
20154603104658-801,ranger
20154604024617-109,none
20154604024619-103,camper
20154604024642-185,transit
20154604044619-717,camper
20154604054607-43,transit
20154604064624-746,camper
20154604094636-292,camper
20154604124621-675,transit
20154605024617-833,transit
20154605024640-809,transit
20154605024652-886,camper
20154605034612-987,transit
20154605074608-859,camper
20154605084600-982,camper
20154605094651-914,transit
20154605124617-467,none
20154606024636-543,camper
20154606044639-126,camper
20154606054615-464,camper
20154606054652-198,transit
20154606064646-846,transit
20154606074613-942,camper
20154606074616-822,transit
20154606094659-402,camper
20154606094659-534,transit
20154606114616-357,transit
20154606124617-271,transit
20154607034616-505,ranger
20154607044630-603,none
20154607064641-595,none
20154607064650-344,camper
20154607094631-516,camper
20154607094653-750,transit
20154607124641-327,transit
20154608014630-179,transit
20154608024634-811,none
20154608064621-71,camper
20154608084658-576,transit
20154608104628-518,none
20154609014602-950,transit
20154609044639-714,ranger
20154609064654-61,transit
20154610014606-666,transit
20154610014621-394,camper
20154610024600-995,ranger
20154610024627-393,camper
20154610064607-244,none
20154610074635-808,camper
20154610074656-916,none
20154610084619-652,none
20154610094644-926,camper
20154611014601-555,camper
20154611014629-696,transit
20154611024657-702,none
20154611044614-561,camper
20154611104620-774,transit
20154611104623-570,transit
20154611114609-119,transit
20154611124646-47,none
20154612014642-990,camper
20154612024611-181,none
20154612024622-150,camper
20154612034642-868,transit
20154612054651-827,camper
20154612074618-947,camper
20154612084611-217,camper
20154612104653-119,camper
20154612114650-326,camper
20154612124610-968,camper
20154612124636-207,camper
20154612124654-898,none
20154613064658-613,camper
20154613094619-766,transit
20154614014620-177,transit
20154614014631-25,transit
20154614044600-896,transit
20154614044621-250,transit
20154614044657-816,transit
20154614074610-36,transit
20154614074649-832,none
20154614094653-955,camper
20154614114643-419,camper
20154615014643-165,transit
20154615034630-40,transit
20154615034637-382,camper
20154615054615-774,camper
20154615054634-509,camper
20154615054636-252,none
20154615074658-497,transit
20154615084621-811,camper
20154615084628-947,none
20154615114612-209,camper
20154615114635-60,camper
20154615114637-701,none
20154615114641-613,transit
20154615124625-660,transit
20154616014649-510,ranger
20154616084607-581,transit
20154616084623-195,camper
20154616104647-351,transit
20154617044627-301,camper
20154617054647-477,transit
20154617064600-936,camper
20154617074600-105,ranger
20154617074637-396,none
20154617084605-731,none
20154617094613-518,camper
20154617094641-112,transit
20154617114617-659,transit
20154618034649-765,transit
20154618044618-128,camper
20154618064654-392,camper
20154618074635-802,camper
20154618094619-43,camper
20154618104659-354,transit
20154618114601-503,none
20154619014630-731,transit
20154619054626-112,camper
20154619054642-211,camper
20154619074612-329,transit
20154619074638-394,transit
20154619084642-464,transit
20154619094656-211,transit
20154619104620-665,none
20154619124644-308,transit
20154619124648-54,transit
20154620024609-907,transit
20154620024622-348,camper
20154620024644-66,camper
20154620084600-377,transit
20154620114644-698,camper
20154620124623-960,ranger
20154621064609-476,ranger
20154621064635-298,none
20154621074640-128,transit
20154621104644-804,transit
20154622034647-978,none
20154622044617-838,camper
20154622044637-88,transit
20154622054623-743,camper
20154622054628-601,none
20154622104622-839,camper
20154622114624-371,transit
20154623014627-670,camper
20154623034636-586,ranger
20154623044635-532,none
20154623044637-268,transit
20154623054649-582,transit
20154623064607-919,transit
20154623064643-371,camper
20154623074633-131,none
20154623074640-436,camper
20154623084625-271,camper
20154623094608-73,camper
20154623104653-166,camper
20154623114627-225,camper
20154624034607-309,none
20154624044626-913,transit
20154624054636-245,none
20154624074629-769,none
20154624094613-438,camper
20154624094652-547,transit
20154624104602-446,transit
20154624104622-905,transit
20154624114609-766,none
20154624114617-987,none
20154625014650-216,ranger
20154625034642-17,camper
20154625054615-85,camper
20154625064609-206,camper
20154625084640-549,camper
20154625094602-663,none
20154625104616-641,camper
20154625104633-329,none
20154625114651-630,transit
20154625114655-96,camper
20154626024601-827,none
20154626024603-797,camper
20154626024658-526,transit
20154626034600-902,transit
20154626054643-936,camper
20154626064610-637,camper
20154626064612-785,camper
20154626084632-450,transit
20154626094612-974,transit
20154626094616-160,none
20154626114630-175,none
20154627014626-335,camper
20154627024615-98,camper
20154627054616-492,transit
20154627094625-389,camper
20154627094652-597,camper
20154627124616-217,transit
20154628024604-561,none
20154628034649-419,none
20154628054609-494,transit
20154628064612-620,transit
20154628064637-336,transit
20154628064658-651,transit
20154628084617-292,transit
20154628094624-3,transit
20154628104658-106,transit
20154628114648-718,transit
20154628124620-786,none
20154629024607-926,transit
20154629024616-46,none
20154629034625-561,camper
20154629034645-799,camper
20154629044625-977,camper
20154629054635-954,transit
20154629064615-476,camper
20154629104608-150,none
20154629104609-191,transit
20154630034658-177,transit
20154630044606-595,camper
20154630044624-570,none
20154630064645-149,transit
20154630114640-133,none
20154630124612-292,camper
20154630124627-581,none
20154630124651-529,camper
20154630124653-489,camper
20154630124655-702,transit
20154631024616-277,none
20154631084627-225,transit
20154631094606-295,none
20154631104618-531,camper
20154701024709-976,ranger
20154701034737-122,transit
20154701054735-930,camper
20154701064758-347,transit
20154701074703-254,none
20154701074721-510,camper
20154701084702-620,ranger
20154701104706-898,camper
20154701104712-106,transit
20154701124730-552,camper
20154702044723-914,transit
20154702064747-107,transit
20154702074759-377,camper
20154702084714-863,camper
20154702084758-168,camper
20154702124720-238,camper
20154703024706-587,none
20154703024730-513,transit
20154703034736-284,transit
20154703044705-734,camper
20154703044709-708,camper
20154703044730-915,transit
20154703044754-258,camper
20154703054748-622,transit
20154703084735-507,transit
20154703104737-748,camper
20154703104742-613,camper
20154704014703-466,camper
20154704014721-283,transit
20154704054739-174,camper
20154704074710-516,camper
20154704084736-736,camper
20154705024717-835,transit
20154705024731-345,transit
20154705034728-645,none
20154705044710-733,camper
20154705044748-65,none
20154705054725-804,transit
20154705084749-300,none
20154705114743-724,camper
20154705124714-48,camper
20154706014712-28,camper
20154706014752-824,ranger
20154706044711-22,camper
20154706044718-338,camper
20154706044748-527,none
20154706054759-910,ranger
20154706084700-54,camper
20154707014750-447,camper
20154707034728-488,none
20154707054713-647,transit
20154707084732-133,transit
20154707094710-792,none
20154707104714-7,camper
20154707104741-98,none
20154708044705-32,camper
20154708044706-58,none
20154708044710-767,transit
20154708044711-639,camper
20154708044728-934,camper
20154708064723-472,camper
20154708074757-401,camper
20154708104711-651,camper
20154708104749-918,transit
20154709034704-77,transit
20154709044702-412,camper
20154709044740-841,camper
20154709054733-571,transit
20154709064751-735,transit
20154709074707-134,transit
20154709074717-916,none
20154709114730-538,transit
20154709114737-270,transit
20154709124756-980,camper
20154710014737-330,transit
20154710014752-791,none
20154710074754-885,none
20154710104708-705,none
20154710104746-386,transit
20154710114715-117,camper
20154710124711-907,camper
20154710124737-779,none
20154711034718-337,ranger
20154711044729-817,camper
20154711064710-266,camper
20154711064721-823,transit
20154711064739-979,camper
20154711074740-24,none
20154711074751-689,camper
20154711114730-402,transit
20154712014735-176,transit
20154712014753-800,camper
20154712024716-747,camper
20154712044710-632,transit
20154712064731-430,none
20154712084755-402,camper
20154712094742-734,none
20154712124711-992,camper
20154713014720-385,camper
20154713024750-774,camper
20154713044702-690,transit
20154713044705-563,transit
20154713054700-667,none
20154713054724-651,camper
20154713064720-448,camper
20154713114732-338,none
20154714024730-244,camper
20154714034743-22,transit
20154714074704-144,camper
20154714074732-183,camper
20154714124701-941,none
20154715044737-943,transit
20154715054748-43,camper
20154715074737-500,camper
20154715084738-41,camper
20154715114704-310,camper
20154715124714-525,none
20154716014721-665,transit
20154716064735-828,camper
20154716074744-754,none
20154716094703-30,transit
20154716104703-895,none
20154716114700-889,ranger
20154716114727-41,camper
20154716114747-496,transit
20154717024753-295,none
20154717034744-602,camper
20154717054737-423,transit
20154717064700-258,transit
20154717084755-511,transit
20154718024720-506,transit
20154718024735-27,none
20154718034701-35,camper
20154718044706-170,camper
20154718044746-266,transit
20154718054741-688,transit
20154718054757-275,transit
20154718064731-707,none
20154718094729-813,none
20154718104700-129,transit
20154718124731-413,ranger
20154719014751-213,transit
20154719024718-326,camper
20154719044736-610,transit
20154719044746-900,transit
20154719054715-742,transit
20154719064707-283,camper
20154719074700-456,transit
20154719084741-65,camper
20154719084742-211,transit
20154719104700-710,camper
20154719104730-619,transit
20154719114724-517,camper
20154719114738-807,camper
20154720084719-277,none
20154720094706-780,transit
20154720114730-404,transit
20154721044741-483,camper
20154721064725-145,camper
20154721084706-192,transit
20154721084745-787,transit
20154721094737-774,none
20154721104733-353,transit
20154721104741-555,none
20154721114700-733,ranger
20154722024703-493,none
20154722034718-115,camper
20154722114730-650,camper
20154723034720-42,none
20154723034723-285,none
20154723044745-533,transit
20154723054713-268,camper
20154723074706-99,camper
20154723074740-648,transit
20154723084744-576,none
20154723094748-725,transit
20154723114713-451,none
20154723114723-82,none
20154723114751-571,transit
20154723124732-643,transit
20154723124754-646,transit
20154724024734-116,transit
20154724024757-54,transit
20154724034712-183,transit
20154724044757-432,none
20154724054704-212,none
20154724084739-245,transit
20154724094701-791,none
20154724104711-840,none
20154724114756-664,camper
20154725014705-617,camper
20154725024701-255,transit
20154725054747-248,camper
20154725064714-647,camper
20154725104711-273,transit
20154725104717-951,camper
20154725114714-121,camper
20154725114748-431,transit
20154726014714-186,camper
20154726024709-573,camper
20154726064756-747,camper
20154726084752-315,transit
20154726114701-192,camper
20154726114709-355,camper
20154726114727-452,none
20154726114754-533,ranger
20154727014707-2,transit
20154727024759-849,none
20154727034733-671,camper
20154727044710-460,transit
20154727044758-903,camper
20154727054709-221,transit
20154727064700-998,camper
20154727074726-630,transit
20154728014723-205,transit
20154728014746-613,camper
20154728024720-591,camper
20154728034746-685,camper
20154728044754-749,none
20154728054753-744,none
20154728064727-282,camper
20154728074700-378,transit
20154728074743-276,none
20154728084707-484,transit
20154728094759-13,camper
20154728104715-168,transit
20154728124707-118,camper
20154729044749-19,camper
20154729054707-256,camper
20154729064708-257,none
20154729064758-237,transit
20154729074714-800,camper
20154729084718-7,camper
20154729104715-725,camper
20154729124746-995,none
20154730014721-234,transit
20154730044742-225,transit
20154730074717-351,none
20154730074747-926,camper
20154730104750-72,none
20154730114701-335,camper
20154730114729-687,none
20154730124723-254,camper
20154731044702-403,camper
20154731044714-858,transit
20154731074731-833,none
20154731124720-805,camper
20154731124732-510,transit
20154801034809-529,transit
20154801044816-267,camper
20154801074826-429,none
20154801084800-755,camper
20154801084801-486,camper
20154801104828-144,camper
20154801114808-895,transit
20154801124855-611,camper
20154802014836-86,none
20154802044801-908,transit
20154802044825-624,none
20154802104828-327,transit
20154802114807-830,camper
20154802114850-826,transit
20154802124853-564,transit
20154803014805-523,camper
20154803024802-897,transit
20154803054807-805,transit
20154803064813-28,transit
20154803094847-226,ranger
20154803104806-359,transit
20154803104834-431,camper
20154803114821-891,transit
20154804044802-635,camper
20154804044849-878,camper
20154804054850-394,camper
20154804054851-733,transit
20154804074827-231,transit
20154804084834-740,transit
20154804094840-923,camper
20154804124824-880,camper
20154805014852-697,camper
20154805034828-643,transit
20154805074832-890,camper
20154805074859-858,transit
20154805094814-860,camper
20154805094821-285,transit
20154805104835-68,camper
20154806014828-598,camper
20154806014849-43,transit
20154806044804-487,transit
20154806044809-982,camper
20154806094825-96,transit
20154806114852-855,transit
20154807024826-797,transit
20154807024830-766,none
20154807024851-397,none
20154807044850-154,none
20154807104818-336,camper
20154807104854-792,none
20154807114828-767,transit
20154808034846-791,transit
20154808034852-394,ranger
20154808044818-373,transit
20154808054811-199,transit
20154808094807-64,camper
20154808124813-503,none
20154809024806-695,transit
20154809034801-375,transit
20154809034821-765,camper
20154809044835-78,camper
20154809054822-260,none
20154809094821-459,transit
20154809104801-644,camper
20154809114818-832,camper
20154809124808-913,camper
20154810034812-304,camper
20154810044808-531,camper
20154810074844-679,camper
20154810074851-382,transit
20154810094804-100,transit
20154810114854-474,transit
20154810124812-584,transit
20154810124825-389,none
20154810124843-713,camper
20154811014801-200,transit
20154811034822-146,transit
20154811054801-170,transit
20154811054808-989,camper
20154811074853-707,camper
20154811094831-646,transit
20154811104853-331,camper
20154812014811-841,transit
20154812014855-638,camper
20154812034822-196,camper
20154812054846-708,camper
20154812064852-553,transit
20154812074833-507,camper
20154812094833-455,none
20154813034815-550,none
20154813034815-802,transit
20154813034829-169,camper
20154813044807-217,transit
20154813044816-14,transit
20154813044829-816,none
20154813044837-90,none
20154813074820-444,transit
20154813094806-514,camper
20154814024808-901,ranger
20154814054845-507,transit
20154814054850-79,transit
20154814054852-53,transit
20154814074821-814,transit
20154814114836-107,transit
20154814124812-370,transit
20154814124836-965,ranger
20154815024805-373,ranger
20154815074813-331,ranger
20154815104823-873,transit
20154815114839-956,camper
20154815124841-267,transit
20154816014841-737,camper
20154816014845-442,transit
20154816014851-293,transit
20154816064800-119,camper
20154816074848-645,transit
20154816094838-605,transit
20154816114830-833,transit
20154817014854-170,camper
20154817024825-187,transit
20154817034824-160,transit
20154817034841-275,none
20154817054816-243,camper
20154817094842-449,none
20154817114821-677,none
20154818064822-736,transit
20154818074851-145,camper
20154818094849-557,transit
20154818104840-722,transit
20154818114855-997,camper
20154818114859-137,camper
20154819014838-806,camper
20154819014855-670,camper
20154819034826-640,transit
20154819044802-78,camper
20154819044805-235,transit
20154819084849-926,transit
20154819104804-746,none
20154819104819-123,transit
20154820084825-581,none
20154820084851-636,camper
20154820094833-789,camper
20154820114822-453,camper
20154820114850-261,transit
20154821014818-941,transit
20154821024838-295,camper
20154821024843-807,camper
20154821034852-404,camper
20154821044806-248,camper
20154821044824-752,camper
20154821044849-587,camper
20154821064811-633,none
20154821094836-639,none
20154821104859-297,camper
20154821124817-368,camper
20154821124856-434,camper
20154822024836-501,transit
20154822034828-74,none
20154822054838-865,camper
20154822094857-448,camper
20154822114816-84,camper
20154822124852-312,transit
20154823024806-63,transit
20154823064844-637,camper
20154823074803-769,camper
20154823074829-260,none
20154823074838-901,none
20154823074848-342,none
20154823084801-865,none
20154823084804-64,transit
20154823104821-280,camper
20154823104845-58,transit
20154823124821-86,transit
20154823124859-777,camper
20154824024846-243,transit
20154824034807-478,camper
20154824034835-889,camper
20154824044810-764,camper
20154824064809-609,none
20154824064815-541,transit
20154824074858-999,transit
20154824084838-810,transit
20154824084859-212,transit
20154824104802-646,camper
20154824124815-113,transit
20154824124832-402,camper
20154824124835-785,camper
20154825014843-884,camper
20154825014854-317,transit
20154825044801-41,transit
20154825044833-35,camper
20154825054846-818,camper
20154825064848-825,camper
20154825104838-640,camper
20154825124829-43,none
20154826024802-859,transit
20154826024816-241,none
20154826034839-769,transit
20154826034855-575,camper
20154826044822-839,none
20154826044849-501,camper
20154826054807-240,transit
20154826054818-593,transit
20154826064823-183,camper
20154826074807-651,none
20154826094807-584,transit
20154826114830-851,camper
20154826114833-257,ranger
20154826124856-755,transit
20154827014803-602,camper
20154827014850-703,transit
20154827044803-504,transit
20154827054838-471,transit
20154827114820-401,camper
20154828014805-614,ranger
20154828014808-208,camper
20154828014849-145,camper
20154828024853-947,none
20154828034832-528,camper
20154828034832-761,camper
20154828054818-386,none
20154828054821-232,transit
20154828094823-38,ranger
20154828094837-453,camper
20154829024816-982,camper
20154829034834-681,transit
20154829054829-565,transit
20154829054833-889,transit
20154829104840-718,camper
20154829114852-778,transit
20154830024800-954,transit
20154830024817-212,camper
20154830034853-516,camper
20154830054852-760,transit
20154830054857-116,camper
20154830104827-205,camper
20154831034844-112,transit
20154831044822-574,transit
20154831044853-836,none
20154831074838-917,ranger
20154831084849-281,transit
20154831094847-710,camper
20154901044910-777,transit
20154901054922-66,none
20154901054932-304,none
20154901064934-849,transit
20154901094931-229,transit
20154901114914-551,transit
20154901124955-525,camper
20154902024908-48,transit
20154902034953-35,camper
20154902074948-557,none
20154902104928-495,transit
20154903014907-481,camper
20154903014909-323,camper
20154903024942-37,none
20154903044916-720,camper
20154903054942-273,transit
20154903084903-690,camper
20154903084906-196,transit
20154903114903-996,none
20154903114918-526,none
20154903114941-837,camper
20154904024927-977,camper
20154904034903-354,camper
20154904044939-275,transit
20154904064902-300,camper
20154904074940-639,camper
20154904094958-518,transit
20154904104947-550,camper
20154904114949-230,transit
20154904114956-605,none
20154904124934-601,camper
20154905014906-97,camper
20154905074921-725,transit
20154905084924-500,none
20154905084932-890,camper
20154905104908-85,transit
20154905114900-867,none
20154906014902-527,camper
20154906014956-369,camper
20154906034957-692,transit
20154906074950-651,none
20154906094920-919,camper
20154906114931-634,none
20154906114942-746,camper
20154907014952-556,transit
20154907044911-419,transit
20154907054902-752,camper
20154907054941-610,transit
20154907074928-732,none
20154908014929-726,none
20154908024907-710,transit
20154908024908-200,none
20154908044958-492,camper
20154908084949-966,none
20154908104941-573,none
20154908114909-386,none
20154908114938-83,camper
20154909034948-631,camper
20154909034949-761,transit
20154909044956-518,camper
20154909054951-774,transit
20154909074911-878,camper
20154910014900-520,camper
20154910014925-442,transit
20154910014949-536,none
20154910024932-203,camper
20154910044953-135,none
20154910054906-343,transit
20154910054906-598,transit
20154910054929-46,none
20154910064906-825,transit
20154910074955-143,transit
20154910084938-198,transit
20154910084959-834,transit
20154910094903-818,ranger
20154910094919-152,none
20154910124944-59,transit
20154911014954-377,transit
20154911024950-656,none
20154911044919-82,camper
20154911054914-248,camper
20154911084948-971,camper
20154911094955-742,camper
20154911104929-869,none
20154911124911-42,transit
20154911124924-532,camper
20154911124931-259,transit
20154911124950-569,transit
20154912014903-862,ranger
20154912014924-804,camper
20154912014949-287,transit
20154912034901-567,transit
20154912034912-249,ranger
20154912054924-515,transit
20154912054955-518,camper
20154912064957-728,none
20154912074929-675,camper
20154912074952-730,transit
20154912084901-166,camper
20154912084916-322,camper
20154912104945-323,camper
20154912104952-500,none
20154913014902-715,camper
20154913024913-440,camper
20154913064951-829,transit
20154913074959-518,none
20154913084920-928,transit
20154913094911-76,camper
20154913094912-384,ranger
20154913114917-875,camper
20154913124955-986,camper
20154914014916-256,none
20154914014926-653,transit
20154914014934-211,transit
20154914024933-528,transit
20154914034937-308,transit
20154914034944-822,transit
20154914054907-346,none
20154914054916-103,transit
20154914054916-877,camper
20154914054943-726,transit
20154914064929-693,transit
20154914074922-33,none
20154914084953-37,camper
20154914094924-417,none
20154914104905-829,camper
20154914124913-652,transit
20154914124917-488,camper
20154915014906-163,transit
20154915054928-622,transit
20154915074926-985,transit
20154915094902-140,none
20154915104900-986,camper
20154916014913-150,camper
20154916014936-45,camper
20154916024948-363,none
20154916034937-118,ranger
20154916064951-160,camper
20154916074958-56,none
20154916084939-496,ranger
20154916114909-624,transit
20154917014946-993,camper
20154917034903-850,camper
20154917054928-183,camper
20154917064950-275,transit
20154917094901-711,transit
20154918014930-425,camper
20154918034939-914,none
20154918034948-103,transit
20154918044905-819,none
20154918074910-267,camper
20154918074936-49,none
20154918084957-321,transit
20154918094949-366,camper
20154918094950-334,transit
20154918114925-947,none
20154919024910-736,camper
20154919034934-127,camper
20154919074934-564,transit
20154919074954-601,none
20154919094921-666,camper
20154920044917-452,transit
20154920044939-697,camper
20154920044949-964,camper
20154920054923-830,camper
20154920064901-960,none
20154920064940-777,none
20154920064954-526,none
20154920074921-321,camper
20154920084921-344,transit
20154920094954-832,camper
20154920114956-385,camper
20154920124914-234,none
20154920124940-797,ranger
20154921014906-178,transit
20154921014940-535,transit
20154921024932-399,none
20154921034911-632,transit
20154921034946-169,none
20154921074936-665,transit
20154921104938-325,transit
20154922024915-450,camper
20154922064938-103,transit
20154922084949-200,camper
20154922094908-595,camper
20154922094931-619,transit
20154922104905-300,camper
20154922114943-996,transit
20154923014909-680,camper
20154923054902-540,transit
20154923054916-14,none
20154923054956-212,transit
20154923074927-301,camper
20154923074928-791,transit
20154923084910-990,none
20154923084945-270,transit
20154923114938-391,transit
20154923124957-839,camper
20154924014946-833,none
20154924014948-415,camper
20154924044946-611,ranger
20154924054926-541,transit
20154924054926-775,none
20154924054932-186,none
20154924064932-969,transit
20154924064936-334,transit
20154924124955-67,transit
20154925014938-190,transit
20154925034902-555,camper
20154925034909-164,camper
20154925044945-414,camper
20154925054923-603,transit
20154925054926-798,ranger
20154925054943-379,transit
20154925064951-601,none
20154925074904-388,none
20154925074924-66,camper
20154925074927-526,transit
20154925084942-710,none
20154926014915-775,camper
20154926034956-489,transit
20154926084915-416,camper
20154926104933-124,camper
20154926114902-255,none
20154926124901-298,transit
20154926124914-356,camper
20154926124932-480,camper
20154927014933-817,transit
20154927024928-987,none
20154927034927-466,none
20154927064922-108,ranger
20154927064945-364,transit
20154927084908-110,camper
20154927084959-505,camper
20154927094913-807,transit
20154927114912-438,none
20154927124918-740,ranger
20154928014904-216,transit
20154928014949-969,camper
20154928054922-765,camper
20154928064939-570,camper
20154928064943-51,none
20154928074930-941,transit
20154928074942-377,camper
20154928074954-92,none
20154928114901-274,transit
20154928114954-255,camper
20154928124919-762,camper
20154929034944-264,transit
20154929064951-316,transit
20154929074931-957,ranger
20154929074943-954,ranger
20154929104939-450,none
20154929104953-761,camper
20154929114937-129,camper
20154930014953-552,transit
20154930044907-211,camper
20154930054911-288,transit
20154930064934-59,camper
20154930064955-254,transit
20154930084928-651,transit
20154930084931-614,camper
20154930094911-931,camper
20154930094929-347,ranger
20154930104908-139,none
20154930114905-404,none
20154931014916-410,camper
20154931024946-567,camper
20154931034945-124,camper
20154931054946-146,camper
20154931104919-11,transit
20154931124948-323,transit
20155001015013-989,none
20155001025006-808,none
20155001085025-541,transit
20155001085045-251,transit
20155001105016-328,transit
20155001105050-654,none
20155001105054-534,camper
20155002015002-492,camper
20155002015015-368,transit
20155002095022-451,camper
20155002115040-685,camper
20155002125000-291,camper
20155003015007-18,camper
20155003035017-260,camper
20155003045027-887,camper
20155003055049-24,transit
20155003065006-500,ranger
20155003065035-764,transit
20155003085057-623,ranger
20155003125030-813,none
20155004015003-341,camper
20155004015052-442,transit
20155004025012-864,transit
20155004025033-200,none
20155004035020-880,camper
20155004035039-898,transit
20155004065029-598,none
20155004075028-193,transit
20155004085057-252,camper
20155004115012-992,none
20155004125004-492,camper
20155005015042-377,none
20155005035047-766,camper
20155005055054-396,none
20155005065043-343,camper
20155005115009-467,transit
20155005125016-882,transit
20155006025053-216,camper
20155006035017-391,camper
20155006045053-500,none
20155006065033-145,transit
20155006085003-110,transit
20155006095026-111,ranger
20155006115000-68,transit
20155007035002-321,transit
20155007045010-724,camper
20155007055057-385,none
20155007105028-750,transit
20155007105052-862,none
20155007115043-636,transit
20155007125010-669,transit
20155008015024-106,transit
20155008015040-875,none
20155008025038-252,transit
20155008045000-587,none
20155008055031-646,camper
20155008095000-690,camper
20155009035012-229,camper
20155009035026-293,camper
20155009055024-626,camper
20155009075029-871,camper
20155009075059-129,transit
20155009095026-372,none
20155009105054-571,camper
20155010025035-931,camper
20155010035027-845,none
20155010045051-886,transit
20155010075046-55,transit
20155010095022-776,none
20155010105008-953,transit
20155010105048-661,transit
20155010115003-484,none
20155011035028-722,transit
20155011095054-239,camper
20155011115005-537,ranger
20155011115006-613,camper
20155011125000-27,transit
20155011125022-437,transit
20155012015018-20,camper
20155012015023-139,transit
20155012015044-732,transit
20155012025014-139,camper
20155012025014-927,none
20155012045013-236,transit
20155012055005-718,camper
20155012065005-217,camper
20155012065039-980,camper
20155012085048-766,camper
20155012105037-73,none
20155012115050-224,transit
20155013025028-739,transit
20155013055021-797,none
20155013065048-240,camper
20155013085022-330,camper
20155013125038-270,transit
20155013125044-573,none
20155013125054-239,transit
20155014015019-965,camper
20155014025035-354,none
20155014035034-409,none
20155014045015-94,transit
20155014075000-250,transit
20155014085008-31,transit
20155014115040-352,none
20155014125011-81,camper
20155015015017-670,camper
20155015035000-483,transit
20155015055027-203,transit
20155015085033-767,none
20155015115025-738,camper
20155016015003-592,ranger
20155016015015-241,camper
20155016055028-514,transit
20155016055052-790,transit
20155016095009-865,transit
20155016105014-878,camper
20155016105038-829,transit
20155017105004-384,transit
20155017105034-330,camper
20155017105044-579,camper
20155017125055-99,transit
20155018015058-838,camper
20155018025027-905,none
20155018045038-791,transit
20155018095034-789,transit
20155018105000-729,camper
20155018115018-119,transit
20155019025025-685,camper
20155019055036-427,transit
20155019065024-371,camper
20155019065049-871,camper
20155019075059-941,camper
20155019085012-883,camper
20155019095008-356,transit
20155019095051-659,none
20155019115035-365,camper
20155019125004-709,transit
20155020025005-823,transit
20155020035008-254,transit
20155020035009-541,camper
20155020035014-198,transit
20155020035057-49,none
20155020045004-56,none
20155020045059-811,camper
20155020055005-112,camper
20155020065025-936,transit
20155020085036-572,transit
20155020095009-169,camper
20155021015058-471,camper
20155021025028-390,none
20155021045059-730,none
20155021055038-706,camper
20155021065012-863,ranger
20155021095034-253,camper
20155021105052-315,transit
20155021125011-558,transit
20155021125027-18,camper
20155022025025-894,camper
20155022025040-869,camper
20155022055023-3,none
20155022075038-528,camper
20155022075049-151,camper
20155022095026-825,transit
20155022105003-276,none
20155022125028-440,transit
20155023015030-948,transit
20155023025023-616,camper
20155023025046-510,transit
20155023055033-43,transit
20155023065015-612,camper
20155023065026-661,camper
20155023065033-796,camper
20155023075056-284,none
20155023095030-537,transit
20155023095037-787,transit
20155023095053-401,transit
20155023105006-119,camper
20155023115047-443,camper
20155024015018-365,camper
20155024015031-756,camper
20155024045011-587,camper
20155024045031-794,camper
20155024055025-91,transit
20155024105003-765,camper
20155024105051-288,camper
20155024115009-354,none
20155024115021-588,transit
20155025015029-156,none
20155025015032-304,camper
20155025065035-14,none
20155025075009-771,transit
20155025095021-954,transit
20155025115040-735,ranger
20155025115054-532,transit
20155025125004-671,transit
20155025125055-97,transit
20155026015014-82,camper
20155026015047-456,camper
20155026035048-916,camper
20155026055055-745,camper
20155026065031-5,transit
20155026105032-380,camper
20155026125036-291,camper
20155027025003-704,camper
20155027045016-281,camper
20155027055036-564,transit
20155027055051-523,transit
20155027075030-17,none
20155027075033-613,transit
20155027085049-858,camper
20155027105035-106,transit
20155028035003-577,transit
20155028065033-936,transit
20155028065044-583,camper
20155028105016-754,camper
20155028105034-968,none
20155028125003-149,transit
20155028125010-618,camper
20155028125025-781,none
20155029015020-507,camper
20155029025041-491,none
20155029035009-826,camper
20155029035047-120,transit
20155029045031-175,camper
20155029055001-507,transit
20155029085047-891,camper
20155029105005-418,none
20155029125037-882,transit
20155030015024-759,transit
20155030015058-336,camper
20155030075000-793,camper
20155030075008-549,camper
20155030095024-814,transit
20155030125002-922,camper
20155031035003-913,transit
20155031095040-402,transit
20155101015153-997,transit
20155101035134-156,transit
20155101045148-763,camper
20155101065139-549,camper
20155101075136-111,camper
20155101085139-488,transit
20155101105100-6,none
20155102015131-894,transit
20155102035151-359,transit
20155102045121-443,camper
20155102045128-941,camper
20155102055140-273,camper
20155102075118-513,transit
20155102095112-902,camper
20155102105109-200,transit
20155102105155-395,transit
20155103015112-816,camper
20155103025126-91,transit
20155103025138-690,transit
20155103035116-592,camper
20155103055146-447,transit
20155103055157-983,none
20155103065157-254,transit
20155103115100-856,camper
20155103125116-871,transit
20155103125117-566,transit
20155104025128-323,transit
20155104055125-368,camper
20155104075145-460,transit
20155104115145-356,transit
20155105025102-354,transit
20155105025134-783,none
20155105035115-792,none
20155105045116-670,transit
20155105095111-802,transit
20155105095144-872,transit
20155105095158-83,transit
20155106045120-116,transit
20155106055122-460,none
20155106065150-500,camper
20155106075153-120,transit
20155106085152-545,camper
20155106095135-527,none
20155106115123-259,ranger
20155107025107-822,camper
20155107025120-910,camper
20155107025121-865,transit
20155107025129-9,none
20155107025142-923,transit
20155107075116-898,none
20155107085153-669,transit
20155107095106-273,transit
20155107095150-103,camper
20155107105131-908,transit
20155107105141-423,camper
20155107125107-821,camper
20155107125121-144,camper
20155108015101-929,transit
20155108015134-360,camper
20155108055113-217,transit
20155108055122-120,none
20155108055127-418,transit
20155108075139-964,camper
20155108085129-602,transit
20155108095144-360,transit
20155108105111-825,transit
20155108125121-567,none
20155109025110-178,none
20155109045104-759,camper
20155109075137-379,none
20155109095121-982,ranger
20155109105115-583,none
20155109115123-786,camper
20155110065158-228,transit
20155110075150-591,camper
20155110085142-429,transit
20155110085148-525,camper
20155110095100-81,transit
20155110115129-645,transit
20155110125158-386,camper
20155111015128-341,none
20155111035113-452,none
20155111035152-902,none
20155111065119-468,none
20155111065136-856,ranger
20155111095109-411,camper
20155111095142-349,camper
20155111095152-65,transit
20155111105151-175,transit
20155112035138-197,transit
20155112055113-398,transit
20155112085118-64,transit
20155112105111-296,camper
20155112125144-954,camper
20155113015107-173,transit
20155113025112-61,ranger
20155113045129-570,none
20155113115142-894,transit
20155114015106-386,camper
20155114025112-526,transit
20155114045130-81,ranger
20155114045132-71,none
20155114055105-317,transit
20155114055130-358,camper
20155114055136-570,transit
20155114095131-368,camper
20155114115112-703,transit
20155115025143-678,none
20155115045123-3,camper
20155115045124-265,none
20155115055126-836,camper
20155115055136-775,camper
20155115065112-915,none
20155115095152-620,camper
20155115115153-800,none
20155115125132-525,transit
20155116015106-558,transit
20155116025119-682,camper
20155116025143-70,transit
20155116035104-470,none
20155116035129-426,transit
20155116045108-418,transit
20155116055134-838,transit
20155116055140-172,transit
20155116055151-743,none
20155116075159-137,none
20155116085112-182,transit
20155116085120-15,none
20155116095154-87,ranger
20155116095155-952,camper
20155116105124-999,transit
20155117015130-290,transit
20155117045156-640,transit
20155117055109-312,transit
20155117055122-140,transit
20155117055136-845,transit
20155117065115-489,camper
20155117075129-610,camper
20155117095115-322,none
20155118025117-248,transit
20155118025140-48,transit
20155118035119-914,transit
20155118045112-456,none
20155118055120-195,camper
20155118075124-295,camper
20155118075141-805,transit
20155118105141-811,transit
20155118105146-971,camper
20155118115127-143,camper
20155118115128-12,camper
20155118125132-310,transit
20155118125147-85,transit
20155119025114-185,camper
20155119055145-309,transit
20155119115106-194,transit
20155119115134-6,camper
20155120055103-391,none
20155120055142-403,camper
20155120075120-921,transit
20155120115120-467,ranger
20155120125158-102,camper
20155121015151-176,camper
20155121015153-897,camper
20155121035116-274,camper
20155121045154-254,transit
20155121055133-479,transit
20155121065100-589,camper
20155121075125-805,camper
20155121125119-604,transit
20155122015113-891,camper
20155122015143-390,camper
20155122025116-289,none
20155122055108-85,camper
20155122055116-333,camper
20155122055152-815,camper
20155122105142-516,transit
20155122115118-223,camper
20155122115120-443,transit
20155123015131-999,camper
20155123015147-557,transit
20155123015147-690,camper
20155123035115-107,transit
20155123035157-563,camper
20155123055114-470,transit
20155123085147-286,camper
20155123095114-41,transit
20155123095125-681,camper
20155123105120-139,transit
20155123105159-430,transit
20155123115132-660,camper
20155124035131-240,camper
20155124035137-104,transit
20155124045148-189,camper
20155124065101-676,transit
20155124095131-809,camper
20155124095132-430,camper
20155124105159-309,none
20155124115146-742,transit
20155125045126-764,camper
20155125065153-13,transit
20155125075128-608,transit
20155125115109-261,camper
20155126015101-584,camper
20155126025133-294,camper
20155126035129-589,camper
20155126045131-960,camper
20155126055159-410,none
20155126075149-53,transit
20155126125144-977,none
20155127015149-97,none
20155127035102-451,camper
20155127045143-781,none
20155127055114-680,none
20155127055150-486,none
20155127065120-711,camper
20155127085107-519,transit
20155127085135-450,transit
20155127105102-588,none
20155127115141-140,ranger
20155127125107-814,transit
20155128015133-316,camper
20155128035145-987,transit
20155128075157-284,none
20155129015103-260,none
20155129025110-549,camper
20155129035122-438,none
20155129045107-400,camper
20155129045121-174,transit
20155129055147-431,camper
20155129085126-994,camper
20155129105136-293,none
20155129125114-867,camper
20155130025118-645,camper
20155130035117-109,camper
20155130045107-925,transit
20155130055115-290,none
20155130055132-838,camper
20155130065116-719,ranger
20155130075100-46,transit
20155130095154-411,transit
20155130115135-673,camper
20155130115150-842,ranger
20155130125126-108,none
20155131115159-825,camper
20155201015221-957,none
20155201025212-846,transit
20155201025239-418,camper
20155201025245-696,transit
20155201035213-815,camper
20155201035224-590,camper
20155201055205-698,transit
20155201055223-716,transit
20155201075206-349,transit
20155201075209-669,ranger
20155201095259-137,camper
20155202015257-248,transit
20155202025227-496,camper
20155202035206-111,none
20155202065206-711,ranger
20155202065231-630,camper
20155202075207-398,none
20155202075214-474,transit
20155202095248-887,transit
20155202105256-995,transit
20155202115233-71,transit
20155203015202-223,none
20155203015220-852,camper
20155203045228-554,none
20155203065209-82,transit
20155203065228-993,camper
20155203065229-254,none
20155203095227-377,camper
20155203095254-173,ranger
20155203105243-520,none
20155203105250-184,transit
20155203125254-748,camper
20155204015210-595,camper
20155204015218-625,ranger
20155204055205-222,camper
20155204055234-952,camper
20155204075252-177,transit
20155204095225-879,transit
20155204105236-384,transit
20155204105251-380,camper
20155204125243-368,camper
20155205015233-851,camper
20155205025239-81,transit
20155205025245-653,camper
20155205045211-58,camper
20155205045234-468,camper
20155205085202-209,none
20155205095235-701,transit
20155205095236-132,camper
20155205105243-924,transit
20155205125210-970,transit
20155206025224-627,camper
20155206025244-634,camper
20155206035248-482,camper
20155206045202-110,none
20155206065253-470,transit
20155206075204-722,transit
20155206085214-352,transit
20155206095205-734,camper
20155206105202-711,camper
20155206105220-877,camper
20155206105236-868,transit
20155206115240-47,transit
20155206125203-732,transit
20155207025224-620,transit
20155207035220-980,transit
20155207035246-589,transit
20155207075209-878,none
20155207075241-172,none
20155207115216-391,transit
20155207115250-213,none
20155208035222-55,transit
20155208045207-674,transit
20155208045228-597,camper
20155208065252-159,transit
20155208075242-780,camper
20155208085206-672,camper
20155208105227-714,transit
20155208105246-426,ranger
20155208105249-310,none
20155208125234-73,camper
20155209015212-409,camper
20155209015217-718,none
20155209035225-643,none
20155209065239-593,camper
20155209085220-909,transit
20155209085240-71,none
20155209085255-542,camper
20155210015230-182,none
20155210025227-374,transit
20155210025230-794,camper
20155210045205-876,ranger
20155210045254-447,transit
20155210085237-852,transit
20155210105207-288,transit
20155210105230-671,camper
20155210105231-380,transit
20155210115204-9,none
20155211015231-940,ranger
20155211035238-685,ranger
20155211045248-317,transit
20155211045258-980,none
20155211055252-393,none
20155211075227-27,camper
20155211075244-304,camper
20155211085223-496,none
20155211105222-197,transit
20155211105237-636,transit
20155212035238-957,transit
20155212055201-823,transit
20155212055238-204,camper
20155212095211-676,none
20155213015220-211,none
20155213035255-286,transit
20155213045213-184,transit
20155213045247-855,transit
20155213045249-101,camper
20155213085238-710,transit
20155213095212-354,transit
20155213095235-98,camper
20155213095244-486,ranger
20155213115254-355,camper
20155214025202-174,transit
20155214065227-368,transit
20155214075250-45,none
20155214095206-793,none
20155214095239-156,ranger
20155214125258-653,camper
20155215035252-945,transit
20155215065201-621,none
20155215095214-503,camper
20155215105244-919,transit
20155216015224-688,none
20155216015226-188,camper
20155216015253-395,camper
20155216055209-787,camper
20155216055230-781,camper
20155216065247-105,transit
20155216125240-140,camper
20155217025222-831,transit
20155217055238-804,none
20155217085253-931,ranger
20155217105212-400,camper
20155217105219-132,camper
20155217105224-269,none
20155217105258-508,transit
20155217115255-205,camper
20155218045221-583,none
20155218065202-828,transit
20155218065236-433,transit
20155218085224-640,camper
20155218085232-407,camper
20155218105226-400,none
20155218105228-898,transit
20155219015258-947,none
20155219035208-979,transit
20155219035228-248,camper
20155219055208-563,transit
20155219065253-324,none
20155219075248-264,camper
20155219085255-410,camper
20155219105223-621,transit
20155219125211-610,transit
20155219125246-276,transit
20155220045244-126,transit
20155220055213-805,camper
20155220065205-214,none
20155220075210-527,transit
20155220085241-907,camper
20155220115228-339,none
20155221025221-111,transit
20155221025244-122,camper
20155221035215-286,transit
20155221035222-673,none
20155221055211-397,transit
20155221075249-459,camper
20155221085210-381,camper
20155221115237-739,camper
20155221125213-371,camper
20155221125229-19,camper
20155222025217-753,camper
20155222025248-836,camper
20155222035235-759,camper
20155222045208-617,transit
20155222065249-298,none
20155222065258-26,ranger
20155222065258-67,transit
20155222075242-97,none
20155222075248-559,ranger
20155222095214-329,none
20155223015236-307,camper
20155223025223-42,transit
20155223035220-257,none
20155223035220-518,transit
20155223045209-786,camper
20155223065200-218,camper
20155223085229-650,transit
20155223105214-913,none
20155223105218-491,transit
20155224025254-187,camper
20155224065246-744,transit
20155224075219-422,transit
20155224115207-570,ranger
20155224125203-186,transit
20155225015258-557,transit
20155225025231-666,camper
20155225035240-735,none
20155225055204-556,none
20155225085241-468,camper
20155225095237-844,ranger
20155225095243-141,transit
20155225095247-318,none
20155226015215-356,transit
20155226085244-734,none
20155226125229-218,camper
20155226125254-369,transit
20155227015235-465,transit
20155227055231-464,camper
20155227065217-969,transit
20155227075208-342,none
20155227085257-55,camper
20155227095221-937,camper
20155227095236-451,transit
20155227105226-846,transit
20155227105245-707,camper
20155227125212-315,camper
20155228015220-418,camper
20155228015222-976,none
20155228015224-387,transit
20155228015245-135,camper
20155228055244-170,transit
20155228095216-123,none
20155228105231-492,camper
20155228125210-442,camper
20155228125229-86,camper
20155229035205-191,camper
20155229035239-568,camper
20155229075209-557,transit
20155229095213-604,camper
20155229095223-993,camper
20155229095259-503,none
20155229105207-599,none
20155230015214-596,transit
20155230015235-98,camper
20155230025233-218,camper
20155230025241-974,camper
20155230035222-748,camper
20155230055211-490,transit
20155230065221-463,transit
20155230075202-580,none
20155230075217-364,ranger
20155230075218-899,camper
20155230105211-483,ranger
20155230115226-97,camper
20155231035227-0,none
20155231075227-33,transit
20155231085202-341,transit
20155231105237-675,transit
20155231105239-338,camper
20155301025312-741,transit
20155301025350-31,transit
20155301055312-754,camper
20155301055347-195,transit
20155301065327-174,transit
20155301065341-712,none
20155301065349-981,none
20155301085312-76,camper
20155301085317-34,camper
20155301085322-946,transit
20155301085350-513,transit
20155301095314-712,none
20155302025312-112,camper
20155302025352-365,transit
20155302045335-245,camper
20155302055315-401,none
20155302055357-472,camper
20155302075339-508,transit
20155302085319-879,none
20155302105321-61,transit
20155303015353-82,transit
20155303025331-674,camper
20155303045331-550,none
20155303045356-851,camper
20155303055334-250,camper
20155303075313-600,camper
20155303075334-830,transit
20155303095333-234,transit
20155303105327-375,transit
20155303125317-749,camper
20155303125323-651,camper
20155304015337-125,none
20155304025306-399,camper
20155304025322-657,transit
20155304035331-275,camper
20155304045330-928,transit
20155304065306-536,camper
20155304065335-775,camper
20155304065358-506,camper
20155304075353-452,none
20155304085320-560,camper
20155304095307-596,camper
20155304095308-767,camper
20155304095343-996,camper
20155304105338-631,none
20155304115351-36,transit
20155304125320-819,camper
20155305015326-67,camper
20155305025321-220,none
20155305035315-90,camper
20155305035350-216,transit
20155305045325-23,ranger
20155305065314-246,camper
20155305075315-881,transit
20155305075355-395,transit
20155305105337-96,transit
20155306025329-730,ranger
20155306045344-471,none
20155306065348-338,transit
20155306075307-769,transit
20155306085328-467,camper
20155306095352-482,camper
20155306105320-633,transit
20155306105321-278,none
20155306125304-711,camper
20155307025311-47,camper
20155307025317-697,none
20155307025324-839,transit
20155307025337-508,transit
20155307035343-528,none
20155307045325-414,camper
20155307065347-120,ranger
20155307075336-227,camper
20155307085318-512,camper
20155307105318-981,none
20155307115300-161,camper
20155307115340-426,transit
20155307125327-646,camper
20155308015342-512,transit
20155308025321-11,camper
20155308035318-433,none
20155308045304-549,transit
20155308045321-417,camper
20155308055353-564,transit
20155308075300-140,transit
20155308075334-739,camper
20155308085309-182,none
20155308095329-948,transit
20155308105343-910,camper
20155308105346-779,transit
20155308115306-860,transit
20155308115357-769,transit
20155309025344-113,transit
20155309035345-751,camper
20155309035353-968,none
20155309065327-597,camper
20155309085359-498,none
20155309105336-908,transit
20155309115300-960,camper
20155309115321-822,transit
20155309115343-721,camper
20155309115357-981,none
20155310035300-431,camper
20155310035300-564,transit
20155310045309-907,transit
20155310045326-207,transit
20155310045357-17,transit
20155310055324-613,camper
20155310075332-779,none
20155310085325-400,camper
20155310105320-51,camper
20155310125342-214,camper
20155311015300-19,ranger
20155311015304-643,none
20155311035305-535,camper
20155311045315-402,camper
20155311045343-651,transit
20155311055345-30,none
20155311065304-252,camper
20155311125300-290,camper
20155311125315-704,transit
20155312015304-1,camper
20155312075311-671,transit
20155312075313-766,transit
20155312115354-809,none
20155312125321-91,transit
20155313015324-374,camper
20155313065344-641,camper
20155313065353-837,transit
20155313085311-65,camper
20155313085338-538,camper
20155313105324-362,camper
20155313125338-978,transit
20155314025308-302,transit
20155314045352-623,transit
20155314055308-151,transit
20155314055358-658,transit
20155314075350-327,camper
20155314085317-744,camper
20155314095334-971,none
20155314095341-355,camper
20155314125319-412,camper
20155315015313-84,camper
20155315015330-416,ranger
20155315045344-159,transit
20155315115312-396,transit
20155315115319-974,camper
20155315115341-748,transit
20155316015308-618,none
20155316045346-112,none
20155316055341-657,ranger
20155316075301-46,transit
20155316115321-402,camper
20155316125315-277,transit
20155317035328-621,ranger
20155317045321-311,transit
20155317065325-267,transit
20155317085330-284,camper
20155317095309-82,transit
20155317095355-5,camper
20155317095356-796,none
20155317105335-21,camper
20155317115307-56,none
20155317125332-60,camper
20155318015334-316,transit
20155318035351-42,transit
20155318045300-137,camper
20155318045306-53,none
20155318045307-395,transit
20155318045348-403,camper
20155318055356-801,transit
20155318065323-808,ranger
20155318075328-481,camper
20155318075334-519,camper
20155318085323-689,transit
20155318095346-528,camper
20155318115320-812,transit
20155318115321-937,camper
20155318125311-887,transit
20155319015328-845,transit
20155319025303-151,camper
20155319025316-132,none
20155319035337-279,camper
20155319035359-974,camper
20155319065307-9,transit
20155319105326-404,camper
20155319125338-526,transit
20155319125339-656,ranger
20155320015318-618,ranger
20155320035313-723,transit
20155320035314-794,camper
20155320045300-526,none
20155320055308-540,transit
20155320055334-779,ranger
20155320075307-202,camper
20155320095303-993,transit
20155320095322-283,none
20155320095336-544,camper
20155320105353-443,transit
20155320125343-802,transit
20155321035317-361,transit
20155321045350-617,transit
20155321065324-15,transit
20155321085346-715,ranger
20155321085354-103,transit
20155321105314-535,camper
20155321115343-478,camper
20155321125321-407,camper
20155322025303-645,transit
20155322025349-465,none
20155322125316-320,camper
20155323015347-523,transit
20155323025342-343,camper
20155323025342-437,camper
20155323065317-442,camper
20155323075349-302,camper
20155323085324-552,ranger
20155323085346-26,transit
20155323085353-9,transit
20155323105312-749,ranger
20155323105314-852,transit
20155323125350-4,transit
20155324015307-999,transit
20155324015326-739,camper
20155324015341-115,transit
20155324075301-513,camper
20155324075339-328,camper
20155324075339-417,transit
20155324075359-504,transit
20155324085325-903,camper
20155324085350-784,none
20155324115305-405,transit
20155325015305-625,transit
20155325045321-836,camper
20155325065316-87,transit
20155325075336-825,transit
20155325075339-490,camper
20155325085300-934,transit
20155325095328-933,camper
20155325095348-282,transit
20155325115348-290,transit
20155326015327-562,camper
20155326025302-192,transit
20155326035314-70,camper
20155326065327-167,transit
20155326065330-762,none
20155326075304-176,none
20155326075351-224,camper
20155326105306-68,camper
20155326105308-899,camper
20155326105319-704,transit
20155326115307-439,transit
20155327035347-535,none
20155327055311-62,camper
20155327065304-831,transit
20155327065348-42,transit
20155327065352-143,transit
20155327075348-763,ranger
20155327085332-624,none
20155327095347-642,camper
20155327105347-925,camper
20155328035310-746,camper
20155328035319-760,transit
20155328035326-113,camper
20155328055322-628,camper
20155328075344-727,transit
20155328085310-805,camper
20155328095345-887,camper
20155328105351-17,camper
20155328125314-729,camper
20155329045329-278,transit
20155329045346-171,camper
20155329055303-413,transit
20155329055314-780,transit
20155329085335-705,none
20155329105327-356,transit
20155330025354-711,transit
20155330035332-211,none
20155330035349-797,camper
20155330045344-404,ranger
20155330055334-238,camper
20155330085301-206,transit
20155330085329-653,transit
20155330095316-775,camper
20155330095334-363,camper
20155330115319-514,none
20155330125308-863,camper
20155330125313-561,none
20155331025312-334,camper
20155331025328-447,none
20155331025357-961,none
20155331025358-360,transit
20155331055329-993,transit
20155331085312-528,none
20155401015403-770,transit
20155401015444-439,camper
20155401025432-410,camper
20155401045441-227,camper
20155401055424-365,transit
20155401115443-339,camper
20155401115457-529,ranger
20155402015440-235,none
20155402035448-649,ranger
20155402045434-428,camper
20155402055423-909,camper
20155402055458-607,transit
20155402085412-825,camper
20155402095430-944,camper
20155402095455-468,none
20155403015401-677,camper
20155403025439-26,none
20155403025440-94,transit
20155403025453-621,transit
20155403035424-543,none
20155403035448-157,ranger
20155403045427-339,none
20155403045449-754,transit
20155403055431-257,camper
20155403055431-688,camper
20155403055443-412,transit
20155403105442-397,transit
20155403125436-517,none
20155404015431-242,ranger
20155404025418-130,transit
20155404025425-846,ranger
20155404025436-249,none
20155404035404-301,transit
20155404045416-984,none
20155404055405-546,none
20155404065421-768,camper
20155404075449-856,transit
20155405015448-33,camper
20155405015451-772,transit
20155405025445-798,none
20155405035411-744,camper
20155405045446-551,camper
20155405055416-800,camper
20155405055439-901,camper
20155405065448-222,transit
20155405095438-449,transit
20155405095456-527,transit
20155405125402-226,camper
20155406115453-795,transit
20155407015433-549,transit
20155407025401-645,camper
20155407045404-580,transit
20155407055408-859,none
20155407075419-829,transit
20155407085436-987,camper
20155407095431-303,camper
20155407095436-165,camper
20155407095443-656,camper
20155407095445-308,camper
20155407105416-360,transit
20155407115442-97,none
20155407115448-173,ranger
20155408015402-944,camper
20155408095415-166,transit
20155409015439-148,camper
20155409035441-881,camper
20155409055424-104,camper
20155409065419-204,camper
20155409075442-603,transit
20155409095404-1,camper
20155409125422-39,camper
20155409125458-907,transit
20155410035426-585,camper
20155410055413-237,camper
20155410065428-222,transit
20155410075450-130,camper
20155410115436-216,none
20155410115442-469,camper
20155410115443-580,transit
20155410125418-276,transit
20155411025401-133,camper
20155411065407-954,transit
20155411085411-161,none
20155411095413-90,none
20155411105414-764,camper
20155411105423-23,camper
20155411115436-381,none
20155411115451-402,transit
20155412015422-478,none
20155412025422-657,transit
20155412025439-711,camper
20155412025458-760,camper
20155412035440-195,none
20155412045446-0,camper
20155413045417-828,camper
20155413065431-352,camper
20155413085400-638,ranger
20155413095429-78,camper
20155413105409-831,transit
20155413105458-607,transit
20155414015431-337,none
20155414015450-986,camper
20155414015455-74,transit
20155414025422-339,transit
20155414025452-910,camper
20155414045435-904,transit
20155414055413-427,transit
20155414065449-822,transit
20155414075423-495,camper
20155414075424-282,transit
20155414095405-129,ranger
20155414095419-150,transit
20155415015401-576,camper
20155415015459-549,camper
20155415025445-696,transit
20155415055448-117,camper
20155415065435-901,transit
20155415065439-614,camper
20155415065442-451,transit
20155415065453-301,none
20155415075405-549,transit
20155415095436-366,transit
20155415105401-84,camper
20155415105426-483,transit
20155415105428-961,transit
20155416025450-542,camper
20155416035455-942,transit
20155416045441-692,none
20155416075414-747,transit
20155416085457-488,transit
20155416105428-103,camper
20155417025408-472,none
20155417035454-444,camper
20155417045419-23,transit
20155417045421-956,none
20155417045444-36,camper
20155417055404-842,camper
20155417065414-463,camper
20155417065430-542,camper
20155417065446-3,camper
20155417065452-683,transit
20155417075428-77,camper
20155417075442-571,camper
20155417085454-80,camper
20155417095405-70,camper
20155417095454-820,camper
20155417105422-842,camper
20155418015419-112,camper
20155418025400-514,none
20155418035409-213,transit
20155418035415-502,camper
20155418035427-895,transit
20155418045421-624,camper
20155418045455-317,camper
20155418045458-340,camper
20155418075447-174,camper
20155418105443-181,camper
20155419015430-279,none
20155419015446-344,camper
20155419025436-439,transit
20155419045453-296,none
20155419055407-635,camper
20155419085439-739,none
20155419095445-600,none
20155419105438-666,transit
20155419105450-531,transit
20155419125407-749,transit
20155419125408-510,camper
20155420045459-752,none
20155420055422-20,camper
20155420055440-323,transit
20155420065416-680,none
20155420065446-200,camper
20155420075411-689,none
20155420085411-184,none
20155420095406-753,transit
20155420105422-518,camper
20155420105446-331,transit
20155420105449-388,ranger
20155420115417-321,camper
20155421015424-794,none
20155421055418-31,none
20155421065446-240,none
20155421085451-765,transit
20155422015402-862,transit
20155422015409-486,transit
20155422015415-459,transit
20155422015444-143,camper
20155422035401-166,transit
20155422065444-36,transit
20155422085440-191,none
20155422105448-970,transit
20155423015434-702,camper
20155423025429-675,transit
20155423035426-963,transit
20155423045440-29,ranger
20155423045451-965,ranger
20155423045457-970,transit
20155423055401-968,none
20155423075433-511,transit
20155423095423-859,none
20155423105427-757,camper
20155424015402-348,transit
20155424015436-907,camper
20155424035420-859,none
20155424035436-409,transit
20155424045454-66,transit
20155424065404-909,transit
20155424065455-846,camper
20155424075405-452,none
20155424085438-836,none
20155424095403-620,camper
20155424105453-864,camper
20155424115433-691,camper
20155425085416-230,transit
20155425085422-138,camper
20155425085454-29,camper
20155425095427-956,none
20155425125452-157,none
20155426015402-453,transit
20155426015439-228,camper
20155426035428-177,camper
20155426075432-816,camper
20155426095420-438,camper
20155426115450-821,transit
20155427035437-721,transit
20155427045428-734,camper
20155427055429-500,camper
20155427055445-502,transit
20155427065441-961,camper
20155427075416-544,none
20155427085403-531,ranger
20155427085424-959,transit
20155427115403-656,none
20155427115438-270,transit
20155428015403-864,transit
20155428025436-507,camper
20155428065442-400,camper
20155428075433-360,transit
20155428075447-311,transit
20155429015426-898,transit
20155429055432-113,camper
20155429065420-360,camper
20155429065426-663,transit
20155429095415-587,transit
20155429105414-58,transit
20155429115417-36,transit
20155430015455-513,camper
20155430055405-608,camper
20155430065423-661,camper
20155430065457-569,camper
20155430085434-503,camper
20155430115403-341,camper
20155430115448-624,transit
20155431025403-99,ranger
20155431025407-873,transit
20155431025449-131,camper
20155431045446-47,camper
20155431045446-820,none
20155431095434-843,camper
20155431125412-835,camper
20155431125443-408,camper
20155501015527-544,camper
20155501015552-358,camper
20155501025537-40,transit
20155501035526-887,camper
20155501035544-811,camper
20155501065521-181,camper
20155501085548-717,camper
20155501095556-405,none
20155501105513-756,camper
20155501105557-44,transit
20155501115503-638,camper
20155501115549-423,camper
20155501115551-657,none
20155501125529-527,camper
20155502025511-119,camper
20155502025544-979,transit
20155502055513-421,transit
20155502075521-135,none
20155502075522-491,transit
20155502075552-20,none
20155502095528-51,none
20155502095553-497,transit
20155502115525-896,camper
20155502125507-435,camper
20155503015536-796,transit
20155503025525-562,none
20155503025536-107,camper
20155503055521-187,transit
20155503085502-843,camper
20155503095505-851,transit
20155503095520-726,camper
20155503105528-624,ranger
20155503105545-835,transit
20155504025510-530,none
20155504035505-637,none
20155504035537-96,none
20155504065513-977,transit
20155504065559-69,camper
20155504075511-773,camper
20155504075536-383,camper
20155504075543-891,transit
20155504085556-912,transit
20155504095521-78,none
20155504115554-356,camper
20155504125520-496,camper
20155505035539-722,camper
20155505085532-624,none
20155505115501-388,none
20155506035548-222,camper
20155506045534-554,camper
20155506045548-864,none
20155506115538-645,none
20155507025512-789,camper
20155507025528-30,camper
20155507035516-86,transit
20155507035559-982,transit
20155507055538-61,transit
20155507085532-900,transit
20155507095534-53,camper
20155507105518-639,transit
20155507115505-753,none
20155508015525-755,ranger
20155508025530-810,transit
20155508035530-98,camper
20155508045555-761,transit
20155508065500-686,transit
20155508075512-365,camper
20155508085530-44,transit
20155508105537-280,camper
20155508115551-930,none
20155508125512-863,transit
20155509015530-694,none
20155509015532-281,none
20155509025540-678,none
20155509045500-419,none
20155509065515-933,camper
20155509085524-852,transit
20155509105541-792,camper
20155509115514-291,camper
20155509125554-329,camper
20155510015516-82,none
20155510025531-344,camper
20155510035526-304,none
20155510045507-760,transit
20155510045531-199,none
20155510045540-167,none
20155510095558-877,none
20155510115503-773,none
20155511045543-118,camper
20155511055523-637,none
20155511055549-788,transit
20155511065542-668,transit
20155511075557-246,camper
20155511105504-943,camper
20155511105542-698,transit
20155511105551-991,transit
20155511115532-317,transit
20155511115536-551,transit
20155511115537-418,none
20155511125500-140,camper
20155512045541-545,transit
20155512045556-420,camper
20155512095531-4,none
20155513045525-782,transit
20155513055509-610,ranger
20155513055541-893,none
20155513085532-599,transit
20155513085550-298,transit
20155513115543-669,camper
20155513125557-429,none
20155514015554-802,camper
20155514025518-434,transit
20155514025524-996,none
20155514055522-182,transit
20155514055529-108,camper
20155514065542-265,transit
20155514095514-716,camper
20155514115538-38,camper
20155514115559-607,camper
20155515045550-909,camper
20155515065526-634,transit
20155515095508-771,camper
20155515095548-2,ranger
20155515125500-436,transit
20155515125545-849,none
20155515125557-114,transit
20155516015501-914,camper
20155516015509-611,camper
20155516035504-761,transit
20155516035544-884,transit
20155516035559-131,none
20155516055530-619,camper
20155516055543-369,transit
20155516095512-766,none
20155516095539-720,transit
20155516095548-928,transit
20155516105555-782,none
20155516105559-806,none
20155516115534-244,transit
20155516115547-576,camper
20155517025520-359,camper
20155517035538-277,camper
20155517045513-760,transit
20155517055510-758,camper
20155517065511-650,camper
20155517085508-984,transit
20155517085542-741,camper
20155517095500-40,camper
20155517095518-749,camper
20155517105518-795,transit
20155517115531-683,transit
20155517115552-543,camper
20155518015504-310,none
20155518015540-221,none
20155518025531-71,none
20155518025559-414,none
20155518035549-620,none
20155518045508-953,transit
20155518055520-844,camper
20155518055537-383,transit
20155518075540-451,transit
20155518075547-219,camper
20155518095558-521,camper
20155518105525-488,transit
20155519015513-86,transit
20155519045528-235,none
20155519045538-646,none
20155519055512-566,camper
20155519095518-431,camper
20155519105547-921,camper
20155519105555-68,transit
20155519125535-358,camper
20155520035557-954,camper
20155520045513-443,camper
20155520055501-430,none
20155520085531-173,transit
20155520105535-51,camper
20155520115522-140,none
20155520125548-491,camper
20155521025526-4,transit
20155521085536-56,transit
20155521125533-941,camper
20155522035520-589,camper
20155522055527-809,camper
20155522075554-168,transit
20155522095506-197,camper
20155522095547-881,transit
20155522095555-541,transit
20155522115542-589,transit
20155522115544-987,camper
20155523025523-457,camper
20155523055508-612,transit
20155523065557-761,camper
20155523085557-121,camper
20155523115538-147,none
20155523115549-994,none
20155524015550-153,transit
20155524035528-732,none
20155524065529-638,camper
20155524075502-755,transit
20155524085545-931,transit
20155524085551-928,camper
20155524105534-405,transit
20155524115511-739,camper
20155525015511-876,transit
20155525015513-235,camper
20155525025528-862,camper
20155525025541-454,camper
20155525025550-299,none
20155525045516-723,ranger
20155525045517-999,camper
20155525045542-362,camper
20155525055504-435,transit
20155525065551-662,camper
20155525095527-314,ranger
20155525115508-896,camper
20155525115514-720,transit
20155525115532-571,camper
20155525115534-307,transit
20155525115546-346,none
20155525115546-86,transit
20155526015529-809,camper
20155526025509-969,ranger
20155526025520-19,camper
20155526035521-301,ranger
20155526065516-845,ranger
20155526065554-981,camper
20155526075524-786,transit
20155526085516-0,camper
20155526105543-712,transit
20155526125517-937,camper
20155527045513-582,transit
20155527045524-617,transit
20155528025507-124,transit
20155528025543-814,none
20155528055512-788,camper
20155528055554-549,camper
20155528075552-252,none
20155528075553-143,camper
20155528095517-449,transit
20155529015507-923,camper
20155529045530-793,camper
20155529055530-955,transit
20155529065532-457,none
20155529075511-496,camper
20155529095519-855,camper
20155529095550-67,camper
20155529105513-700,transit
20155529105535-69,transit
20155529125526-644,transit
20155529125559-594,none
20155530035556-433,camper
20155530055509-649,camper
20155530075533-622,camper
20155530095524-691,transit
20155531015543-259,camper
20155531065512-853,camper
20155531075539-810,transit
20155531105513-969,transit
20155531115507-502,camper
20155531115558-211,transit
20155601015614-161,ranger
20155601015615-417,transit
20155601015631-537,none
20155601025658-508,camper
20155601035646-448,none
20155601065611-898,camper
20155601125604-18,camper
20155602015644-60,ranger
20155602045615-255,none
20155602045649-200,camper
20155602045651-157,transit
20155602045653-926,camper
20155602075606-537,camper
20155602105603-196,transit
20155602105614-229,camper
20155602115634-803,transit
20155602125643-208,camper
20155603015621-472,camper
20155603015631-143,camper
20155603035616-700,none
20155603045616-730,ranger
20155603075643-430,camper
20155603085636-441,transit
20155603105651-832,transit
20155603105654-700,camper
20155604025624-862,none
20155604035601-310,transit
20155604035654-479,camper
20155604055630-978,camper
20155604065634-463,transit
20155604085613-63,transit
20155604085623-148,none
20155604105652-557,transit
20155604125644-698,camper
20155605035606-956,transit
20155605045629-133,transit
20155605045637-578,transit
20155605055620-608,camper
20155605065613-54,camper
20155605065618-915,none
20155605065646-325,transit
20155605075643-362,transit
20155605105623-939,camper
20155605125623-741,camper
20155605125654-111,camper
20155606015608-991,camper
20155606025608-621,transit
20155606045620-205,camper
20155606055616-227,transit
20155606075601-461,none
20155606085604-918,camper
20155606085623-342,transit
20155606085646-932,transit
20155606095608-167,transit
20155606095615-98,none
20155607015659-126,camper
20155607035630-424,transit
20155607045623-654,transit
20155608015646-673,camper
20155608035650-260,none
20155608045648-151,none
20155608075604-962,transit
20155608075646-405,none
20155608075654-10,none
20155608085612-942,none
20155608085650-551,transit
20155608095629-23,transit
20155608095633-284,camper
20155608095652-395,camper
20155608105623-726,camper
20155608105635-740,transit
20155608125627-896,transit
20155609015602-235,transit
20155609015650-953,camper
20155609035611-390,ranger
20155609065611-118,ranger
20155609075614-26,transit
20155609085601-658,transit
20155609095635-696,transit
20155610035651-241,camper
20155610055624-279,camper
20155610055631-773,ranger
20155610055653-905,camper
20155610075657-317,none
20155610085645-184,transit
20155610115607-494,ranger
20155610125617-623,none
20155610125653-388,camper
20155611015650-658,transit
20155611025618-264,transit
20155611035646-483,transit
20155611055605-588,camper
20155611055631-743,camper
20155611085614-73,camper
20155611095605-146,none
20155611115619-804,transit
20155612015624-502,ranger
20155612025632-349,none
20155612025635-953,none
20155612055615-47,camper
20155612065603-160,camper
20155612065659-367,transit
20155612075623-190,camper
20155613025640-238,transit
20155613045622-401,transit
20155613045643-376,transit
20155613045650-872,camper
20155613065614-139,camper
20155613065652-38,camper
20155613095654-874,none
20155613105649-467,camper
20155613125611-113,camper
20155614075643-621,transit
20155614075656-559,camper
20155614095634-953,none
20155614095648-111,transit
20155614105606-280,camper
20155614105630-25,none
20155614125629-357,camper
20155615035612-506,camper
20155615055609-330,camper
20155615065643-355,camper
20155615085620-330,transit
20155615105630-534,camper
20155615125621-835,camper
20155616025653-750,camper
20155616035600-5,transit
20155616035612-493,camper
20155616035629-355,camper
20155616035659-555,transit
20155616045609-154,ranger
20155616045623-272,none
20155616065630-789,transit
20155616075650-682,camper
20155616125645-958,ranger
20155616125657-0,transit
20155617015617-226,none
20155617035626-878,camper
20155617035648-789,camper
20155617055615-208,none
20155617075624-163,camper
20155617085640-226,camper
20155617095644-506,none
20155617115643-257,camper
20155617115654-328,transit
20155617125605-868,transit
20155618025650-853,camper
20155618065604-631,camper
20155618075600-258,camper
20155618085617-440,camper
20155618085648-561,camper
20155618095623-707,camper
20155618105624-509,transit
20155619045657-616,none
20155619055621-859,ranger
20155619105610-134,camper
20155619115633-624,transit
20155619125600-198,transit
20155619125653-865,camper
20155620025615-452,camper
20155620035613-395,camper
20155620035621-75,transit
20155620045633-63,camper
20155620065658-617,camper
20155620075624-978,transit
20155620115651-849,camper
20155620125614-440,camper
20155621035631-676,camper
20155621035652-898,camper
20155621045635-67,camper
20155621065651-543,none
20155621075628-914,transit
20155621085644-587,transit
20155622015608-652,camper
20155622035604-568,camper
20155622065626-576,camper
20155622075617-153,transit
20155622095638-223,camper
20155622125651-249,none
20155623015620-828,camper
20155623035627-344,transit
20155623055607-516,none
20155623055655-882,none
20155623075644-293,none
20155623095618-430,camper
20155624015655-104,transit
20155624045618-21,camper
20155624075638-235,none
20155624115626-121,transit
20155624115628-693,camper
20155625015640-270,camper
20155625015640-843,camper
20155625015652-201,camper
20155625015656-890,ranger
20155625025623-196,camper
20155625025639-594,camper
20155625055631-750,transit
20155625055644-429,camper
20155625095622-232,none
20155625095623-406,transit
20155626025647-261,transit
20155626035612-921,none
20155626055623-547,camper
20155626065638-553,ranger
20155626085619-339,transit
20155626095622-144,camper
20155626105649-404,camper
20155627015611-22,camper
20155627015643-678,transit
20155627045658-136,camper
20155627055642-893,camper
20155627065647-194,transit
20155627075627-902,camper
20155627075654-410,none
20155627095620-851,transit
20155627105645-424,camper
20155627115631-597,none
20155627125623-941,transit
20155628025639-935,transit
20155628035624-221,none
20155628045650-449,none
20155628055649-858,camper
20155628075607-90,camper
20155628125625-241,transit
20155629025607-12,ranger
20155629035604-338,transit
20155629035637-921,camper
20155629045617-207,transit
20155629065625-319,transit
20155629085629-560,transit
20155629115617-518,transit
20155629125627-193,transit
20155629125649-272,none
20155629125653-788,camper
20155630015659-740,camper
20155630025632-929,camper
20155630035600-593,transit
20155630035656-673,none
20155630045651-523,transit
20155630065657-584,none
20155630095657-752,transit
20155630105651-729,camper
20155631035649-366,transit
20155631045627-683,camper
20155631055610-579,transit
20155631075632-680,transit
20155631105647-912,camper
20155631115626-437,camper
20155631125643-477,none
20155631125645-432,camper
20155701015739-324,transit
20155701025733-561,camper
20155701025751-249,none
20155701025756-944,camper
20155701085744-294,camper
20155701105733-580,camper
20155702015728-136,transit
20155702025721-399,transit
20155702045735-87,none
20155702055701-405,camper
20155702065700-462,camper
20155702075700-732,transit
20155702125743-958,none
20155703035752-285,camper
20155703045756-537,camper
20155703055749-564,camper
20155703055759-244,camper
20155703055759-583,transit
20155703105737-721,transit
20155704015702-248,transit
20155704015728-85,camper
20155704015750-993,transit
20155704015757-89,camper
20155704025719-973,camper
20155704055714-605,none
20155704065719-686,camper
20155704065747-318,transit
20155704085706-777,camper
20155704085737-841,none
20155704105729-133,transit
20155704115705-937,transit
20155705025745-109,camper
20155705025759-63,camper
20155705035759-564,transit
20155705045704-953,none
20155705045737-959,none
20155705065729-214,camper
20155705065743-470,transit
20155705065750-793,transit
20155705085705-756,camper
20155705085712-420,camper
20155705085752-232,none
20155705095723-561,camper
20155705105749-356,transit
20155705125721-407,camper
20155706015757-194,ranger
20155706045723-418,camper
20155706065753-746,camper
20155706075734-63,camper
20155706075759-768,camper
20155706095734-781,transit
20155706095759-642,camper
20155706115706-51,transit
20155707045718-181,camper
20155707045739-291,camper
20155707085753-292,camper
20155707095706-832,camper
20155707095718-445,none
20155707125720-872,transit
20155707125735-181,camper
20155708025703-505,camper
20155708025739-913,camper
20155708025745-242,camper
20155708025758-65,transit
20155708085739-530,none
20155708095706-36,transit
20155708095728-689,transit
20155708095746-227,ranger
20155708095755-9,none
20155708115739-107,transit
20155709025743-69,transit
20155709055721-587,transit
20155709055722-994,transit
20155709075707-596,none
20155709095715-337,camper
20155709095720-363,camper
20155709105753-588,transit
20155709105754-104,none
20155710015717-292,camper
20155710035704-355,none
20155710035705-492,camper
20155710035722-589,none
20155710045720-435,none
20155710055728-180,camper
20155710075750-214,camper
20155710085723-640,transit
20155710095704-36,none
20155710095726-284,none
20155710105729-11,transit
20155710125719-554,transit
20155711015738-953,none
20155711025720-958,none
20155711025756-499,camper
20155711035748-460,camper
20155711075735-76,transit
20155711105706-320,transit
20155711105736-603,none
20155711115749-167,camper
20155711125712-255,camper
20155711125728-694,none
20155712035738-767,camper
20155712035748-245,transit
20155712045748-303,transit
20155712055713-620,camper
20155712075726-121,transit
20155712085725-362,camper
20155712125720-473,camper
20155712125721-681,camper
20155713045735-33,camper
20155713065743-370,ranger
20155713085708-4,none
20155713105701-94,transit
20155713105709-55,camper
20155713125711-0,transit
20155714025716-854,transit
20155714025739-233,transit
20155714055753-76,transit
20155715035715-458,none
20155715045720-815,camper
20155715055744-947,transit
20155715055748-21,none
20155715075716-596,camper
20155715115707-991,ranger
20155715125717-878,none
20155716015702-925,camper
20155716015705-26,camper
20155716045716-337,transit
20155716045735-932,none
20155716075743-384,transit
20155716095708-980,transit
20155717055740-498,transit
20155717055748-249,camper
20155717065720-517,camper
20155717085756-850,none
20155717125735-683,transit
20155717125750-508,camper
20155718015733-878,transit
20155718025735-7,none
20155718035716-438,transit
20155718035719-296,transit
20155718045728-397,transit
20155718075721-632,transit
20155719015711-659,transit
20155719025743-55,none
20155719035725-878,camper
20155719045735-713,transit
20155719055718-468,transit
20155719055757-561,transit
20155719075702-802,camper
20155719075725-561,transit
20155719085748-372,none
20155719085750-434,transit
20155719115743-154,none
20155719125713-529,camper
20155719125721-975,none
20155720025749-383,camper
20155720045733-479,transit
20155720055708-822,camper
20155720055712-245,transit
20155720065705-406,none
20155720065710-37,transit
20155720065732-452,camper
20155720095723-531,camper
20155720095752-177,camper
20155720115754-988,transit
20155721015722-735,transit
20155721045702-819,camper
20155721075705-83,camper
20155721085718-188,camper
20155721095721-40,camper
20155721095726-231,none
20155721105747-517,transit
20155721115746-563,transit
20155721125737-805,transit
20155721125741-39,none
20155722025727-208,camper
20155722035759-975,transit
20155722045717-959,transit
20155722085707-853,transit
20155722085740-393,camper
20155722095743-296,camper
20155722115704-142,camper
20155723025701-227,camper
20155723025744-648,camper
20155723035703-81,camper
20155723045729-553,none
20155723045734-820,camper
20155723075734-12,transit
20155723115720-27,transit
20155723115727-660,none
20155723115752-52,none
20155724015712-546,transit
20155724015714-289,transit
20155724015737-87,camper
20155724015758-338,camper
20155724015759-778,camper
20155724025730-431,camper
20155724025736-120,transit
20155724025757-642,camper
20155724045740-714,transit
20155724045747-509,camper
20155724055744-118,camper
20155724065712-217,camper
20155724075753-122,transit
20155724105706-534,transit
20155725035758-59,camper
20155725045758-771,transit
20155725075727-219,camper
20155725075744-903,camper
20155725095739-361,camper
20155725115741-68,transit
20155726015743-944,camper
20155726045730-46,camper
20155726045746-126,transit
20155726065746-437,camper
20155726075705-55,transit
20155726085710-998,camper
20155726085725-991,transit
20155726105718-69,camper
20155726105752-335,none
20155726125712-330,transit
20155726125730-585,camper
20155727015757-542,camper
20155727045729-105,camper
20155727045735-743,camper
20155727125724-188,transit
20155728025725-80,transit
20155728045750-240,transit
20155728065747-15,none
20155728085725-973,transit
20155728115739-290,transit
20155729015739-338,none
20155729025712-48,none
20155729045730-720,none
20155729095741-271,camper
20155729095744-69,transit
20155729095755-261,ranger
20155729095756-876,camper
20155729105722-35,transit
20155729105735-293,ranger
20155729115754-235,camper
20155730045709-115,camper
20155730045759-380,none
20155730085748-465,transit
20155730085755-371,camper
20155730095723-986,transit
20155730095745-12,transit
20155730105738-155,transit
20155730125713-984,transit
20155731015742-412,camper
20155731045731-907,camper
20155731055752-472,camper
20155731065708-964,camper
20155731115721-967,camper
20155801015819-968,transit
20155801015824-240,camper
20155801025816-705,camper
20155801035840-804,ranger
20155801075814-893,transit
20155801075850-229,transit
20155801085847-425,camper
20155801095814-110,camper
20155801105820-248,camper
20155801115833-996,none
20155802055814-251,camper
20155802065857-168,camper
20155802085805-6,transit
20155803015845-964,transit
20155803035851-140,none
20155803045807-863,ranger
20155803045848-101,camper
20155803065823-477,transit
20155803075823-463,none
20155803075828-205,transit
20155803085804-911,camper
20155803095829-960,camper
20155803105858-900,camper
20155804015811-880,camper
20155804035844-100,camper
20155804045831-476,none
20155804045852-111,none
20155804085805-14,none
20155804085814-147,camper
20155804095839-242,camper
20155804105805-400,transit
20155804115843-870,none
20155805015812-89,transit
20155805015836-890,camper
20155805025842-634,camper
20155805055852-563,transit
20155805085848-703,camper
20155805085850-481,none
20155805125838-346,none
20155806025837-218,transit
20155806025840-541,transit
20155806045854-862,transit
20155806065818-62,transit
20155806065835-432,camper
20155806065852-717,camper
20155806065854-345,none
20155806085836-681,none
20155807015849-772,none
20155807035829-958,transit
20155807055827-460,camper
20155807055837-636,camper
20155807095823-910,camper
20155807105856-823,transit
20155807115813-909,none
20155807125802-565,camper
20155808045846-178,transit
20155808045846-22,transit
20155808055803-655,transit
20155808055821-749,transit
20155808065847-228,transit
20155808075820-882,transit
20155808075842-527,camper
20155808075848-404,none
20155809045850-372,none
20155809045856-713,camper
20155809065829-220,camper
20155809065858-874,transit
20155809075828-607,camper
20155809095821-297,camper
20155809095823-865,transit
20155809095840-349,transit
20155809105821-489,transit
20155809105858-905,transit
20155809115800-678,camper
20155809125823-570,camper
20155809125852-460,camper
20155810015814-86,camper
20155810015843-1,transit
20155810025850-117,transit
20155810045819-287,transit
20155810065842-768,camper
20155810085841-250,none
20155810095859-88,camper
20155810115855-455,transit
20155810125837-406,camper
20155811035820-587,none
20155811045827-264,camper
20155811055815-517,camper
20155811065818-614,transit
20155811075818-230,none
20155811085816-277,camper
20155811095854-396,transit
20155811105829-794,none
20155812015855-673,camper
20155812025810-206,transit
20155812035804-861,camper
20155812035827-157,transit
20155812045842-786,camper
20155812065819-311,camper
20155812085850-844,transit
20155812095815-41,transit
20155812105823-746,transit
20155812115802-110,camper
20155812115832-295,camper
20155812115843-658,none
20155812125816-703,camper
20155813025810-185,camper
20155813045825-9,none
20155813075840-171,camper
20155813085849-77,none
20155813105800-351,camper
20155813105811-205,transit
20155813115831-288,camper
20155814035802-153,transit
20155814035817-335,transit
20155814035858-266,transit
20155814045802-471,camper
20155814045830-493,ranger
20155814055835-727,none
20155814095824-763,camper
20155815025830-136,transit
20155815075852-802,transit
20155815085831-779,camper
20155815085832-570,transit
20155815105829-773,camper
20155815115803-87,transit
20155815115806-862,camper
20155815115859-161,camper
20155815125820-398,camper
20155815125829-147,camper
20155816045813-135,camper
20155816045845-680,transit
20155816065809-769,transit
20155816065820-308,ranger
20155816065834-973,ranger
20155816065857-340,camper
20155816075858-621,transit
20155816105800-405,transit
20155816105854-480,none
20155816115844-637,transit
20155816115849-418,transit
20155817015848-991,ranger
20155817045800-659,transit
20155817055837-357,transit
20155817075851-702,none
20155817085808-370,camper
20155817085820-280,transit
20155817085826-736,camper
20155817085846-463,camper
20155817095851-242,camper
20155817115803-248,none
20155817115835-186,transit
20155818015801-284,none
20155818035853-341,camper
20155818055851-201,transit
20155818055851-86,transit
20155818065805-317,transit
20155818095825-524,transit
20155818125809-674,transit
20155819015821-968,camper
20155819065837-382,camper
20155819095836-791,none
20155819105843-176,none
20155819125825-141,camper
20155820025827-627,camper
20155820025849-226,camper
20155820035842-564,none
20155820055809-845,camper
20155820065827-219,camper
20155820075822-76,transit
20155820075838-714,camper
20155820075854-368,transit
20155820105848-59,none
20155820115826-639,none
20155820115836-402,ranger
20155821015857-728,transit
20155821025807-791,transit
20155821065833-503,camper
20155821075857-972,camper
20155821095808-282,none
20155821095827-669,transit
20155821115832-823,none
20155821115837-50,transit
20155821125843-445,transit
20155822015813-209,none
20155822015830-304,transit
20155822055802-926,transit
20155822075801-949,camper
20155822095814-359,transit
20155822095826-155,camper
20155822095852-890,transit
20155822105810-579,camper
20155822115853-505,camper
20155822125820-486,camper
20155823035853-246,transit
20155823045848-67,camper
20155823055803-433,none
20155823065837-106,camper
20155823075804-719,transit
20155823075842-421,camper
20155823085830-345,camper
20155823085839-596,ranger
20155823095855-582,camper
20155823115812-779,camper
20155823115852-975,camper
20155823125851-5,transit
20155824015804-38,camper
20155824015823-693,camper
20155824065823-362,ranger
20155824075833-835,transit
20155824085808-856,camper
20155824085824-497,transit
20155824105804-483,camper
20155824105853-847,transit
20155824115842-88,camper
20155824125808-342,transit
20155825015845-391,transit
20155825015847-776,camper
20155825035821-104,transit
20155825075818-934,transit
20155825075830-372,camper
20155825085835-596,none
20155825095828-312,camper
20155825095843-923,camper
20155825105841-374,camper
20155825115804-7,none
20155825125841-294,none
20155826015806-989,transit
20155826025824-717,camper
20155826045826-106,camper
20155826045853-500,camper
20155826055855-744,camper
20155826055856-580,camper
20155826065850-927,transit
20155826105805-860,camper
20155826115815-593,transit
20155826115832-431,none
20155826125821-822,camper
20155827015818-429,transit
20155827015856-404,camper
20155827025824-481,camper
20155827045831-194,camper
20155827095803-168,transit
20155827095826-435,camper
20155827095843-188,transit
20155828015841-903,none
20155828095857-94,camper
20155828115825-591,transit
20155829075824-907,transit
20155829085817-23,camper
20155829095814-906,camper
20155829125801-230,camper
20155830035801-177,transit
20155830045808-582,camper
20155830055828-679,transit
20155830055849-282,none
20155830065855-504,camper
20155830085824-923,none
20155830085850-481,camper
20155830105834-763,none
20155831065804-376,transit
20155831085848-755,transit
20155831115839-729,none
20155831125800-301,transit
20155901015947-373,camper
20155901035926-421,transit
20155901035934-317,none
20155901045901-393,none
20155901045958-283,transit
20155901055918-875,none
20155901075938-57,camper
20155901125940-121,none
20155901125946-822,camper
20155902015910-865,camper
20155902035925-220,none
20155902035925-439,transit
20155902035928-553,transit
20155902045926-725,transit
20155902055909-455,none
20155902055909-699,transit
20155902105925-30,camper
20155902115909-910,transit
20155902115911-810,ranger
20155902125916-155,none
20155903015900-12,none
20155903035925-197,none
20155903065939-454,camper
20155903075911-687,camper
20155903085903-858,none
20155903085959-441,transit
20155903095917-883,transit
20155903115902-997,none
20155903115957-556,transit
20155904015930-845,camper
20155904025922-23,camper
20155904035908-848,transit
20155904035959-185,none
20155904055905-326,camper
20155904065927-209,camper
20155904075953-519,camper
20155904085914-39,none
20155904105900-757,ranger
20155904105902-891,camper
20155904105919-416,camper
20155904105955-4,transit
20155904115940-534,transit
20155905015919-324,camper
20155905015920-414,camper
20155905015950-850,camper
20155905035932-71,transit
20155905045912-583,camper
20155905045922-649,none
20155905045930-492,none
20155905075939-56,transit
20155906015935-400,none
20155906015944-94,transit
20155906055936-524,camper
20155906115942-291,transit
20155907045941-874,camper
20155907055958-889,camper
20155907125909-194,none
20155907125919-855,transit
20155908015904-565,transit
20155908015906-188,ranger
20155908025917-368,camper
20155908025926-104,camper
20155908035942-201,none
20155908035956-424,camper
20155908045910-460,none
20155908065928-204,transit
20155908075949-522,camper
20155908085904-135,transit
20155908085941-250,none
20155908115956-943,transit
20155909045908-663,ranger
20155909075931-597,camper
20155909075954-808,camper
20155909085902-889,none
20155909085910-596,camper
20155909115955-312,none
20155910035900-609,transit
20155910035914-610,camper
20155910035954-864,camper
20155910065938-444,camper
20155910075947-457,transit
20155910075948-452,none
20155910095936-211,camper
20155910125924-417,transit
20155910125949-512,none
20155911015920-751,none
20155911015958-174,camper
20155911025925-104,transit
20155911035935-892,transit
20155911035941-544,transit
20155911045907-487,transit
20155911055958-659,none
20155911065900-668,transit
20155911075938-899,none
20155911075946-694,camper
20155911085933-14,transit
20155911095900-214,camper
20155911125954-688,camper
20155912045926-155,transit
20155912045938-711,none
20155912065905-84,transit
20155912065930-760,transit
20155912085930-734,transit
20155913015944-240,camper
20155913025927-438,camper
20155913035913-863,transit
20155913075900-567,transit
20155913085905-149,none
20155913095938-39,camper
20155913095938-680,transit
20155914045902-906,camper
20155914045934-20,camper
20155914055929-631,transit
20155914095944-772,none
20155914095952-732,camper
20155914105910-953,camper
20155914105935-996,transit
20155914105946-429,transit
20155915025907-425,transit
20155915035920-197,transit
20155915035921-666,none
20155915035951-998,camper
20155915055930-12,transit
20155915055956-404,camper
20155915095908-262,none
20155916015917-666,camper
20155916015920-447,ranger
20155916045900-996,camper
20155916045927-980,transit
20155916065950-407,camper
20155916085908-921,none
20155916085912-350,camper
20155916105945-569,transit
20155916115924-209,transit
20155916115941-709,transit
20155917015932-755,camper
20155917035944-401,transit
20155917095957-221,camper
20155917095958-769,camper
20155917115921-698,transit
20155917125931-191,transit
20155918025940-886,transit
20155918045905-395,none
20155918045905-885,camper
20155918055936-835,camper
20155918075913-278,transit
20155918085944-854,transit
20155918125908-397,transit
20155919015912-624,camper
20155919025949-33,transit
20155919055908-436,transit
20155919055941-219,transit
20155919065946-135,transit
20155919065955-38,transit
20155919075908-822,transit
20155919075936-653,transit
20155919075945-294,none
20155919085937-643,camper
20155919085948-945,camper
20155919085959-705,camper
20155919115923-739,transit
20155919125917-79,camper
20155920015924-138,transit
20155920025926-706,transit
20155920025948-308,transit
20155920045908-558,none
20155920045927-153,none
20155920055919-29,camper
20155920065907-68,camper
20155920095929-490,transit
20155921025909-417,transit
20155921045914-615,none
20155921065920-49,none
20155921075955-560,camper
20155921085935-849,transit
20155921115952-941,transit
20155921125901-834,camper
20155921125915-293,transit
20155922015931-94,transit
20155922015952-462,camper
20155922025905-519,camper
20155922025912-207,transit
20155922035939-710,camper
20155922045901-406,camper
20155922045952-606,camper
20155922055911-983,transit
20155922065913-325,camper
20155922085938-836,camper
20155922095926-679,transit
20155922095957-879,none
20155923015929-334,transit
20155923025937-192,transit
20155923035935-733,none
20155923045931-338,none
20155923065901-660,none
20155923065936-640,none
20155923075941-191,camper
20155923085951-819,none
20155923105950-11,transit
20155923115946-322,camper
20155924015903-145,none
20155924015914-772,camper
20155924025958-524,camper
20155924055911-559,camper
20155924055928-624,ranger
20155924055932-773,transit
20155924065944-639,transit
20155924085921-523,none
20155925015934-894,none
20155925025914-782,transit
20155925035946-518,none
20155925035953-311,camper
20155925045907-390,transit
20155925065903-336,transit
20155925075925-194,none
20155925095934-285,camper
20155925105919-360,ranger
20155925115933-802,camper
20155926035956-75,none
20155926045943-896,camper
20155926065906-435,camper
20155926065928-866,transit
20155926095918-705,camper
20155926095923-122,transit
20155926105935-616,transit
20155926125912-498,camper
20155926125915-298,camper
20155926125931-19,camper
20155926125956-991,camper
20155927035951-237,transit
20155927065901-324,camper
20155927065908-723,transit
20155927105908-127,camper
20155928015947-290,camper
20155928095952-740,transit
20155928105908-642,none
20155929015925-137,none
20155929035912-82,transit
20155929045919-954,camper
20155929045944-214,camper
20155929065908-355,camper
20155929075906-108,none
20155929075918-848,transit
20155929085958-172,camper
20155930055927-156,camper
20155930065931-689,none
20155930075904-615,camper
20155930095901-918,camper
20155930105916-30,transit
20155930115903-142,camper
20155930125954-496,ranger
20155931025933-274,camper
20155931035913-135,transit
20155931075906-547,ranger
20155931115915-724,none
20160003020009-483,camper
20160003060001-544,transit
20160003100024-653,transit
20160004020008-360,ranger
20160004020014-584,ranger
20160005010052-7,transit
20160006020015-100,transit
20160006060043-603,none
20160006080016-374,none
20160006100027-340,transit
20160007090016-320,transit
20160009020006-963,ranger
20160009110016-790,none
20160010030056-381,transit
20160010050004-234,none
20160010080032-192,transit
20160010110039-895,transit
20160011040054-612,camper
20160012100010-326,none
20160013020053-566,transit
20160013100042-450,transit
20160014010045-726,transit
20160014050009-978,transit
20160014100002-954,transit
20160015080024-444,transit
20160016020021-291,transit
20160016110018-914,transit
20160017030016-746,camper
20160018010010-503,ranger
20160018090055-859,transit
20160018120058-894,transit
20160019010054-328,ranger
20160020030000-577,camper
20160020070046-248,transit
20160021040015-8,transit
20160022120047-663,transit
20160023010029-342,transit
20160023020049-695,transit
20160024020040-561,transit
20160025090004-14,transit
20160027080023-595,transit
20160027080037-754,transit
20160027080047-691,transit
20160027110053-825,transit
20160028020054-636,transit
20160028080010-502,transit
20160028110003-652,transit
20160029010023-538,transit
20160029020039-706,transit
20160029050030-377,transit
20160102010124-415,camper
20160102020135-346,none
20160102100100-190,transit
20160103110103-869,transit
20160103120153-352,transit
20160104020136-839,transit
20160105120129-960,transit
20160107020152-541,transit
20160107110112-898,transit
20160108030126-871,transit
20160109120154-984,camper
20160110100107-925,transit
20160111030159-632,transit
20160113120146-315,transit
20160114070136-829,transit
20160115020108-603,transit
20160115020144-576,transit
20160115050109-291,ranger
20160116090132-175,transit
20160117090159-132,transit
20160118020119-534,ranger
20160120080105-935,transit
20160121020153-58,transit
20160121120116-428,transit
20160122070106-338,transit
20160122070136-607,transit
20160124090148-920,camper
20160124110113-444,transit
20160124110147-318,transit
20160126040115-373,transit
20160126050110-311,none
20160126060119-972,transit
20160126100124-142,none
20160129100151-496,transit
20160201030212-464,transit
20160203060211-616,transit
20160205100242-633,transit
20160206010241-614,transit
20160206030201-287,ranger
20160206030250-77,transit
20160206100259-615,transit
20160207010221-265,transit
20160209020236-593,transit
20160209020253-124,transit
20160210050221-826,transit
20160210100239-919,transit
20160210120236-74,none
20160212030208-123,transit
20160212080211-237,transit
20160212120238-276,ranger
20160213090212-918,none
20160214120214-935,transit
20160215040244-531,transit
20160215050237-903,transit
20160215060210-374,transit
20160216070258-44,transit
20160216120217-89,transit
20160217020230-428,transit
20160217060237-227,none
20160218030213-867,ranger
20160218110253-636,transit
20160219110233-416,camper
20160219120200-325,transit
20160220070216-100,none
20160220120245-802,transit
20160221080241-805,ranger
20160221110200-103,transit
20160221120204-494,transit
20160222040207-18,transit
20160222120234-310,transit
20160223030208-498,transit
20160223080250-771,transit
20160224020246-345,ranger
20160224100238-127,transit
20160224110204-88,transit
20160225020217-39,transit
20160225120226-427,transit
20160226020252-343,transit
20160226030201-278,ranger
20160226090202-887,transit
20160226100254-894,transit
20160226110222-225,ranger
20160227120208-436,transit
20160228050205-695,none
20160228050238-672,transit
20160228070246-880,transit
20160228080235-645,transit
20160229040208-333,transit
20160230020244-39,ranger
20160231070248-483,ranger
20160301010333-533,camper
20160301060327-227,ranger
20160301080312-181,transit
20160302010326-636,transit
20160303030330-18,transit
20160303060352-206,transit
20160303100343-663,transit
20160303120354-903,transit
20160305010300-208,transit
20160306010354-831,camper
20160306070336-208,transit
20160308100328-161,transit
20160308110332-855,transit
20160309050326-469,transit
20160309110344-985,transit
20160310040318-473,transit
20160310080321-754,transit
20160311020339-85,transit
20160311020341-536,transit
20160311040325-917,ranger
20160311050306-89,camper
20160311050309-656,camper
20160311060339-0,transit
20160311090327-223,none
20160311100356-945,ranger
20160312050334-768,transit
20160312100343-941,none
20160313030310-950,transit
20160313080303-229,transit
20160314090316-374,transit
20160315080311-109,transit
20160315080318-862,transit
20160315120351-132,transit
20160316020309-106,ranger
20160316040339-12,transit
20160317100339-729,camper
20160318030343-714,transit
20160320050339-77,transit
20160321020318-842,transit
20160321100355-666,transit
20160321110336-823,transit
20160322120305-250,ranger
20160323070337-197,transit
20160324080339-982,transit
20160325040313-769,transit
20160325120359-854,transit
20160326030315-917,camper
20160327020352-907,transit
20160327070314-50,transit
20160328020350-898,transit
20160330040332-667,transit
20160331030337-77,none
20160331080347-624,none
20160331120342-762,ranger
20160401060427-489,ranger
20160401060446-976,transit
20160402010438-874,camper
20160402020426-173,transit
20160402090444-743,transit
20160402100400-814,transit
20160403010440-830,ranger
20160403090427-480,transit
20160404030433-527,transit
20160404070433-339,ranger
20160405050443-721,transit
20160405060439-730,none
20160406050411-562,transit
20160406050457-134,transit
20160407010400-158,transit
20160407080416-325,transit
20160408060432-898,transit
20160408080425-810,ranger
20160408080432-291,none
20160409090431-300,transit
20160410030451-212,transit
20160410100449-506,transit
20160411030412-40,camper
20160411030426-791,transit
20160411040401-6,transit
20160412100403-624,camper
20160413020454-799,ranger
20160414060432-270,camper
20160414060451-781,ranger
20160416060402-233,none
20160418020452-804,transit
20160418080421-476,camper
20160418080457-245,camper
20160418090415-768,ranger
20160419070440-911,transit
20160419080431-102,camper
20160419090447-127,transit
20160419120429-18,transit
20160420030442-628,none
20160420090415-760,transit
20160420110409-58,ranger
20160422080415-869,ranger
20160423010413-528,transit
20160424050418-688,transit
20160424070451-587,camper
20160425020435-506,transit
20160425030454-472,transit
20160425060459-898,transit
20160425080453-147,transit
20160427080408-432,transit
20160428090427-775,ranger
20160431020436-103,transit
20160501030556-936,transit
20160503010513-655,transit
20160505090543-886,transit
20160506010551-430,none
20160506060543-446,transit
20160506090520-274,camper
20160506110549-199,ranger
20160507020539-379,transit
20160508090514-384,ranger
20160508110520-327,transit
20160508110557-805,transit
20160508120500-362,camper
20160509010522-618,transit
20160510080552-765,transit
20160512050520-463,transit
20160512100512-449,transit
20160513030527-362,transit
20160513050544-449,transit
20160514030537-832,transit
20160514060557-416,transit
20160515080531-944,none
20160517030525-890,ranger
20160517100526-559,transit
20160518010512-713,transit
20160519050557-605,transit
20160519070551-254,ranger
20160519100537-577,none
20160520030540-872,transit
20160520070545-547,ranger
20160521010500-745,transit
20160521020546-911,transit
20160521040514-90,camper
20160521080538-255,none
20160521090532-416,transit
20160522070503-334,ranger
20160522070509-90,ranger
20160523050526-218,transit
20160526030503-473,transit
20160526090513-641,transit
20160527090522-970,transit
20160528040546-801,transit
20160528060510-629,transit
20160529040506-398,transit
20160529040522-408,camper
20160529110513-705,transit
20160530030515-978,transit
20160530030540-575,transit
20160530100552-235,transit
20160601040643-359,transit
20160601110635-41,transit
20160602110658-772,transit
20160603050634-604,ranger
20160603110609-981,none
20160604020620-396,camper
20160605050645-673,transit
20160607110623-422,transit
20160607120648-794,transit
20160608090610-258,transit
20160609070620-50,transit
20160610030640-374,transit
20160610030651-843,none
20160611020625-594,transit
20160611070608-652,transit
20160613020654-242,transit
20160613110626-504,ranger
20160614060644-101,ranger
20160614100633-116,transit
20160615010624-175,transit
20160615090601-72,camper
20160618010659-729,camper
20160618100620-509,transit
20160620050655-94,ranger
20160621050656-468,transit
20160623090611-424,none
20160624030614-417,transit
20160624070637-743,camper
20160624080647-124,transit
20160624100651-301,transit
20160625100652-839,transit
20160626020621-918,transit
20160626060651-998,transit
20160626110628-349,transit
20160628010622-708,transit
20160628010625-497,transit
20160628050614-907,ranger
20160628120634-698,transit
20160629010655-660,transit
20160629030642-254,transit
20160631080640-121,none
20160631110649-856,transit
20160702110708-713,transit
20160704100725-625,transit
20160705070727-876,transit
20160705080752-968,ranger
20160706050747-283,ranger
20160707080752-614,transit
20160707110757-999,ranger
20160708080758-368,transit
20160708120701-333,transit
20160708120731-3,transit
20160709060739-448,camper
20160709090715-818,transit
20160709090729-590,ranger
20160710050724-829,transit
20160710080757-157,transit
20160710090713-197,transit
20160711110708-553,camper
20160712070723-898,transit
20160712100700-533,transit
20160713020730-122,transit
20160713110720-171,transit
20160713120740-227,transit
20160714060707-419,transit
20160714060744-440,none
20160715040757-420,camper
20160716100719-926,transit
20160717110749-446,ranger
20160720080704-203,ranger
20160721050736-319,transit
20160721110706-983,transit
20160722060724-636,transit
20160723050724-51,camper
20160724020747-832,transit
20160724030743-485,transit
20160724100706-330,transit
20160725080720-717,transit
20160726070754-116,transit
20160726120734-512,transit
20160727020736-139,none
20160728090757-429,camper
20160729010759-734,transit
20160729020750-9,transit
20160730020724-346,none
20160730060758-663,transit
20160730070750-227,none
20160730090754-811,transit
20160730110722-855,transit
20160731030724-544,transit
20160801100854-167,transit
20160801100858-954,ranger
20160801110851-452,transit
20160801110857-327,transit
20160802020821-76,transit
20160804120855-425,transit
20160805060844-909,transit
20160806080849-91,transit
20160807030807-21,transit
20160807080846-187,ranger
20160809090856-701,camper
20160810030805-143,transit
20160810120857-263,ranger
20160811030822-939,transit
20160812070829-287,ranger
20160812100806-592,ranger
20160813020801-597,camper
20160815120850-592,transit
20160816020837-305,none
20160816080827-555,ranger
20160818120830-969,transit
20160819010850-199,transit
20160819020855-792,transit
20160820070808-513,transit
20160820080859-353,transit
20160820110804-806,transit
20160821010851-536,transit
20160821010857-705,transit
20160821080848-469,transit
20160821110809-501,transit
20160821110841-900,transit
20160822110827-455,transit
20160823100817-643,transit
20160824050820-718,transit
20160824080836-678,transit
20160825070848-786,transit
20160825110847-877,ranger
20160825120827-912,transit
20160827030854-705,none
20160827070804-996,ranger
20160828030819-770,transit
20160829080852-844,transit
20160830120851-336,transit
20160831030828-838,none
20160831030841-570,transit
20160901040945-636,transit
20160901100946-75,transit
20160902060913-100,transit
20160902060942-509,camper
20160902100923-887,transit
20160902120905-152,transit
20160903070928-461,transit
20160903090924-797,transit
20160904010950-845,transit
20160905120939-772,transit
20160906100940-539,transit
20160907100955-385,transit
20160908030949-595,transit
20160909040905-953,camper
20160909050954-810,ranger
20160909090904-648,transit
20160909110951-610,transit
20160910030929-444,transit
20160910040923-196,transit
20160910050957-271,ranger
20160911020913-664,transit
20160912030938-853,transit
20160912080949-307,ranger
20160913070929-21,transit
20160914030941-510,transit
20160916060937-727,transit
20160917030947-785,none
20160918100924-159,transit
20160919020921-881,transit
20160919090925-42,transit
20160919090929-861,ranger
20160919120906-801,ranger
20160920040918-491,transit
20160920040931-209,none
20160920080948-51,transit
20160920120951-598,camper
20160921010925-954,transit
20160921020929-449,transit
20160921040906-21,transit
20160922060943-401,transit
20160922100922-785,transit
20160922120953-641,transit
20160923060955-658,transit
20160924110919-469,transit
20160925020958-474,transit
20160925040912-703,transit
20160926030956-316,transit
20160926050914-318,transit
20160926060956-131,transit
20160927120913-247,none
20160928040927-911,none
20160928110911-195,transit
20160929020926-739,transit
20160929020949-662,none
20160929030939-645,transit
20160929060916-648,ranger
20160929070914-370,transit
20160929070918-527,transit
20160929100908-953,transit
20160930050912-499,transit
20160931060944-174,transit
20160931100926-840,transit
20161001071044-510,camper
20161003051008-246,transit
20161003101050-671,transit
20161005011006-190,transit
20161005061003-915,ranger
20161005101026-599,transit
20161005111035-350,transit
20161006051036-393,camper
20161008061012-639,none
20161009031041-451,transit
20161009071031-181,transit
20161009091032-139,transit
20161009121034-117,ranger
20161010091000-835,camper
20161010111008-592,transit
20161011011030-821,transit
20161012041010-113,transit
20161012091023-643,transit
20161013011043-215,transit
20161013051036-750,transit
20161013081032-66,transit
20161013081040-429,none
20161013081055-181,transit
20161014021034-794,transit
20161014091059-781,transit
20161014121038-59,transit
20161014121051-972,transit
20161016051025-689,transit
20161016061005-853,ranger
20161017071011-355,transit
20161017101003-233,ranger
20161018071042-48,transit
20161018071050-497,transit
20161018111027-541,transit
20161019011001-178,ranger
20161019061000-854,transit
20161020111020-427,transit
20161020121041-219,transit
20161021041008-68,transit
20161021051050-777,transit
20161021081001-651,transit
20161021121016-490,transit
20161023081040-141,transit
20161024061019-619,transit
20161024071032-806,transit
20161025091017-844,none
20161026031019-92,transit
20161026061018-468,none
20161026121051-521,transit
20161027081043-829,transit
20161028071059-992,transit
20161029061031-458,transit
20161030061009-451,transit
20161031111001-854,transit
20161101011121-640,transit
20161101011144-757,transit
20161101061108-407,transit
20161101091151-705,transit
20161101121112-514,transit
20161102081152-833,transit
20161103021117-902,transit
20161103061131-806,camper
20161104051124-153,ranger
20161104071109-499,transit
20161106011142-596,camper
20161106011150-891,transit
20161109121152-659,none
20161110071127-653,transit
20161111081100-147,ranger
20161112031156-198,camper
20161112091116-745,transit
20161114021103-936,transit
20161114041156-481,transit
20161114051155-257,transit
20161114071103-211,ranger
20161115011152-441,transit
20161115101140-983,ranger
20161116041109-645,ranger
20161116061132-184,ranger
20161116081108-938,transit
20161116101151-711,transit
20161119031144-42,transit
20161119041136-937,transit
20161120041131-715,transit
20161120091105-152,transit
20161120111152-455,transit
20161121021106-144,camper
20161121041140-915,none
20161121101111-883,transit
20161121101112-120,transit
20161122021123-452,transit
20161123091100-10,ranger
20161123091133-303,transit
20161124061148-112,transit
20161124091131-859,ranger
20161126061112-93,transit
20161126101137-651,transit
20161127011115-81,none
20161128071109-682,ranger
20161128071142-825,transit
20161128121136-782,transit
20161129011130-755,transit
20161129031115-732,ranger
20161130121138-137,camper
20161131041111-544,transit
20161202021228-856,transit
20161202021246-213,transit
20161203021218-666,transit
20161203041204-966,transit
20161205051258-519,camper
20161205051258-561,ranger
20161205061243-360,none
20161205121204-187,transit
20161205121247-772,transit
20161206061244-472,transit
20161207031252-328,camper
20161207081229-627,ranger
20161207111240-520,transit
20161210041258-96,transit
20161210061216-515,transit
20161210071215-600,transit
20161210081211-622,transit
20161210111228-205,transit
20161211061224-16,camper
20161211101251-483,ranger
20161212041255-176,transit
20161212111209-517,transit
20161213041243-309,transit
20161213051244-398,transit
20161213061238-98,ranger
20161213101216-677,camper
20161214011208-135,camper
20161214111214-743,transit
20161215091208-428,transit
20161215111234-207,transit
20161216111230-479,transit
20161217011221-688,ranger
20161217051212-856,none
20161218061229-69,ranger
20161219011251-7,ranger
20161220021250-559,transit
20161222111216-617,transit
20161222121219-49,camper
20161223051213-210,ranger
20161223051241-27,transit
20161223051257-6,transit
20161223071247-478,transit
20161223081259-94,transit
20161224031200-129,transit
20161224031222-354,camper
20161224041226-627,transit
20161224071231-541,none
20161224081237-216,transit
20161224121208-822,transit
20161226081207-815,transit
20161226101220-113,camper
20161227011220-388,transit
20161227011258-480,camper
20161228041200-219,transit
20161228061242-834,camper
20161229031207-187,none
20161229041253-488,none
20161229101224-445,none
20161231021249-252,transit
20161231041252-530,transit
20161301121334-245,transit
20161302071348-30,transit
20161302081317-941,transit
20161303071359-778,transit
20161305041316-220,transit
20161305051353-732,transit
20161305121334-791,transit
20161306031357-729,transit
20161306111331-528,transit
20161307051323-788,ranger
20161308011357-11,transit
20161308031352-805,camper
20161308111330-578,transit
20161309021350-136,transit
20161310041302-507,transit
20161310061335-543,transit
20161310091315-362,transit
20161310111311-164,transit
20161311011310-38,transit
20161311051300-409,transit
20161312031302-378,transit
20161312051308-262,ranger
20161313061316-182,transit
20161313071319-481,none
20161313101357-141,ranger
20161316021330-994,transit
20161316041313-82,transit
20161316121329-391,transit
20161317061321-998,transit
20161317111348-498,transit
20161318021312-282,transit
20161318061320-248,transit
20161318071302-141,camper
20161318071354-82,transit
20161319021325-931,none
20161319021326-304,transit
20161319071336-86,ranger
20161319081321-100,camper
20161320011358-799,transit
20161320061327-457,transit
20161320081349-668,transit
20161321021346-386,transit
20161321031325-459,transit
20161323021336-48,transit
20161324021341-735,none
20161324111321-629,transit
20161324121317-783,transit
20161325101344-225,transit
20161326021314-134,transit
20161326091316-839,transit
20161326101328-758,camper
20161326101356-112,transit
20161327021321-308,none
20161327031357-119,none
20161327091348-83,none
20161328101303-792,transit
20161329021330-148,transit
20161330051337-858,transit
20161330111331-330,none
20161331071346-196,none
20161331111329-633,transit
20161401041452-153,none
20161401111440-590,none
20161402121456-190,ranger
20161404051449-702,transit
20161405041435-641,transit
20161405081433-751,transit
20161405101442-940,camper
20161407081409-475,transit
20161407091447-677,transit
20161407111441-721,transit
20161409011426-561,transit
20161409061427-460,transit
20161410011432-209,transit
20161410071459-955,ranger
20161410101407-777,camper
20161410111409-981,transit
20161411081440-961,transit
20161411101448-383,transit
20161412101405-336,transit
20161412101451-978,camper
20161412121444-732,camper
20161414041441-290,camper
20161414051430-898,transit
20161414101428-457,transit
20161417081451-388,transit
20161417111435-606,transit
20161418061406-876,camper
20161419051435-349,none
20161420031429-746,transit
20161421031451-792,camper
20161421101418-239,transit
20161424031445-539,transit
20161424121402-705,transit
20161425061457-1,ranger
20161425091443-832,none
20161425111447-39,transit
20161426051432-343,transit
20161426061407-959,transit
20161427121459-554,transit
20161428051428-478,transit
20161428101401-108,transit
20161429011414-117,ranger
20161429011440-821,ranger
20161429011458-532,transit
20161429081448-237,transit
20161430021441-440,transit
20161430071413-581,transit
20161430111436-782,transit
20161431011459-931,none
20161431071429-722,transit
20161501011537-593,transit
20161501071504-180,camper
20161502041513-975,none
20161502071558-876,transit
20161502081516-390,transit
20161503051539-698,transit
20161503081526-237,camper
20161505011539-339,transit
20161505071505-888,transit
20161506031506-978,transit
20161506031555-608,transit
20161506041531-912,ranger
20161506101508-560,ranger
20161506111504-151,ranger
20161507041504-895,transit
20161507041546-723,ranger
20161507051513-138,camper
20161507081502-674,camper
20161508121511-970,camper
20161509041539-661,transit
20161509081549-225,ranger
20161509101553-614,transit
20161511051510-450,transit
20161511091553-767,transit
20161511121510-454,transit
20161512031554-290,transit
20161512071503-37,transit
20161513011505-693,transit
20161513121547-940,transit
20161515101514-592,camper
20161516021529-836,transit
20161516031502-578,transit
20161516121504-96,transit
20161517111522-117,transit
20161518021532-823,transit
20161518061535-231,transit
20161519011518-771,transit
20161520021557-47,transit
20161522011512-651,none
20161522051543-49,transit
20161522101518-113,transit
20161523061558-393,camper
20161523101514-133,transit
20161525041508-187,none
20161526101546-346,ranger
20161527111515-539,transit
20161527121507-586,ranger
20161528021509-878,none
20161528081511-22,transit
20161528121510-136,transit
20161528121548-345,transit
20161529031546-824,transit
20161529081503-449,none
20161529091540-271,transit
20161530011531-942,transit
20161531051528-760,none
20161531071554-247,transit
20161601021635-537,none
20161601091647-749,transit
20161601121615-712,transit
20161602051605-625,ranger
20161603051619-50,none
20161603081628-520,transit
20161604061614-874,camper
20161605081629-930,camper
20161605121609-612,transit
20161606041633-557,transit
20161606071603-899,transit
20161606081616-4,none
20161606101614-15,transit
20161608111648-744,ranger
20161609061622-696,none
20161609111603-182,transit
20161610071656-314,transit
20161611011606-516,transit
20161611051626-58,camper
20161612061610-683,transit
20161612071621-912,camper
20161612081653-780,transit
20161613031621-889,camper
20161613061644-444,none
20161613071642-414,transit
20161613121650-344,transit
20161614061602-713,none
20161614121624-859,ranger
20161615021657-872,camper
20161615041625-636,transit
20161615051650-275,transit
20161616041620-691,transit
20161616061638-939,transit
20161618071617-763,camper
20161618081600-443,none
20161618091609-85,transit
20161619011618-976,transit
20161619091627-25,ranger
20161620051605-878,transit
20161620111641-52,transit
20161622051615-710,ranger
20161622081643-874,transit
20161623011642-809,camper
20161624111602-236,transit
20161624121603-192,transit
20161625011604-176,transit
20161625011652-798,transit
20161625021649-105,camper
20161627021649-751,ranger
20161627051615-333,transit
20161627071634-831,transit
20161627101614-306,transit
20161630021607-127,none
20161630051643-925,transit
20161630071644-711,transit
20161631101656-446,transit
20161701031709-921,ranger
20161702071728-918,transit
20161702071745-51,transit
20161703081731-671,transit
20161704121738-64,transit
20161705021746-203,transit
20161705041755-310,transit
20161705061752-939,ranger
20161706051756-373,camper
20161707111729-466,transit
20161707111755-58,transit
20161708071717-684,transit
20161709061746-324,transit
20161709071754-131,transit
20161709081739-74,ranger
20161709111701-190,transit
20161710071749-892,transit
20161711051700-744,transit
20161711061704-241,camper
20161712061724-903,transit
20161713081738-907,transit
20161713121715-174,none
20161714081709-960,transit
20161714091745-540,transit
20161714111727-676,transit
20161716011714-384,transit
20161716041753-984,transit
20161716091705-541,transit
20161717081745-837,transit
20161720031725-471,ranger
20161720031726-661,transit
20161720041728-871,transit
20161720111713-485,transit
20161720121729-179,transit
20161722051754-146,transit
20161722091711-566,transit
20161722121728-2,transit
20161724081743-166,transit
20161727011702-134,transit
20161727031755-278,transit
20161727101742-848,transit
20161727111744-65,transit
20161728011701-62,transit
20161728101721-374,transit
20161729041705-356,transit
20161729041744-918,transit
20161729071744-236,transit
20161729091722-698,ranger
20161730021724-834,ranger
20161730081727-734,ranger
20161731021739-422,camper
20161801081836-732,transit
20161802071845-256,none
20161803011802-7,transit
20161803061843-208,transit
20161803121816-661,transit
20161804011816-189,ranger
20161804091817-454,transit
20161805081816-21,camper
20161805121856-148,transit
20161806101830-653,transit
20161806111837-316,transit
20161806111846-221,transit
20161809011803-986,transit
20161809121841-250,transit
20161810071813-767,transit
20161810101825-508,transit
20161810111803-307,transit
20161810121809-935,transit
20161811041813-454,ranger
20161811091855-619,transit
20161812011805-403,transit
20161812011828-753,transit
20161812111848-219,transit
20161814031856-628,transit
20161815031816-761,transit
20161815061829-776,transit
20161816011843-692,transit
20161816041853-629,transit
20161816061843-592,transit
20161817021857-848,transit
20161818071801-292,camper
20161818111818-216,none
20161819041857-146,none
20161819061833-217,transit
20161820111852-968,transit
20161820121834-97,transit
20161821041838-376,transit
20161822031846-886,transit
20161822051821-555,transit
20161822121803-75,transit
20161823051817-109,transit
20161823061849-974,ranger
20161823071825-24,transit
20161825041821-53,transit
20161825121856-505,transit
20161826021829-643,transit
20161826041823-143,transit
20161828031804-700,transit
20161828111841-833,ranger
20161828121853-481,transit
20161829041856-894,transit
20161829051841-497,ranger
20161831031857-879,transit
20161901021952-970,transit
20161901051945-109,transit
20161901061930-889,transit
20161901101956-512,transit
20161901111954-787,transit
20161902041946-29,transit
20161903021930-903,transit
20161903051918-501,transit
20161903061920-539,transit
20161903061920-915,transit
20161903071919-851,camper
20161904041910-911,transit
20161904081936-117,ranger
20161904081955-638,ranger
20161905011937-914,transit
20161905031920-798,transit
20161905071929-794,camper
20161905081944-271,ranger
20161906061936-550,transit
20161907031910-300,transit
20161907081910-516,camper
20161908041958-524,transit
20161909031957-223,transit
20161910041916-79,transit
20161910121939-342,ranger
20161911041933-904,transit
20161911091908-884,transit
20161912011943-12,transit
20161912121924-319,camper
20161913021953-265,transit
20161914011921-449,transit
20161914011922-702,transit
20161915031942-373,transit
20161915041901-650,transit
20161915061905-937,camper
20161915081940-66,transit
20161915091936-967,transit
20161916041932-623,transit
20161917061915-322,camper
20161917061925-895,transit
20161918011953-144,ranger
20161918041903-606,camper
20161918041917-915,transit
20161920051921-62,transit
20161921071913-653,transit
20161921071945-531,transit
20161921111951-808,transit
20161924091953-788,transit
20161925031947-867,ranger
20161927041941-688,transit
20161927041946-363,camper
20161928011922-804,transit
20161928071944-220,camper
20161929031920-756,camper
20161929061911-588,transit
20161930111945-149,transit
20161931111903-703,transit
20162002112020-764,transit
20162003012058-670,transit
20162003022048-217,transit
20162003072002-822,transit
20162004032010-677,transit
20162004062009-436,transit
20162004082003-540,transit
20162004112059-914,transit
20162004122059-411,none
20162005042011-606,none
20162005062058-895,transit
20162007032057-831,transit
20162007102019-930,transit
20162008032035-93,transit
20162009022044-342,transit
20162009122009-762,transit
20162010082038-745,ranger
20162011032012-975,transit
20162011042014-946,transit
20162011042035-568,transit
20162011062008-469,transit
20162011082018-763,transit
20162011102045-277,ranger
20162012082056-679,transit
20162012092036-487,none
20162013032005-478,transit
20162014032003-759,transit
20162014082012-197,camper
20162015032049-971,none
20162015042050-853,camper
20162016012027-544,transit
20162016012058-429,transit
20162016042009-522,transit
20162016092004-665,ranger
20162017092031-477,ranger
20162018012026-9,ranger
20162019062036-819,transit
20162020082057-237,transit
20162021032007-425,ranger
20162023022030-531,transit
20162023122014-992,transit
20162024012032-116,ranger
20162024072026-95,transit
20162025012031-292,transit
20162025072050-815,transit
20162027042012-940,camper
20162027072034-172,camper
20162027082019-218,none
20162028052036-52,ranger
20162028092029-447,transit
20162029112037-323,transit
20162030012035-549,transit
20162030072029-72,ranger
20162030112049-668,transit
20162031062022-275,transit
20162031072047-270,none
20162101102134-434,camper
20162104032146-897,camper
20162104052105-700,transit
20162104082115-909,camper
20162106022126-815,transit
20162106032137-66,ranger
20162106052135-91,camper
20162106092152-422,transit
20162107052119-922,transit
20162107102106-165,transit
20162108062107-173,transit
20162109052139-423,transit
20162109092105-514,transit
20162109122116-665,transit
20162111102127-992,transit
20162113102146-554,camper
20162114032150-510,none
20162114082157-230,camper
20162115012102-974,transit
20162115092102-471,camper
20162115112148-126,transit
20162115122140-860,ranger
20162116052146-778,transit
20162117052127-15,transit
20162118012110-828,transit
20162118082141-424,none
20162119012130-138,transit
20162119092147-990,camper
20162121112102-624,transit
20162122012138-957,transit
20162122052146-396,transit
20162122062119-879,transit
20162122112130-457,none
20162123112132-594,transit
20162124012101-28,transit
20162124052154-798,transit
20162124072104-139,transit
20162124092143-182,transit
20162124102107-946,transit
20162124122114-199,transit
20162125032104-263,camper
20162125082144-48,camper
20162127062141-297,transit
20162128012115-160,transit
20162128012116-871,none
20162128012132-367,transit
20162128122126-928,transit
20162130072141-853,transit
20162130122153-154,transit
20162131022152-718,transit
20162201072229-587,transit
20162201092241-252,transit
20162201112254-344,transit
20162202122222-77,transit
20162202122239-305,ranger
20162203032225-13,transit
20162203032230-331,none
20162203032249-287,transit
20162203082236-446,transit
20162203102237-41,camper
20162203122240-583,transit
20162204052251-924,transit
20162204092243-393,camper
20162204112241-562,ranger
20162205032253-121,transit
20162205072214-852,transit
20162206082207-13,transit
20162207092242-166,transit
20162208092257-926,transit
20162209082222-370,transit
20162209102237-376,ranger
20162209102238-93,camper
20162210042238-659,transit
20162210062240-106,transit
20162211102241-683,ranger
20162212092245-187,transit
20162212102211-875,transit
20162213012206-582,transit
20162213012243-861,camper
20162213062252-766,transit
20162213122220-952,transit
20162214022236-930,transit
20162214052214-931,camper
20162214102247-810,transit
20162215042221-763,transit
20162215112205-551,transit
20162216052205-711,ranger
20162217022210-912,transit
20162217032244-108,camper
20162217112223-491,transit
20162217112229-417,transit
20162218062252-584,transit
20162219032229-226,transit
20162219072222-578,transit
20162220072259-327,transit
20162220082255-84,ranger
20162221062206-497,transit
20162221092212-327,ranger
20162222042259-769,camper
20162222072259-549,transit
20162223042231-679,transit
20162223062219-443,ranger
20162223072204-386,transit
20162223092214-31,transit
20162224012201-227,camper
20162224042219-374,transit
20162224112231-78,transit
20162225092243-625,transit
20162225092246-877,transit
20162226022214-269,transit
20162226032206-214,camper
20162226042244-596,transit
20162226112259-263,transit
20162227072256-630,transit
20162227092252-607,none
20162228012245-311,transit
20162228122208-231,transit
20162229082222-637,transit
20162229092257-87,ranger
20162230072255-987,transit
20162230102222-13,transit
20162302072339-398,camper
20162302122352-373,ranger
20162304022338-593,transit
20162304052303-559,transit
20162304112300-16,transit
20162304122319-846,transit
20162305022313-579,ranger
20162305022327-418,camper
20162305042323-776,transit
20162305112334-480,none
20162306112318-549,transit
20162307052312-292,transit
20162307122336-592,transit
20162308022340-411,camper
20162309032341-545,transit
20162309052306-303,transit
20162309092308-732,transit
20162310042305-75,camper
20162310052319-789,ranger
20162310112323-360,transit
20162311092333-232,transit
20162311112351-695,transit
20162312022308-329,transit
20162312032319-966,transit
20162313052322-639,transit
20162315092308-451,ranger
20162315112334-500,transit
20162316042355-925,transit
20162316062357-87,transit
20162316112309-441,transit
20162316122341-349,camper
20162317022350-38,camper
20162317082320-603,ranger
20162318072355-625,transit
20162320032331-10,transit
20162320072350-556,transit
20162321032345-783,transit
20162322042325-864,transit
20162322062316-702,transit
20162322082332-710,transit
20162323112359-854,camper
20162324012317-566,transit
20162324042345-840,transit
20162324082322-151,transit
20162324102316-148,transit
20162325052301-988,camper
20162325102350-62,transit
20162327092300-592,transit
20162328022334-655,transit
20162328122357-716,transit
20162329032303-452,none
20162329092307-842,transit
20162401032410-101,transit
20162402012407-652,transit
20162402052441-617,transit
20162402082420-158,ranger
20162403012456-660,camper
20162403072435-731,transit
20162405042446-606,transit
20162405062428-798,transit
20162405072411-22,ranger
20162405122415-508,transit
20162406052403-820,transit
20162406082428-950,transit
20162406112415-657,camper
20162407062403-788,transit
20162407102452-40,transit
20162408032458-477,none
20162409062454-857,camper
20162410082431-935,transit
20162411082452-983,transit
20162411102402-124,transit
20162412032458-466,transit
20162412102416-949,transit
20162413062400-914,transit
20162413082424-947,transit
20162415062414-539,transit
20162415112428-38,transit
20162416052453-708,transit
20162417022444-162,transit
20162417122436-321,transit
20162418112407-120,transit
20162419042411-322,transit
20162420072459-706,transit
20162421032404-6,none
20162421092429-563,camper
20162422052403-187,transit
20162422052414-103,transit
20162422092448-595,transit
20162422092453-525,transit
20162423082405-419,transit
20162423092425-589,transit
20162424012419-163,transit
20162424072444-868,transit
20162424122440-787,transit
20162425012407-597,transit
20162425032432-35,transit
20162425062418-198,camper
20162426012401-490,transit
20162426072441-443,transit
20162427012408-660,transit
20162427022429-757,ranger
20162428022426-392,transit
20162428072421-684,transit
20162428082450-863,transit
20162428102404-191,ranger
20162428122454-147,transit
20162429042423-305,transit
20162429092426-730,transit
20162430052431-11,transit
20162430092459-58,transit
20162502012517-879,camper
20162502082558-765,ranger
20162502122532-678,transit
20162504092530-319,transit
20162506092521-4,transit
20162506102549-845,camper
20162507042519-225,ranger
20162507062538-350,transit
20162507122541-536,transit
20162509022556-454,transit
20162509052502-211,none
20162509072513-493,transit
20162510022553-31,transit
20162510092557-624,transit
20162511032506-71,transit
20162511082549-862,camper
20162512092540-562,ranger
20162513022506-280,ranger
20162513052553-297,transit
20162515022503-709,camper
20162515032547-821,transit
20162515062523-829,transit
20162515112544-439,ranger
20162516042550-152,transit
20162517012515-850,transit
20162517022548-55,transit
20162517042557-555,transit
20162519012505-213,transit
20162519072527-588,transit
20162521062506-443,transit
20162521092559-246,transit
20162522022540-677,none
20162522082520-193,transit
20162522122537-676,transit
20162523102513-104,ranger
20162524052535-140,transit
20162524082520-594,transit
20162525092510-243,transit
20162525122527-168,transit
20162526042543-704,transit
20162527072544-542,transit
20162527082519-79,none
20162529062551-660,transit
20162529112530-964,transit
20162531082510-866,transit
20162601042615-33,transit
20162601122656-125,none
20162603042640-652,ranger
20162603082623-981,transit
20162603102627-437,transit
20162604032625-698,transit
20162604032647-551,transit
20162604082610-898,transit
20162604102614-922,ranger
20162604112643-851,transit
20162605022647-345,ranger
20162605052652-992,transit
20162606062626-551,transit
20162607022617-993,none
20162607062658-206,none
20162608022619-574,transit
20162608022624-559,transit
20162608062645-260,transit
20162608072611-362,transit
20162610042645-80,transit
20162610082644-975,ranger
20162610092634-177,transit
20162611022632-833,transit
20162612032624-207,transit
20162612072638-753,camper
20162612072642-670,transit
20162612082614-132,camper
20162612082654-995,transit
20162613012647-683,transit
20162613052646-236,transit
20162613052649-887,transit
20162613062634-226,ranger
20162614122642-36,transit
20162616052616-786,transit
20162616052652-543,transit
20162616092636-320,camper
20162616112645-902,ranger
20162618032622-628,transit
20162618092621-459,transit
20162618122654-527,transit
20162619012609-934,transit
20162619082604-47,transit
20162620102615-355,transit
20162620122653-764,transit
20162621032632-655,camper
20162622062653-1,transit
20162622092600-14,transit
20162623022635-132,ranger
20162624032628-530,transit
20162624092628-245,transit
20162625032619-570,transit
20162625082631-18,transit
20162627012641-683,transit
20162627032640-337,transit
20162627062645-150,transit
20162627082628-314,camper
20162627082658-513,transit
20162628012645-838,transit
20162628052622-787,transit
20162629052658-841,transit
20162629082608-704,camper
20162629092659-803,transit
20162629102630-517,transit
20162630012634-314,transit
20162630022636-741,none
20162630022643-828,none
20162630072609-135,transit
20162701092754-587,camper
20162701122721-624,camper
20162703022731-731,transit
20162703072745-492,transit
20162703112728-345,camper
20162703112731-590,transit
20162703122718-219,transit
20162704042708-993,transit
20162704042737-375,ranger
20162704122740-34,transit
20162705052756-899,transit
20162706052712-821,camper
20162706052742-882,transit
20162706102701-37,camper
20162706112755-51,transit
20162707052752-261,transit
20162710012716-783,transit
20162711052703-91,ranger
20162711082732-174,transit
20162712032759-779,ranger
20162712082721-137,ranger
20162712112707-182,transit
20162715022745-426,transit
20162715112753-357,transit
20162716112747-330,camper
20162717072748-138,transit
20162717112708-131,transit
20162720042700-499,transit
20162720042739-621,transit
20162720082712-757,none
20162722022701-567,transit
20162722082702-846,transit
20162722102743-439,ranger
20162723092727-776,ranger
20162724102730-32,transit
20162724122753-613,transit
20162725032704-284,transit
20162725032738-617,transit
20162725052728-86,transit
20162725092744-763,transit
20162726092726-762,transit
20162726112704-196,transit
20162727042700-932,ranger
20162727062722-109,transit
20162727082737-830,transit
20162729042749-245,none
20162730092728-283,transit
20162731022748-953,transit
20162731112709-695,transit
20162801122851-646,transit
20162802012811-959,transit
20162802072851-824,transit
20162802082823-195,transit
20162804072839-854,ranger
20162804092805-853,transit
20162806052807-618,ranger
20162806092859-620,camper
20162807032803-741,camper
20162807032822-885,transit
20162809072855-661,transit
20162809102817-777,camper
20162810052858-571,camper
20162810062841-436,ranger
20162810112840-896,transit
20162811042816-300,ranger
20162812022803-293,transit
20162812042818-533,transit
20162812122842-802,transit
20162813022856-472,none
20162813052814-795,transit
20162814032850-29,transit
20162814062851-776,ranger
20162814092854-973,transit
20162815032808-436,transit
20162815032840-130,transit
20162815062824-811,none
20162816102841-907,none
20162816112820-320,transit
20162817092810-115,transit
20162818022822-568,ranger
20162818032836-978,transit
20162819032844-761,transit
20162820012839-318,transit
20162820032847-168,transit
20162820042851-588,transit
20162820102852-234,ranger
20162821122833-684,transit
20162822022818-976,transit
20162822032852-611,transit
20162823012807-697,ranger
20162823012818-280,camper
20162823032842-112,transit
20162823052804-141,transit
20162823052815-66,transit
20162823112847-107,transit
20162824122829-498,camper
20162825112824-770,ranger
20162825122813-46,transit
20162826092837-505,transit
20162826112800-633,transit
20162827082805-548,transit
20162827102842-397,transit
20162828032836-807,camper
20162828082843-937,transit
20162828102803-514,transit
20162829062840-985,none
20162829102832-993,transit
20162830032857-682,transit
20162831072830-636,transit
20162902082953-222,transit
20162903022936-454,ranger
20162903062955-470,ranger
20162903122925-790,transit
20162904062909-931,ranger
20162904082949-358,transit
20162904122951-717,camper
20162906032932-915,transit
20162907112948-254,transit
20162909112952-990,none
20162910062924-412,transit
20162911012944-380,transit
20162911042927-213,transit
20162911052917-847,transit
20162911072912-231,transit
20162911092915-817,camper
20162912032954-106,transit
20162912042950-619,transit
20162913042948-361,transit
20162913062957-364,transit
20162914032934-345,transit
20162914092905-971,transit
20162916122944-206,transit
20162917102943-465,transit
20162918062941-538,transit
20162919052953-47,transit
20162919082959-581,transit
20162920112903-532,none
20162921042944-446,camper
20162921092949-311,transit
20162921102919-1,transit
20162922062905-563,transit
20162922072900-672,transit
20162922072907-383,ranger
20162923042912-180,transit
20162923082924-53,transit
20162924042929-726,transit
20162925012937-610,camper
20162925092913-197,none
20162925112939-487,transit
20162926122943-124,transit
20162927112907-650,transit
20162928012941-901,transit
20162928092952-895,transit
20162929082954-487,transit
20162929102912-811,transit
20162929122944-542,ranger
20162930022935-233,transit
20162930112931-312,transit
20163001013040-715,camper
20163001043000-71,transit
20163001083025-280,transit
20163001093037-333,transit
20163002083019-845,transit
20163003073041-652,transit
20163004043020-580,ranger
20163005033050-696,transit
20163005043016-599,transit
20163005053045-512,ranger
20163006113038-115,transit
20163007043005-603,camper
20163007073007-809,transit
20163008043035-293,ranger
20163008053039-60,ranger
20163008063045-878,ranger
20163008073021-288,ranger
20163009093036-894,transit
20163010013041-841,transit
20163013043019-946,transit
20163013083059-762,transit
20163013103018-177,transit
20163014013040-441,camper
20163014083001-242,transit
20163015033038-295,transit
20163015053019-83,camper
20163015063000-620,transit
20163016013050-842,transit
20163016023052-843,transit
20163016033037-38,transit
20163016033049-181,transit
20163016083020-721,transit
20163017043000-69,ranger
20163017073031-327,transit
20163019113002-580,transit
20163020053033-986,transit
20163020053058-594,none
20163020083029-640,camper
20163020093042-366,transit
20163020103052-447,transit
20163020123035-150,transit
20163022063016-782,none
20163023043021-485,none
20163023083034-310,ranger
20163023093026-469,transit
20163024013029-713,none
20163024013037-780,transit
20163025023033-470,none
20163026043006-545,transit
20163028103024-670,transit
20163028103024-681,transit
20163028113006-21,transit
20163030013032-745,transit
20163030053011-768,transit
20163030073046-270,transit
20163101043133-598,transit
20163101073143-373,transit
20163101113135-484,transit
20163102013126-382,transit
20163102063109-648,transit
20163102113119-141,transit
20163104113121-698,none
20163105083100-798,transit
20163106043100-338,none
20163106073114-79,transit
20163106083119-771,none
20163107063102-870,ranger
20163107063105-950,transit
20163108043103-996,camper
20163108073152-647,none
20163108093145-941,camper
20163110013100-889,none
20163110023151-350,transit
20163111083112-950,transit
20163112023103-209,ranger
20163112023142-103,transit
20163112093128-916,transit
20163113103132-54,none
20163113113125-623,transit
20163114033130-293,transit
20163114083121-891,none
20163114103143-15,transit
20163115093155-172,transit
20163116093107-139,camper
20163118093140-363,transit
20163118113139-316,camper
20163118113148-374,transit
20163119013106-9,transit
20163119083129-617,transit
20163119123128-753,transit
20163120033154-240,transit
20163120053136-149,transit
20163121023144-373,none
20163122113159-86,transit
20163125053105-728,transit
20163125083158-7,camper
20163125093105-325,transit
20163125113148-504,camper
20163127103137-876,transit
20163128013118-169,ranger
20163128113141-438,ranger
20163130073114-683,transit
20163130073131-627,transit
20163131083107-883,transit
20163131123156-712,transit
20163202083243-779,transit
20163203053259-669,ranger
20163203093208-450,transit
20163204013256-351,none
20163204113252-884,ranger
20163205053259-523,transit
20163206073240-387,transit
20163206073247-445,transit
20163206073259-593,transit
20163206093223-680,transit
20163207023241-652,transit
20163207033204-552,transit
20163207073234-8,camper
20163208063215-114,transit
20163208063243-501,transit
20163209063235-838,transit
20163209093216-635,transit
20163210073217-193,transit
20163211033230-180,transit
20163211063203-861,transit
20163211073200-757,ranger
20163213013208-976,none
20163213053255-820,transit
20163214023239-288,transit
20163214073248-489,transit
20163215053234-916,transit
20163215103206-501,transit
20163216033254-192,none
20163216043240-438,transit
20163216103248-503,transit
20163217053226-2,transit
20163217053256-155,camper
20163217073255-223,transit
20163219063206-215,transit
20163219113246-923,transit
20163219123231-638,transit
20163221073202-720,transit
20163221103247-662,none
20163221113209-681,transit
20163223093205-573,camper
20163223093209-832,transit
20163225013259-584,transit
20163226063258-285,transit
20163227083231-814,transit
20163227123241-627,transit
20163228063227-918,transit
20163228103212-370,ranger
20163229093208-756,transit
20163229103251-719,transit
20163231023226-256,transit
20163231123200-356,transit
20163301093320-883,none
20163301093354-99,camper
20163302013328-550,transit
20163302103305-147,transit
20163302103315-908,transit
20163302103352-927,transit
20163303053348-47,ranger
20163303063303-867,transit
20163304103342-539,transit
20163305103357-620,transit
20163307013313-179,transit
20163307023343-728,transit
20163307053344-591,transit
20163308013327-481,none
20163308033359-934,transit
20163308123338-97,transit
20163308123350-465,ranger
20163309043324-181,transit
20163309073335-602,camper
20163310013309-503,transit
20163310013359-980,transit
20163310073310-801,transit
20163311043337-416,transit
20163311043356-730,transit
20163311113324-833,transit
20163312033343-964,transit
20163312053308-28,transit
20163313043323-363,transit
20163314053328-67,camper
20163314053345-713,camper
20163314063315-455,ranger
20163314063318-652,transit
20163314093327-20,transit
20163314103301-502,transit
20163315023315-701,transit
20163316093355-455,transit
20163317013316-196,none
20163317033309-985,transit
20163317083303-679,ranger
20163318053336-805,transit
20163318063325-23,none
20163318113338-329,transit
20163319023315-421,transit
20163320063338-186,transit
20163320093304-381,transit
20163321103309-240,transit
20163322043304-670,transit
20163322113328-559,transit
20163324073336-290,transit
20163324123323-506,transit
20163325013324-888,transit
20163325043334-711,transit
20163325103331-577,transit
20163326093340-289,transit
20163327043308-503,transit
20163327093318-143,transit
20163328043315-467,ranger
20163329043338-740,transit
20163330073333-28,transit
20163331013313-627,transit
20163331073347-13,ranger
20163402043455-16,transit
20163402063433-801,transit
20163402063435-850,camper
20163403093427-432,camper
20163403103449-145,camper
20163403113455-110,transit
20163403123418-991,transit
20163404033400-181,transit
20163406023455-436,ranger
20163406043425-969,transit
20163406043447-340,transit
20163406103400-814,transit
20163407073431-85,transit
20163407113425-538,transit
20163408013437-56,transit
20163408033447-499,transit
20163408093438-929,transit
20163409013407-472,transit
20163409063415-743,transit
20163410013431-415,transit
20163410053456-4,camper
20163410073406-446,transit
20163411113412-187,transit
20163412023438-667,transit
20163413023412-159,camper
20163413113412-690,ranger
20163414033416-878,camper
20163415063443-571,transit
20163415113455-87,transit
20163416083430-696,transit
20163417033417-846,transit
20163417033429-183,transit
20163417043402-608,transit
20163417053440-4,transit
20163418113417-417,transit
20163419043407-294,transit
20163419063429-101,camper
20163419103429-435,transit
20163420053443-249,transit
20163420063413-993,transit
20163420083416-111,transit
20163423073430-462,transit
20163423103414-786,transit
20163424013405-955,transit
20163424083422-554,ranger
20163424103445-912,ranger
20163424113405-482,transit
20163426013436-924,transit
20163426093457-747,ranger
20163427023424-31,transit
20163428093405-416,transit
20163428113441-1,transit
20163429103456-193,transit
20163431093452-553,transit
20163501043512-133,transit
20163501113515-821,transit
20163501123550-700,transit
20163502053547-68,transit
20163502073555-259,transit
20163502113558-127,transit
20163503033501-618,transit
20163503043557-533,none
20163504043552-800,transit
20163504123558-966,ranger
20163506123514-952,ranger
20163507033547-13,transit
20163507043501-105,transit
20163507053523-324,transit
20163508013521-877,ranger
20163508033551-791,camper
20163508123547-905,transit
20163510063539-382,none
20163510103505-882,transit
20163510103518-826,transit
20163511043549-538,transit
20163511103541-184,none
20163512093528-91,none
20163513023515-187,ranger
20163513043535-914,transit
20163513083545-107,transit
20163514013507-488,transit
20163514013550-581,ranger
20163514033517-872,none
20163514053531-774,ranger
20163515083507-414,none
20163515093506-752,transit
20163515113511-19,none
20163515123553-225,transit
20163516023533-877,transit
20163516093506-864,transit
20163516113501-605,transit
20163517023540-483,ranger
20163517033540-972,transit
20163517043517-628,transit
20163517073543-787,transit
20163517083504-443,transit
20163518033527-216,transit
20163518083510-37,ranger
20163519063510-512,ranger
20163519073518-735,transit
20163519073523-645,transit
20163520033552-366,transit
20163522023555-208,none
20163522073549-627,transit
20163522073554-941,transit
20163522103542-330,ranger
20163524063510-398,transit
20163524083522-221,transit
20163524093555-302,transit
20163525043549-664,ranger
20163525053516-998,ranger
20163525063533-67,transit
20163526023527-676,transit
20163526053541-12,transit
20163526083538-749,ranger
20163526093529-818,transit
20163527043543-724,camper
20163527073527-483,ranger
20163527083549-625,transit
20163527123512-831,transit
20163529023524-230,transit
20163601033627-516,transit
20163601083625-191,transit
20163606053608-676,transit
20163607053650-333,camper
20163609113628-764,transit
20163610073631-281,transit
20163612043603-890,transit
20163612093621-781,ranger
20163612103606-214,transit
20163613023649-930,transit
20163613043657-70,transit
20163613063630-34,transit
20163616053605-703,transit
20163617053624-323,transit
20163617063617-212,transit
20163617123609-220,transit
20163619043626-974,transit
20163619063616-909,none
20163619103652-986,transit
20163620013623-473,none
20163620073629-282,none
20163621033634-343,transit
20163621083643-745,none
20163621103615-926,transit
20163621123624-887,transit
20163621123631-177,transit
20163623113636-731,transit
20163625123605-732,transit
20163627023633-570,transit
20163627093637-547,transit
20163627113603-588,transit
20163628023630-309,transit
20163628033608-893,transit
20163630103646-440,camper
20163631043622-576,transit
20163631043649-38,transit
20163631073602-741,transit
20163701103737-379,none
20163701123703-15,transit
20163702083732-163,camper
20163702093712-993,ranger
20163702093746-341,ranger
20163702113710-734,transit
20163704103740-142,transit
20163705043757-803,transit
20163705063708-419,transit
20163706103722-675,transit
20163706123723-232,transit
20163706123741-210,transit
20163707033759-413,camper
20163707043743-89,transit
20163707043744-880,transit
20163707063722-855,transit
20163707083733-554,ranger
20163708033742-668,transit
20163708043702-671,transit
20163708083740-71,transit
20163708103702-555,camper
20163709073701-636,transit
20163710053757-851,ranger
20163711013725-963,transit
20163711043710-733,transit
20163712023718-192,ranger
20163712123721-105,none
20163715033722-346,transit
20163716063758-519,transit
20163717123759-166,ranger
20163718083715-219,transit
20163719123751-437,transit
20163720033707-521,transit
20163720043755-990,transit
20163720083715-163,transit
20163721023754-236,transit
20163721093756-14,none
20163721103740-789,transit
20163721103758-904,ranger
20163723013734-448,transit
20163723043710-796,transit
20163723063736-15,transit
20163723083724-326,transit
20163724043746-132,transit
20163724093730-240,camper
20163725053751-65,transit
20163725123700-347,ranger
20163727123702-45,transit
20163729013725-679,transit
20163731063755-518,ranger
20163801113800-306,transit
20163803013806-300,transit
20163804123849-411,transit
20163805083817-539,transit
20163806093805-983,camper
20163806093839-266,transit
20163807033807-191,ranger
20163808063808-786,transit
20163808123826-359,transit
20163810043842-166,camper
20163810113835-481,transit
20163810123804-747,ranger
20163811083809-819,transit
20163813073818-563,transit
20163813073824-927,ranger
20163813083850-953,transit
20163815043824-609,ranger
20163816023850-87,transit
20163816073852-812,transit
20163816123835-752,transit
20163819043831-22,transit
20163819043858-296,ranger
20163819073808-793,transit
20163819113814-30,transit
20163821013839-870,transit
20163821073807-579,ranger
20163823033831-688,transit
20163824033849-526,ranger
20163826073853-210,transit
20163826093818-901,transit
20163827023806-790,transit
20163827113811-704,transit
20163828023836-79,transit
20163828043838-116,transit
20163828083840-522,transit
20163830013859-393,none
20163830053806-629,transit
20163831043800-36,none
20163901043926-852,transit
20163901043959-297,transit
20163901113901-478,transit
20163903023940-119,transit
20163903113941-395,transit
20163904013912-769,camper
20163904073952-156,transit
20163904083922-803,transit
20163904083945-275,transit
20163905023927-778,transit
20163905073940-631,transit
20163905103947-657,transit
20163907043939-551,transit
20163909083952-107,camper
20163909093927-432,camper
20163909113942-242,transit
20163910063929-160,transit
20163910083912-261,transit
20163910083941-608,transit
20163910123930-871,none
20163911113947-562,transit
20163912023917-526,transit
20163912033939-360,transit
20163912103938-894,transit
20163913013931-37,transit
20163913063905-830,ranger
20163913083920-592,transit
20163913123947-546,transit
20163914063904-578,ranger
20163915033927-445,transit
20163915053916-246,ranger
20163915103958-446,transit
20163917113906-264,ranger
20163918033922-943,transit
20163918103933-28,transit
20163919013944-678,ranger
20163921103916-658,transit
20163922063958-22,transit
20163922073947-374,transit
20163922093934-985,camper
20163922103906-34,transit
20163922113927-867,camper
20163924013926-545,transit
20163924063906-705,transit
20163925013953-631,transit
20163925033938-727,transit
20163925043902-968,transit
20163925053925-296,transit
20163925053934-973,transit
20163925063922-612,ranger
20163925063928-121,ranger
20163926023906-619,transit
20163926033947-234,ranger
20163926043933-10,transit
20163926063911-737,transit
20163926073934-815,transit
20163927023902-594,transit
20163927093906-800,ranger
20163928043915-121,none
20163928043939-855,transit
20163928063941-914,none
20163928063951-900,transit
20163928123903-96,transit
20163929063929-340,transit
20163929123945-317,transit
20163930053919-100,transit
20163930123942-893,transit
20163931023933-624,ranger
20163931073929-152,transit
20163931093905-497,transit
20164001074047-570,transit
20164002044021-783,transit
20164002124012-600,none
20164004094054-166,transit
20164005044014-257,transit
20164006084004-327,camper
20164006104035-886,transit
20164006104039-266,camper
20164007044039-679,transit
20164007054019-952,transit
20164007104033-327,transit
20164007124054-94,transit
20164008034023-304,transit
20164009044032-666,transit
20164011054052-771,transit
20164011064018-261,transit
20164012024030-921,ranger
20164012124045-183,ranger
20164013054004-312,transit
20164013074059-659,transit
20164013084042-356,ranger
20164013094055-764,transit
20164014014005-279,transit
20164014094005-918,transit
20164014104038-713,ranger
20164016034021-637,transit
20164016044053-253,transit
20164016054015-127,ranger
20164016064007-679,transit
20164017024019-673,transit
20164017114010-155,transit
20164018104036-517,transit
20164019054041-821,transit
20164019114057-442,transit
20164020014058-615,camper
20164021024051-29,transit
20164021074031-924,camper
20164022024003-804,ranger
20164022034004-339,transit
20164023114031-753,ranger
20164024044023-335,transit
20164024124028-414,transit
20164025024048-911,transit
20164025064025-489,transit
20164026034057-226,transit
20164026084027-353,camper
20164026094009-351,transit
20164026124043-92,ranger
20164027094055-570,transit
20164027124056-129,transit
20164028104033-812,camper
20164028114031-155,camper
20164030064024-449,transit
20164030094001-59,none
20164030114052-672,transit
20164030124046-622,transit
20164101114139-473,camper
20164103024124-839,transit
20164103034110-967,transit
20164104124150-605,transit
20164105074141-834,transit
20164105084132-679,transit
20164106064104-865,ranger
20164106114111-973,transit
20164107074131-527,none
20164108094121-831,transit
20164108104132-694,transit
20164108104158-541,camper
20164109014140-897,none
20164109074119-766,ranger
20164109074136-68,transit
20164110064123-32,transit
20164110084100-662,transit
20164110094158-555,transit
20164111064145-65,transit
20164113084104-408,transit
20164114064118-408,transit
20164115024151-5,camper
20164115054120-679,camper
20164115064144-56,transit
20164116084159-130,none
20164117034159-787,ranger
20164118114122-957,transit
20164119014153-926,ranger
20164119024120-319,transit
20164120014145-4,transit
20164120084141-631,transit
20164122014115-611,transit
20164122084128-10,transit
20164123064147-676,transit
20164124014148-229,transit
20164124024115-14,camper
20164124024135-223,camper
20164124044125-818,ranger
20164124054121-408,transit
20164125024147-788,transit
20164125034103-951,transit
20164125074111-209,transit
20164125084149-707,transit
20164127024103-867,ranger
20164127054144-66,transit
20164127114122-0,transit
20164128104138-234,camper
20164128104143-66,transit
20164129114132-995,transit
20164130014117-236,transit
20164130064126-208,ranger
20164130104142-495,transit
20164130124156-610,transit
20164131034113-358,transit
20164131044141-678,transit
20164201094203-125,camper
20164202014212-461,transit
20164203024243-174,transit
20164203074221-545,transit
20164205064253-457,transit
20164205074208-727,transit
20164206044212-258,transit
20164207014227-413,transit
20164207034214-159,transit
20164208044208-309,transit
20164208054236-20,transit
20164208054257-957,transit
20164208094220-459,transit
20164209024218-716,ranger
20164210044205-605,transit
20164210124256-142,ranger
20164211064211-761,transit
20164212034242-81,transit
20164212054245-135,camper
20164213034255-984,transit
20164213104205-795,ranger
20164214084207-763,transit
20164215014229-769,transit
20164216084251-215,camper
20164217034244-685,transit
20164217064258-873,transit
20164219024211-144,transit
20164220044223-878,ranger
20164220084220-409,transit
20164220094251-139,camper
20164220114219-104,transit
20164220114220-830,transit
20164220114233-678,transit
20164221044239-14,ranger
20164221044243-311,none
20164222054243-411,camper
20164222054251-811,transit
20164222084234-894,transit
20164223104254-292,transit
20164224024223-506,transit
20164225044238-219,transit
20164225064215-954,none
20164226014251-649,transit
20164226124213-644,transit
20164228024243-228,transit
20164228094248-123,none
20164230024235-472,transit
20164231094241-813,transit
20164301024306-759,transit
20164302034340-351,transit
20164304094348-428,transit
20164304124314-172,transit
20164304124315-405,transit
20164306034335-643,transit
20164306064314-526,ranger
20164306084359-469,ranger
20164307014312-819,transit
20164307024350-863,transit
20164308024330-236,camper
20164308034309-613,transit
20164308064308-869,transit
20164309064338-413,transit
20164310034321-922,transit
20164311024329-447,transit
20164311084358-550,ranger
20164312084302-787,transit
20164313124301-549,transit
20164314014307-622,transit
20164314024337-465,camper
20164315114355-578,transit
20164316074320-1,transit
20164316074335-917,ranger
20164316114342-432,ranger
20164316124304-537,transit
20164317104347-721,transit
20164317124336-786,transit
20164318104353-134,transit
20164318124333-137,transit
20164319034355-175,camper
20164321034331-854,ranger
20164321044306-102,ranger
20164321094356-241,none
20164321104355-543,transit
20164321124321-954,transit
20164322034338-836,transit
20164322034358-37,transit
20164322074326-978,camper
20164322114323-359,transit
20164324034317-931,transit
20164326044311-14,transit
20164326064343-441,ranger
20164327024303-672,transit
20164327034332-904,transit
20164327124350-648,ranger
20164328024316-746,transit
20164328024322-116,transit
20164328094351-379,transit
20164328104317-49,transit
20164329034336-305,transit
20164329084332-497,transit
20164330054304-862,transit
20164330114332-71,ranger
20164331054300-477,transit
20164331104330-759,transit
20164331114302-784,transit
20164402124459-365,transit
20164403034425-964,transit
20164403044458-78,transit
20164403074426-121,transit
20164403084435-190,transit
20164403094416-53,transit
20164403104456-376,transit
20164405064404-454,transit
20164406024445-391,transit
20164407054454-328,camper
20164408114435-273,transit
20164408124401-422,transit
20164409064449-209,transit
20164410094421-13,none
20164412094418-832,transit
20164415084436-579,transit
20164416014434-614,transit
20164416084421-646,transit
20164416104425-318,none
20164417054449-465,transit
20164417114453-337,ranger
20164418104420-471,transit
20164418114458-202,transit
20164419034402-43,transit
20164419034459-634,transit
20164420054411-706,none
20164420074431-649,none
20164420104428-675,none
20164420124427-343,transit
20164421114440-360,transit
20164422044448-913,transit
20164422054446-360,none
20164423124401-794,none
20164424034411-296,transit
20164424094450-680,transit
20164425014459-246,transit
20164425124415-266,transit
20164426074452-19,transit
20164427064415-54,ranger
20164429054420-958,transit
20164429114402-71,transit
20164430024453-630,transit
20164430044445-103,transit
20164430054426-761,transit
20164430104415-370,ranger
20164431064422-664,transit
20164431094422-254,none
20164431094422-544,transit
20164501044528-874,ranger
20164501054552-84,transit
20164501074513-913,transit
20164501084551-118,transit
20164501094534-310,ranger
20164502024549-955,transit
20164502054515-838,transit
20164502064542-349,transit
20164502074543-744,transit
20164502094549-933,none
20164503034524-731,transit
20164504064540-547,camper
20164505014519-158,transit
20164507054522-777,transit
20164508064519-442,camper
20164508104551-848,none
20164509044516-930,transit
20164509114554-339,transit
20164510114557-225,transit
20164511114556-704,transit
20164514054508-845,none
20164515024529-61,transit
20164515054529-415,transit
20164516044503-843,transit
20164516054555-995,transit
20164516084510-894,transit
20164516094514-783,transit
20164516124536-165,camper
20164517024530-84,ranger
20164517034546-223,ranger
20164517044541-414,none
20164518024535-701,transit
20164518054508-913,transit
20164519034535-560,transit
20164519044512-493,transit
20164520024515-601,ranger
20164521074513-194,transit
20164521104532-962,transit
20164522074536-499,transit
20164523074525-248,transit
20164524044525-73,transit
20164524054546-352,transit
20164525054530-442,transit
20164525064502-750,none
20164525094550-964,transit
20164526014550-222,transit
20164526124530-339,transit
20164527024509-467,transit
20164527104540-439,transit
20164528054529-560,transit
20164528124558-927,transit
20164530084520-400,transit
20164530124506-115,transit
20164531024545-131,transit
20164531044533-800,transit
20164531124512-886,none
20164601054619-12,transit
20164601074606-428,ranger
20164601094646-540,ranger
20164602044614-432,none
20164603054655-424,transit
20164604054654-412,transit
20164604074649-659,transit
20164605084640-718,transit
20164605084650-271,transit
20164605114608-804,transit
20164605114609-490,transit
20164606074605-115,transit
20164607104629-486,camper
20164608014654-758,transit
20164609054658-864,transit
20164609094614-394,ranger
20164610014632-318,transit
20164610024657-476,transit
20164612014639-595,ranger
20164613094630-461,transit
20164614014653-188,none
20164614024615-51,transit
20164614094608-783,none
20164614104657-614,transit
20164615094622-553,transit
20164617074637-823,ranger
20164617084612-764,transit
20164618064659-218,transit
20164618094655-835,camper
20164619024656-277,transit
20164619034644-667,ranger
20164619054604-411,transit
20164621014630-66,transit
20164621064653-556,transit
20164621124625-509,transit
20164622054644-414,camper
20164622054651-371,transit
20164622114647-721,camper
20164623024607-693,transit
20164623024643-934,transit
20164623054645-920,transit
20164624064650-31,transit
20164624094605-617,camper
20164624124652-531,transit
20164625094658-880,transit
20164626034639-566,transit
20164626054635-56,none
20164626074639-58,none
20164627074620-995,transit
20164629044619-406,transit
20164629054600-467,none
20164629074656-298,transit
20164629104606-472,transit
20164631124644-547,transit
20164701074718-615,transit
20164701124736-81,camper
20164702054708-673,transit
20164703014714-826,transit
20164703014720-366,ranger
20164703024723-870,transit
20164703024748-814,none
20164704054716-839,transit
20164704084757-966,transit
20164705054717-636,transit
20164705094741-503,transit
20164705094758-115,transit
20164705104703-549,ranger
20164706074734-213,transit
20164706094710-896,transit
20164706104720-264,transit
20164707014735-384,camper
20164707064701-718,ranger
20164708074730-603,camper
20164708074749-467,transit
20164709044741-694,ranger
20164709124719-876,transit
20164710014722-566,transit
20164710044728-26,transit
20164710124739-382,transit
20164711074753-145,transit
20164712064702-854,camper
20164712084701-558,transit
20164713014745-616,camper
20164713014752-69,transit
20164713044724-404,transit
20164714014713-377,transit
20164715014743-794,transit
20164715024726-270,transit
20164715034736-40,transit
20164715074726-709,transit
20164715104741-924,camper
20164717084736-664,none
20164717094726-524,transit
20164717114725-131,camper
20164718044740-123,camper
20164718064732-521,transit
20164719034727-693,none
20164719054758-219,transit
20164719124700-877,transit
20164720044739-5,transit
20164721094755-199,transit
20164721104718-847,transit
20164723054734-758,ranger
20164723114751-314,none
20164724064735-919,transit
20164724114712-44,camper
20164725044753-186,transit
20164726074710-213,camper
20164727114740-156,transit
20164728034754-277,none
20164728074737-670,camper
20164728094747-65,ranger
20164729034741-444,transit
20164729084736-175,ranger
20164730024708-571,transit
20164731014734-842,none
20164731064749-830,ranger
20164731124750-123,transit
20164801074843-982,transit
20164801114805-936,transit
20164801124812-623,transit
20164802014841-686,transit
20164802034805-254,transit
20164802094832-774,transit
20164803054847-865,ranger
20164804014852-685,transit
20164806024842-247,transit
20164806024852-900,camper
20164806114843-475,transit
20164808054840-252,camper
20164808064811-243,none
20164808064812-393,transit
20164809014819-156,transit
20164809074810-439,transit
20164810074837-368,camper
20164810104854-501,transit
20164811024821-270,none
20164811074802-833,transit
20164812084857-620,transit
20164813114822-432,none
20164815054802-408,transit
20164815074804-525,transit
20164815074817-238,transit
20164816024848-392,transit
20164816064814-311,transit
20164816094818-621,transit
20164816114803-136,transit
20164817094825-723,transit
20164818064858-471,transit
20164818094804-307,transit
20164820014819-312,transit
20164820044807-41,transit
20164820054819-457,transit
20164820074841-248,transit
20164820104837-773,none
20164822024841-856,transit
20164822054823-186,ranger
20164823024805-521,transit
20164823034803-795,transit
20164823084851-540,transit
20164825034829-378,transit
20164825044829-906,transit
20164825044837-764,transit
20164825064835-183,transit
20164826104846-825,camper
20164827064843-48,transit
20164828054844-800,transit
20164828094844-150,transit
20164829074857-30,transit
20164831014855-593,transit
20164831024800-307,transit
20164901074925-873,transit
20164901124926-505,transit
20164902054957-61,transit
20164902114915-181,transit
20164904124929-262,transit
20164905024922-5,transit
20164906034908-567,transit
20164906074954-881,transit
20164907094902-257,none
20164907114917-654,transit
20164909014939-171,transit
20164909034947-733,transit
20164909064918-425,ranger
20164910114936-80,none
20164911034916-947,transit
20164911034925-82,transit
20164911114915-619,transit
20164911124933-761,transit
20164912044955-331,camper
20164912064928-813,transit
20164914014916-249,transit
20164914124922-816,transit
20164915034913-350,transit
20164915034953-622,transit
20164916044907-881,transit
20164916074910-995,transit
20164916104906-746,transit
20164916104937-295,transit
20164917114907-414,transit
20164920104907-30,transit
20164921074936-777,none
20164922014940-78,transit
20164922074946-142,none
20164922074958-549,none
20164923044905-91,camper
20164924034950-426,ranger
20164924124920-829,transit
20164925064908-84,ranger
20164926124930-922,camper
20164927034958-905,camper
20164927124924-748,none
20164928084906-804,transit
20164928094952-954,none
20164929084937-183,transit
20164930014958-25,transit
20164930024932-906,transit
20164931124909-47,none
20164931124920-126,none
20165001015020-452,transit
20165001045011-995,none
20165001055021-674,transit
20165001065044-854,camper
20165001065047-958,camper
20165001075012-996,transit
20165002095043-6,transit
20165002125056-740,transit
20165003035005-470,transit
20165004015014-122,transit
20165005045001-261,transit
20165005045015-818,camper
20165005055016-701,transit
20165006065046-760,transit
20165007015002-336,transit
20165007055045-571,transit
20165008055045-836,transit
20165010025045-410,transit
20165011015019-791,transit
20165011035036-191,transit
20165011055050-88,ranger
20165011065037-794,transit
20165011075057-330,transit
20165012065039-583,transit
20165012065042-88,transit
20165012115022-717,ranger
20165013105025-881,transit
20165014055013-401,transit
20165014125038-800,transit
20165016075040-467,transit
20165017055033-104,transit
20165018085015-160,transit
20165020045032-592,transit
20165020045043-704,transit
20165020075004-406,transit
20165020105048-842,transit
20165021055052-804,transit
20165021115039-439,transit
20165022035041-867,none
20165023035031-898,transit
20165023085003-27,ranger
20165023115055-305,ranger
20165024055011-688,camper
20165025055035-861,ranger
20165025105022-300,transit
20165028095046-832,transit
20165030115024-537,transit
20165101065128-809,transit
20165102025154-428,transit
20165102125125-359,transit
20165102125159-804,transit
20165104105153-1,transit
20165104105158-690,transit
20165105015148-887,transit
20165105025128-10,ranger
20165105065143-928,transit
20165105115104-25,transit
20165105115138-773,camper
20165105125107-599,transit
20165107055148-149,ranger
20165107105131-89,transit
20165108045156-8,transit
20165108125131-761,transit
20165109095138-35,transit
20165109105131-919,transit
20165110025101-146,transit
20165110025106-809,transit
20165110125115-153,ranger
20165111085140-53,transit
20165112035154-584,transit
20165112085113-470,transit
20165112105109-897,camper
20165114055100-271,transit
20165114065109-854,transit
20165115015131-941,transit
20165115025112-428,transit
20165115085103-814,none
20165115105125-20,transit
20165116035154-472,camper
20165116095116-836,transit
20165117045137-283,camper
20165117075149-247,camper
20165118025121-645,ranger
20165118105114-261,transit
20165119025101-779,transit
20165119025134-664,camper
20165119055140-532,ranger
20165119105115-784,transit
20165120015101-809,transit
20165120055118-399,transit
20165120065121-62,none
20165122085127-981,transit
20165123015116-90,transit
20165124085133-783,transit
20165124115136-498,transit
20165124125143-418,transit
20165125035116-180,transit
20165125125125-421,transit
20165127115104-846,ranger
20165128065106-868,transit
20165129055125-718,transit
20165130015132-310,transit
20165130035118-304,transit
20165130075107-907,transit
20165130125132-70,ranger
20165201105216-365,transit
20165201115250-85,ranger
20165201115257-926,none
20165202065203-3,transit
20165202065217-523,transit
20165202065222-935,ranger
20165202075235-678,camper
20165204065231-377,transit
20165205025219-914,transit
20165206045258-573,camper
20165207105238-611,ranger
20165208015253-180,transit
20165208055245-998,transit
20165208105233-947,transit
20165209075243-964,transit
20165209125235-294,none
20165210085237-153,ranger
20165210115200-412,transit
20165210115211-292,transit
20165211125236-187,transit
20165212085240-663,transit
20165212095235-202,transit
20165213055253-969,transit
20165213085258-52,transit
20165213105244-282,camper
20165214055203-203,ranger
20165214065227-843,transit
20165214115206-414,transit
20165215055210-374,ranger
20165215075251-645,none
20165216015245-60,transit
20165216115214-976,ranger
20165218055229-816,transit
20165218105234-916,transit
20165219075236-109,transit
20165220035207-201,ranger
20165221025257-696,transit
20165222085235-531,transit
20165222105209-198,camper
20165222125205-809,none
20165223015202-492,transit
20165223045254-116,transit
20165223055213-658,transit
20165224015231-475,transit
20165224045224-411,transit
20165225065205-339,transit
20165227105255-44,transit
20165227115237-4,transit
20165227115247-386,transit
20165228065242-954,transit
20165229125251-601,transit
20165231025204-744,transit
20165231065203-823,transit
20165231125259-699,transit
20165302025337-554,transit
20165303065340-125,ranger
20165303085331-849,transit
20165303095316-38,none
20165304095305-588,transit
20165305015329-885,camper
20165305045324-878,transit
20165305075328-408,transit
20165305095323-605,transit
20165305115319-655,transit
20165306055305-151,transit
20165307055349-307,ranger
20165307075317-823,transit
20165308015305-587,transit
20165308035311-981,transit
20165310015358-208,transit
20165310065330-513,transit
20165310075310-809,transit
20165311065310-895,transit
20165312075314-658,transit
20165312085301-88,transit
20165313095304-335,transit
20165313095326-823,camper
20165313105301-175,transit
20165314085348-318,none
20165314105324-405,transit
20165315075322-923,transit
20165317045355-184,transit
20165319045358-346,transit
20165319105323-479,ranger
20165319125305-907,camper
20165320075322-786,transit
20165320085323-499,transit
20165320115348-897,transit
20165320125359-334,camper
20165321095304-971,transit
20165321095316-520,transit
20165322065300-337,transit
20165323025354-643,transit
20165323095322-846,transit
20165324025304-351,transit
20165325025305-781,transit
20165327065354-665,transit
20165327085305-138,none
20165327125317-477,transit
20165327125334-1,transit
20165329025311-435,transit
20165329035305-622,none
20165329035337-56,transit
20165330015306-892,transit
20165401115421-882,transit
20165402085444-717,transit
20165403015457-628,transit
20165403085446-126,transit
20165404035404-756,transit
20165406085458-58,transit
20165407085446-222,ranger
20165407095430-165,camper
20165408055453-259,camper
20165409015425-677,transit
20165410065453-515,transit
20165410105442-547,none
20165411035403-543,transit
20165411085422-942,transit
20165412095424-770,transit
20165413045401-707,transit
20165413065453-457,ranger
20165414125446-184,transit
20165415045417-118,transit
20165415075414-121,ranger
20165415125414-43,transit
20165416035456-533,transit
20165416075422-244,transit
20165417025425-735,transit
20165418025416-407,transit
20165418035437-602,transit
20165418035448-338,transit
20165418055416-803,ranger
20165420085420-575,transit
20165420125432-744,transit
20165421035454-60,ranger
20165422115408-769,transit
20165422125433-689,transit
20165423075417-451,transit
20165423085433-384,none
20165423105406-654,none
20165424045441-322,transit
20165425075442-632,transit
20165425105450-12,ranger
20165425125438-777,ranger
20165426015410-642,transit
20165426025419-619,transit
20165428115447-963,none
20165429055408-624,transit
20165429105417-811,camper
20165429125422-684,none
20165431065421-916,ranger
20165431075450-884,none
20165501025546-202,transit
20165501035516-23,transit
20165501085508-595,transit
20165502035521-719,ranger
20165502085536-548,transit
20165504075518-313,transit
20165505065520-94,transit
20165505085541-403,transit
20165506015535-290,transit
20165506065558-597,transit
20165506085528-247,transit
20165508115524-616,transit
20165509015544-558,transit
20165509045552-790,transit
20165510045514-467,transit
20165510115511-114,camper
20165512035554-359,transit
20165512095516-61,transit
20165512125523-574,transit
20165513035537-369,transit
20165513085542-707,transit
20165513085559-67,transit
20165514065504-776,transit
20165515085521-147,transit
20165515105556-469,transit
20165519125545-196,camper
20165519125550-993,transit
20165520095518-683,none
20165521035552-890,transit
20165522035512-33,ranger
20165522045521-392,transit
20165522125532-244,transit
20165523025525-385,transit
20165525025503-23,ranger
20165526035533-163,transit
20165528085531-570,transit
20165528125541-296,transit
20165529035543-814,transit
20165529085512-11,camper
20165529115520-768,transit
20165601025605-874,transit
20165601125624-989,transit
20165602015659-648,transit
20165602045606-384,transit
20165605075654-743,transit
20165605125656-800,transit
20165606125656-970,ranger
20165607035640-916,transit
20165608045626-493,transit
20165609015607-9,transit
20165609045613-451,transit
20165609075614-36,transit
20165609115633-560,transit
20165610095639-193,transit
20165610105632-536,transit
20165611055631-575,transit
20165611125620-329,transit
20165613115609-574,transit
20165614095610-994,transit
20165614105601-86,transit
20165615065614-36,ranger
20165616105630-634,transit
20165617035632-618,transit
20165618075655-217,none
20165618105616-548,transit
20165620075608-596,transit
20165620105658-44,transit
20165621025610-63,transit
20165621125656-604,camper
20165623035618-218,transit
20165624125612-641,camper
20165625125646-508,transit
20165627015640-416,none
20165627035633-744,none
20165627105659-543,transit
20165628055654-197,transit
20165628115651-59,none
20165628125655-86,transit
20165629045626-875,transit
20165629065612-923,none
20165629105608-943,transit
20165630025650-814,none
20165631105644-741,transit
20165631115610-378,transit
20165701055728-629,camper
20165702085733-156,transit
20165702115706-425,transit
20165702125748-81,transit
20165703075701-962,camper
20165703075716-246,transit
20165703105716-281,ranger
20165703115722-293,transit
20165704055721-696,camper
20165704125735-467,transit
20165706045734-693,transit
20165706055731-995,transit
20165706065721-811,camper
20165706095759-373,transit
20165707015737-976,transit
20165707065700-764,transit
20165707075701-28,transit
20165708015722-378,transit
20165708045756-655,transit
20165709095721-17,camper
20165710015727-667,camper
20165710045751-51,transit
20165710075759-354,camper
20165711095753-305,transit
20165712035713-404,camper
20165712035755-385,transit
20165713025752-457,ranger
20165713065701-600,transit
20165713075714-669,transit
20165713125739-200,ranger
20165715045703-990,transit
20165716025718-637,ranger
20165716045737-959,transit
20165716115733-899,camper
20165717125740-295,transit
20165718045722-622,transit
20165719115725-117,transit
20165720085709-496,transit
20165720095740-833,transit
20165720105723-150,transit
20165721025740-545,transit
20165721085752-855,transit
20165721125711-46,none
20165722045744-233,transit
20165722085747-401,transit
20165722095731-382,transit
20165723055733-60,camper
20165723125716-483,transit
20165723125757-678,transit
20165724055723-178,ranger
20165724105725-452,transit
20165726035746-939,transit
20165727045724-857,transit
20165727085748-96,transit
20165728015702-554,ranger
20165728115721-55,transit
20165728115731-457,none
20165728125725-947,transit
20165730025738-522,ranger
20165801025812-304,transit
20165801115821-328,none
20165802015851-446,transit
20165802075805-100,transit
20165804055839-667,transit
20165804115856-149,transit
20165804125820-864,transit
20165805025839-546,transit
20165805045826-647,transit
20165805065810-3,transit
20165805075828-948,transit
20165805105849-155,transit
20165806055834-355,transit
20165806085809-974,transit
20165807025851-835,camper
20165807065833-85,transit
20165809035816-919,ranger
20165809065806-734,transit
20165810065810-994,transit
20165810075833-903,transit
20165811095828-959,ranger
20165813015832-479,camper
20165813025810-922,ranger
20165813055854-251,transit
20165813085822-555,transit
20165813095855-515,transit
20165813115843-137,transit
20165814035840-3,transit
20165814055816-836,transit
20165814095833-724,camper
20165814105806-276,transit
20165814125853-635,transit
20165815095800-936,transit
20165815125818-188,camper
20165815125832-355,ranger
20165816025857-784,transit
20165817055807-542,ranger
20165817075837-11,transit
20165817105838-662,transit
20165817115845-65,transit
20165818025833-73,transit
20165818065800-22,transit
20165818115848-438,ranger
20165819055844-330,none
20165819065837-802,transit
20165819115830-865,transit
20165820065843-345,ranger
20165821015830-729,transit
20165821085834-177,transit
20165821105822-758,transit
20165823025848-881,transit
20165823095829-774,transit
20165824015826-892,transit
20165824065853-160,camper
20165825015806-72,transit
20165825035840-88,transit
20165825105803-343,none
20165826025834-370,transit
20165826025856-222,transit
20165826085838-924,transit
20165826105856-672,ranger
20165826115832-300,transit
20165828015802-640,transit
20165829085835-868,transit
20165830095817-828,transit
20165831035858-437,none
20165831065838-724,transit
20165831075824-693,transit
20165831105856-579,transit
20165901035931-51,transit
20165902055925-718,transit
20165902085943-495,transit
20165903025940-349,none
20165903055933-880,ranger
20165903065938-717,none
20165903095904-231,transit
20165903095953-941,transit
20165903125938-222,transit
20165904055909-308,ranger
20165904095931-786,camper
20165905015918-499,ranger
20165905065935-132,transit
20165906115958-72,ranger
20165907035900-140,transit
20165907035921-157,none
20165907055949-497,transit
20165907125955-871,camper
20165908065929-592,ranger
20165908125903-555,transit
20165909055944-478,transit
20165910065910-19,transit
20165911025927-470,camper
20165911075923-340,transit
20165911075945-393,camper
20165912095924-208,transit
20165913045916-883,transit
20165913095939-832,ranger
20165914015913-595,transit
20165914065923-440,transit
20165914075959-50,transit
20165915015930-675,transit
20165915045935-33,transit
20165915095907-272,ranger
20165917025915-93,transit
20165917105906-887,transit
20165919015951-790,transit
20165919125950-595,transit
20165920015947-724,transit
20165920055941-216,camper
20165920115903-152,transit
20165921055938-176,transit
20165921105928-923,ranger
20165922125905-401,transit
20165923095947-800,transit
20165924025918-417,none
20165924115918-535,transit
20165926065955-219,transit
20165926125911-600,transit
20165927035958-373,transit
20165927105911-596,camper
20165928085923-695,transit
20165928125928-824,transit
20165929085939-676,ranger
20165929105935-538,ranger
20165930065938-555,transit
