car_id,sgt_route_cluster_1
20150001010009-284,0
20150001050042-811,1
20150001060025-421,2
20150001070000-174,3
20150001070006-104,4
20150001080008-525,5
20150001080044-124,5
20150001090048-374,6
20150001100019-538,7
20150001110028-155,8
20150001120031-180,9
20150002060008-683,10
20150002060024-302,11
20150002070024-376,12
20150002080017-383,13
20150002080040-921,14
20150002080057-495,10
20150002120037-795,15
20150003010039-281,16
20150003020050-522,17
20150003040042-47,18
20150003060007-767,69
20150003080058-668,19
20150003090016-90,20
20150003090030-424,21
20150004010010-724,22
20150004010027-232,23
20150004010051-792,24
20150004030017-259,25
20150004030033-995,26
20150004050003-330,27
20150004050011-484,28
20150004070037-579,-1
20150004100026-651,10
20150004110002-747,29
20150004120029-367,13
20150005020044-437,30
20150005030012-864,31
20150005080045-118,32
20150005110029-714,33
20150005120027-336,23
20150006010020-419,25
20150006030021-893,34
20150006030042-85,35
20150006040002-269,36
20150006070008-822,37
20150006070032-991,15
20150006080007-531,38
20150007020012-126,39
20150007030049-86,-1
20150007040000-591,40
20150007040001-180,24
20150007040010-264,41
20150007050005-262,42
20150007060003-154,26
20150007070026-475,23
20150007080020-82,43
20150007090049-931,44
20150007110022-413,45
20150007120029-935,-1
20150008010008-348,23
20150008010023-545,46
20150008010052-816,28
20150008060003-21,47
20150008060048-631,18
20150008080010-6,2
20150008080048-814,17
20150008110047-331,48
20150009030033-322,3
20150009040035-292,39
20150009060037-852,47
20150009080021-959,23
20150009100056-432,49
20150009110038-258,21
20150010010032-566,2
20150010020057-694,50
20150010030002-664,51
20150010030024-367,27
20150010040007-631,52
20150010040037-125,53
20150010050052-231,54
20150010070052-300,55
20150010080005-370,25
20150010080038-54,56
20150010100022-558,6
20150010120011-538,9
20150010120016-560,10
20150010120021-402,57
20150010120037-8,58
20150011020058-334,59
20150011060014-975,27
20150011070002-311,60
20150011070040-794,45
20150011120023-724,50
20150012040030-974,26
20150012080004-451,43
20150013020033-816,61
20150013030032-591,62
20150013030046-227,34
20150013040059-365,63
20150013050035-283,64
20150013060021-372,36
20150013090012-973,9
20150013090015-853,34
20150013110015-112,24
20150013110026-772,9
20150013110026-797,50
20150014010052-857,20
20150014010056-634,36
20150014020055-887,34
20150014030027-293,21
20150014030033-497,65
20150014040019-114,-1
20150014080042-626,66
20150014100049-755,67
20150014120010-306,10
20150015040031-221,8
20150015070013-394,0
20150015080046-446,9
20150015120027-493,34
20150016010039-314,44
20150016010043-705,68
20150016030059-807,8
20150016040038-159,69
20150016040041-1,67
20150016070028-165,70
20150016070034-393,50
20150016070037-632,71
20150016090024-567,68
20150016090035-720,24
20150016090054-771,41
20150016110047-767,20
20150016120041-181,72
20150016120045-845,12
20150017040038-392,73
20150017050047-192,36
20150017060051-822,69
20150017070009-324,61
20150017100000-961,25
20150017120018-349,10
20150017120055-53,39
20150018020030-238,74
20150018030025-615,26
20150018050050-556,75
20150018070004-166,20
20150018080022-664,76
20150018100013-569,59
20150018110014-26,77
20150018110057-525,78
20150019010004-372,79
20150019010017-785,80
20150019010055-677,81
20150019030052-865,20
20150019040039-358,82
20150019040047-472,83
20150019050058-11,84
20150019090006-7,72
20150019120036-151,8
20150020030052-644,75
20150020040021-389,40
20150020070057-880,29
20150020090018-839,41
20150020100002-73,8
20150020120003-629,63
20150021030032-233,29
20150021050036-788,85
20150021080000-521,68
20150021110008-649,69
20150021110015-325,16
20150022010045-622,36
20150022040009-518,19
20150022080040-235,86
20150022090025-737,87
20150022110023-715,88
20150022120004-986,16
20150023030012-350,47
20150023080039-257,81
20150024010014-301,11
20150024010045-514,89
20150024030045-709,48
20150024040008-576,57
20150024060019-914,90
20150024060036-489,91
20150024070035-193,20
20150024090008-901,67
20150024110011-994,73
20150024110030-386,15
20150024110036-855,92
20150024120030-790,8
20150024120054-586,26
20150024120056-588,39
20150025040004-379,93
20150025070013-240,26
20150025100027-993,34
20150025100041-260,94
20150026020037-148,48
20150026060010-577,26
20150026070015-698,95
20150026110014-327,88
20150026110019-851,96
20150026120010-942,97
20150026120014-798,27
20150027070016-18,98
20150027080052-161,99
20150027100028-509,24
20150027100030-310,87
20150027100037-189,88
20150027110055-293,36
20150027120012-20,11
20150028030041-325,89
20150028030051-590,100
20150028040010-50,101
20150028050007-273,102
20150028060003-741,103
20150028060011-953,104
20150028060051-703,9
20150028100038-378,9
20150028120058-137,34
20150029020040-164,66
20150029030057-969,25
20150029080012-457,50
20150029090022-198,49
20150029110001-754,8
20150030030022-184,69
20150030050037-993,105
20150030050049-156,106
20150030060046-176,84
20150030070026-128,61
20150030080014-34,40
20150030090034-886,42
20150030090047-958,8
20150030100046-714,107
20150030120002-677,4
20150030120023-694,85
20150031010000-784,36
20150031030030-236,108
20150031040021-961,77
20150031050048-776,71
20150031060051-429,90
20150031070053-947,109
20150031100003-289,16
20150101010137-533,10
20150101020154-96,10
20150101030146-497,26
20150101040141-397,69
20150101050138-171,8
20150101060136-731,48
20150101110137-214,40
20150102010156-22,34
20150102020155-899,11
20150102080136-341,110
20150102080153-960,72
20150102100120-757,4
20150102120122-682,69
20150102120151-257,56
20150103020130-343,78
20150103030112-131,52
20150103040138-632,33
20150103070112-250,11
20150103070124-133,48
20150103100100-923,72
20150103100107-497,85
20150104020118-228,111
20150104030100-971,26
20150104030145-629,38
20150104040106-481,21
20150104050127-736,112
20150104050128-43,113
20150104060101-478,6
20150104090150-765,48
20150104100141-172,16
20150104120123-255,79
20150104120127-678,8
20150105010142-777,45
20150105020100-532,10
20150105040107-528,68
20150105040122-318,114
20150105040131-344,26
20150105040143-572,49
20150105040155-8,115
20150105060134-242,116
20150105060153-959,73
20150105060155-720,16
20150105070153-470,56
20150105080122-729,17
20150105080156-835,69
20150105090139-623,19
20150105120114-572,83
20150106030143-319,45
20150106040105-101,48
20150106080108-146,7
20150106080113-871,13
20150106120154-473,84
20150107030156-44,69
20150107050116-884,47
20150107060117-495,27
20150107070123-611,9
20150107100101-687,26
20150108040111-888,91
20150108040141-642,47
20150108050153-619,19
20150108060104-840,5
20150108060137-927,91
20150108070109-950,69
20150108080154-471,117
20150108090141-220,10
20150108090148-800,118
20150108100110-534,6
20150108100148-571,69
20150108120140-67,5
20150108120150-466,34
20150109020132-169,110
20150109020137-850,115
20150109020146-55,98
20150109040106-69,87
20150109060105-321,10
20150109060133-67,56
20150109070152-346,69
20150109090104-441,82
20150109100114-5,15
20150109120126-683,69
20150110010138-303,36
20150110020117-451,48
20150110030105-67,47
20150110030147-494,9
20150110040142-327,20
20150110050107-785,27
20150110050133-481,25
20150110050137-491,26
20150110060107-684,51
20150110090142-745,97
20150110100128-45,34
20150110120122-92,20
20150111030116-821,60
20150111070138-888,36
20150111080117-6,36
20150111090110-546,30
20150111090154-956,27
20150112010145-445,26
20150112050122-27,88
20150112050156-642,87
20150112060145-428,119
20150112080120-851,120
20150112080156-678,47
20150112090109-791,48
20150112110110-857,45
20150112110147-385,104
20150112120144-135,92
20150113020105-915,78
20150113030155-53,36
20150113030159-936,75
20150113120100-489,121
20150113120141-485,115
20150114010112-608,10
20150114010135-879,109
20150114030106-231,109
20150114060124-678,43
20150114070109-176,15
20150114110103-352,0
20150115010107-702,46
20150115010131-543,59
20150115020146-483,122
20150115030151-677,36
20150115040106-484,20
20150115050115-511,123
20150115060113-519,124
20150115080143-276,125
20150115080147-541,81
20150115090108-931,20
20150115090150-109,74
20150115100135-182,108
20150115110144-566,55
20150115120113-772,20
20150116020159-920,48
20150116050129-415,52
20150116060132-28,9
20150116070109-391,104
20150116100148-276,80
20150116110131-176,48
20150117010157-104,75
20150117050111-877,69
20150117050152-613,34
20150117060105-392,17
20150117070118-157,126
20150117100126-822,6
20150117110134-691,65
20150117120159-447,39
20150118010108-465,9
20150118010148-280,69
20150118040129-468,36
20150118040142-85,8
20150118100127-966,10
20150118110104-393,26
20150118110157-82,114
20150119010140-843,101
20150119050113-178,10
20150119060114-461,20
20150119070106-803,36
20150119070136-139,84
20150119090129-183,80
20150119100120-362,26
20150119100134-582,26
20150120010150-561,25
20150120020159-683,11
20150120070135-951,10
20150120080147-213,68
20150121010129-985,19
20150121010150-667,8
20150121020117-781,5
20150121030143-599,84
20150121040107-161,10
20150121050143-645,8
20150121060147-159,37
20150121070130-958,20
20150121100115-258,98
20150121120122-416,48
20150122020145-884,34
20150122030139-293,27
20150122050120-946,101
20150122050155-696,48
20150122060128-25,66
20150122060131-462,69
20150122060138-185,4
20150122060151-905,9
20150122060153-192,34
20150122090127-897,118
20150122090132-684,15
20150122100136-869,124
20150122100139-218,90
20150122110107-735,80
20150123020103-717,37
20150123030104-225,36
20150123030147-354,26
20150123040133-735,32
20150123040140-843,21
20150123040147-250,34
20150123070109-172,25
20150123100107-508,87
20150123100144-22,30
20150123110109-178,37
20150123120119-117,16
20150124030132-312,8
20150124040121-291,17
20150124040140-271,39
20150124040143-131,9
20150124040148-340,127
20150124050126-399,33
20150124060117-847,26
20150124060130-672,126
20150124080152-145,0
20150124090106-75,86
20150124090120-626,25
20150125040103-831,107
20150125080138-74,79
20150125110117-319,127
20150126050104-378,75
20150126050104-905,128
20150126090104-272,86
20150126090110-87,85
20150126100125-762,80
20150126110156-850,10
20150126120104-294,27
20150127010131-864,11
20150127030109-159,8
20150127030110-863,65
20150127030133-376,99
20150127050102-625,49
20150127090118-293,47
20150127090150-668,34
20150127110109-336,33
20150128020107-210,16
20150128020123-126,69
20150128050153-539,27
20150128070124-874,75
20150128080123-70,42
20150128120128-946,69
20150129040119-274,20
20150129050133-736,48
20150129060102-704,16
20150129070111-412,20
20150129070156-888,30
20150129090159-131,129
20150129120100-835,115
20150130010110-805,16
20150130010144-517,34
20150130020140-998,48
20150130030134-783,66
20150130080133-858,69
20150130120133-197,80
20150131120109-93,52
20150201020251-919,124
20150201030218-279,127
20150201030222-313,20
20150201030223-912,34
20150201030237-485,88
20150201040231-215,58
20150201040237-719,9
20150201060238-845,68
20150201070216-808,130
20150201080212-913,90
20150201080243-358,4
20150202030203-631,42
20150202040220-736,80
20150202100259-885,21
20150202120211-959,47
20150203060210-288,73
20150203060230-10,125
20150203060259-209,90
20150203070211-66,89
20150204010234-9,108
20150204020258-450,83
20150204040257-657,36
20150204070256-521,34
20150204080211-442,87
20150204080227-619,48
20150204100226-134,-1
20150204110202-249,89
20150204120203-524,10
20150205010257-226,72
20150205020259-789,104
20150205030232-909,115
20150205030244-387,69
20150205040226-2,112
20150205040249-209,8
20150205040259-818,9
20150205050206-416,27
20150205050211-113,115
20150205050224-69,34
20150205050251-251,57
20150205060243-479,4
20150205070257-697,6
20150205080233-879,20
20150205080250-857,83
20150205080253-978,8
20150205110228-447,4
20150205120211-387,10
20150206010230-163,48
20150206070250-791,7
20150206080209-247,88
20150206080212-82,91
20150206080226-163,5
20150206090205-388,48
20150206090210-251,26
20150206090224-936,10
20150206110209-450,22
20150206110226-989,78
20150207010252-949,34
20150207030221-800,80
20150207040215-112,69
20150207040220-935,69
20150207050247-410,0
20150207050259-178,131
20150207060250-229,16
20150207070201-863,69
20150207070236-872,63
20150207080240-722,37
20150207090207-597,8
20150207100218-368,115
20150207100246-511,6
20150207100251-836,55
20150207110213-868,132
20150207120223-773,125
20150208020258-125,46
20150208050254-21,133
20150208060247-95,128
20150208080245-958,36
20150208100221-140,65
20150208120236-553,26
20150209010259-697,114
20150209030207-239,30
20150209030226-601,48
20150209040222-611,69
20150209040256-114,8
20150209060217-820,50
20150209060231-540,100
20150209060231-719,33
20150209060238-306,58
20150209080253-791,128
20150209090220-14,69
20150210010202-458,16
20150210020219-563,78
20150210060208-458,16
20150210080230-653,69
20150210080252-159,16
20150210090226-728,42
20150210100228-734,124
20150210110251-325,9
20150211020216-596,26
20150211030246-951,67
20150211030247-915,48
20150211060212-247,48
20150211080249-753,49
20150211090217-8,26
20150211090239-980,8
20150211100232-929,26
20150211110249-463,45
20150212010257-58,27
20150212020201-712,27
20150212020230-583,36
20150212030241-721,39
20150212040259-674,85
20150212060245-559,16
20150213010207-861,36
20150213020216-787,134
20150213020242-370,26
20150213050220-905,5
20150213080245-239,96
20150213100239-978,126
20150213100243-108,16
20150213100244-187,55
20150213110259-700,8
20150213120204-866,48
20150213120238-644,10
20150214010242-372,20
20150214020239-72,85
20150214020240-113,59
20150214040259-301,20
20150214050243-579,36
20150214050259-776,52
20150214060215-80,87
20150214060220-382,16
20150214070205-409,75
20150214070227-209,9
20150214070255-757,119
20150214110221-163,48
20150214110230-668,97
20150215040246-830,68
20150215060213-419,6
20150215060225-774,57
20150215070210-159,79
20150215080233-547,69
20150215110234-930,66
20150216020236-229,34
20150216020249-396,27
20150216030218-144,126
20150216050250-845,26
20150216060224-299,10
20150216090217-343,34
20150216120249-701,36
20150217030209-500,122
20150217070227-343,75
20150217080254-664,130
20150217100259-352,13
20150217110211-163,10
20150218020205-444,40
20150218020235-744,61
20150218020245-27,10
20150218030208-54,27
20150218060201-241,105
20150218080215-880,25
20150218080228-384,34
20150218100235-723,10
20150218120204-473,36
20150218120246-220,60
20150219010247-476,27
20150219010259-607,62
20150219040226-843,4
20150219040245-828,10
20150219050239-130,115
20150219060208-152,9
20150219060212-464,8
20150219060243-351,92
20150219060245-412,41
20150219070245-275,16
20150219120223-913,78
20150220020224-864,9
20150220020253-931,116
20150220040211-856,11
20150220050217-238,26
20150220050250-759,26
20150220070230-806,57
20150220070255-321,36
20150220070258-78,109
20150220080208-953,15
20150220090207-4,69
20150220100257-488,68
20150220110204-775,26
20150220120207-682,30
20150221010241-26,17
20150221010248-121,26
20150221020226-361,86
20150221050207-983,8
20150221060206-207,58
20150221080230-251,10
20150221080233-162,90
20150221080255-974,5
20150221090256-672,95
20150222020245-78,70
20150222030253-528,9
20150222040240-339,26
20150222050203-651,26
20150222080201-647,10
20150222120224-908,59
20150222120240-889,9
20150223010214-102,69
20150223010227-152,27
20150223050200-237,55
20150223060208-554,47
20150223080232-126,80
20150223080236-476,109
20150223090243-726,60
20150223100216-408,80
20150223110226-578,17
20150223110259-667,13
20150224010207-397,12
20150224010232-820,8
20150224010242-67,6
20150224040209-825,26
20150224040213-439,8
20150224040251-670,58
20150224060210-730,118
20150224080200-493,16
20150224090221-347,16
20150224100248-221,6
20150225010255-927,9
20150225030241-455,69
20150225050220-518,26
20150225050254-301,27
20150225120206-4,109
20150225120233-156,16
20150226020240-312,34
20150226040200-707,57
20150226050215-572,68
20150226080201-708,89
20150226080250-347,61
20150226090206-282,51
20150226090228-180,60
20150227040216-933,9
20150227050213-13,38
20150227050249-620,34
20150227060225-629,130
20150227070202-589,84
20150227070212-936,86
20150227080211-917,20
20150227100257-879,44
20150227110259-695,8
20150228010235-447,118
20150228020203-565,32
20150228020218-410,48
20150228040218-159,4
20150228040220-734,16
20150228040258-293,10
20150228050229-132,27
20150228060237-734,89
20150228060241-909,20
20150228060253-886,34
20150228060258-280,36
20150228070255-830,48
20150228100230-407,34
20150228100235-385,97
20150228110224-816,11
20150229030257-163,20
20150229040200-535,9
20150229050210-638,50
20150229060250-368,42
20150229070248-397,30
20150229070254-204,25
20150229080229-708,135
20150229100210-587,114
20150229100219-140,10
20150229120212-565,106
20150229120229-56,65
20150230020208-895,9
20150230020229-743,36
20150230040228-217,16
20150230060218-649,34
20150230070206-829,107
20150230070214-548,122
20150230070254-178,69
20150230090247-751,34
20150230100237-163,136
20150230100245-923,0
20150230100247-423,137
20150230110228-138,34
20150230110247-212,118
20150231010230-879,115
20150231010233-845,79
20150231020234-357,48
20150231040206-408,8
20150231040229-915,20
20150231050204-372,95
20150231060233-191,5
20150231120236-701,57
20150301010358-741,69
20150301040348-691,9
20150301040355-981,84
20150301050357-768,94
20150301110359-991,10
20150302010308-139,48
20150302010312-760,109
20150302010318-216,26
20150302060320-142,116
20150302120354-207,11
20150303040325-976,118
20150303080344-262,57
20150303100300-303,48
20150303100335-568,24
20150303100343-74,9
20150303100354-126,88
20150303120312-233,137
20150304020342-804,69
20150304020354-357,100
20150304020357-184,86
20150304050334-811,36
20150304060314-79,37
20150304070342-20,12
20150304080318-31,58
20150304080333-22,59
20150304100320-326,27
20150304120307-360,41
20150304120353-11,34
20150304120355-104,48
20150305030327-986,63
20150305030356-98,67
20150305040318-34,92
20150305040319-117,41
20150305060300-527,50
20150305070304-542,10
20150305090320-516,6
20150305100328-487,41
20150305110318-934,67
20150306010334-471,20
20150306030356-503,52
20150306050305-235,46
20150306070307-320,27
20150306080327-887,47
20150306110354-15,36
20150307010338-210,93
20150307020308-823,77
20150307030320-55,115
20150307040337-388,16
20150307050341-35,79
20150307100357-262,72
20150307120319-340,51
20150308060316-51,34
20150308080350-359,91
20150308090350-385,38
20150308110311-631,34
20150308110346-628,108
20150308110350-292,43
20150309010312-403,10
20150309010348-628,4
20150309030327-506,-1
20150309050339-817,27
20150309080352-837,99
20150309100312-290,80
20150309110339-234,20
20150310030349-569,9
20150310040317-804,26
20150310050337-557,92
20150310060307-190,8
20150310080358-131,24
20150310110337-570,125
20150311010308-753,84
20150311020301-173,61
20150311040324-846,40
20150311040359-426,100
20150311070357-437,20
20150311090356-344,83
20150311100310-634,9
20150311110338-47,8
20150312020332-263,73
20150312030310-797,26
20150312030323-538,25
20150312050331-531,18
20150312070334-705,91
20150312070358-756,13
20150312090350-592,41
20150312110353-306,15
20150312110359-70,69
20150313020331-774,34
20150313020340-835,120
20150313050304-212,26
20150313070357-430,98
20150313080324-835,115
20150313090335-839,114
20150313100322-481,34
20150313110328-797,37
20150313120304-778,8
20150314010330-172,34
20150314020358-556,73
20150314050311-620,100
20150314060301-241,4
20150314100300-561,0
20150314110309-545,42
20150315020313-770,26
20150315030313-186,63
20150315030315-306,20
20150315040326-931,129
20150315040339-712,16
20150315040346-314,37
20150315060334-564,36
20150315070341-687,20
20150315070348-862,34
20150315100304-407,34
20150315110302-350,69
20150315110303-677,133
20150316010332-387,56
20150316010333-924,9
20150316030322-873,0
20150316030333-652,88
20150316060340-469,6
20150316090337-647,10
20150316120315-424,53
20150316120339-456,138
20150317010343-76,81
20150317020307-698,89
20150317050321-831,48
20150317050329-424,107
20150317060312-681,71
20150317070356-563,27
20150317100334-180,69
20150317100334-591,10
20150318010358-404,34
20150318020305-433,55
20150318040307-903,121
20150318040329-875,62
20150318040333-385,27
20150318050336-762,10
20150318090327-261,9
20150319020304-688,97
20150319030320-589,86
20150319040353-167,11
20150319060310-586,20
20150319090314-498,39
20150319090350-88,59
20150319100341-343,48
20150319120301-287,76
20150319120359-872,20
20150320010324-914,109
20150320020348-641,53
20150320030336-192,27
20150320030349-572,100
20150320040327-383,78
20150320050325-256,99
20150320110357-989,10
20150320120345-328,69
20150321010307-127,88
20150321010322-471,65
20150321040305-564,10
20150321060348-225,62
20150321080317-281,11
20150321080345-584,78
20150321090310-782,20
20150321100345-935,34
20150321120327-684,139
20150322020344-232,39
20150322060343-331,100
20150322080300-861,-1
20150322080331-384,88
20150322080359-496,63
20150322090352-662,140
20150322100332-892,141
20150322110349-365,58
20150323010316-495,132
20150323020331-139,48
20150323030348-749,30
20150323040301-184,66
20150323050310-883,101
20150323050332-513,40
20150323050354-727,132
20150323060306-955,137
20150323070338-324,34
20150323090352-23,64
20150323120317-848,49
20150324030322-373,27
20150324060332-594,33
20150324080316-784,32
20150325010306-666,101
20150325010321-329,51
20150325010332-715,69
20150325020345-881,73
20150325020355-94,34
20150325030320-992,31
20150325060300-912,91
20150325060313-681,8
20150325090305-573,16
20150325090326-748,34
20150326040316-459,124
20150326050302-149,1
20150326070301-296,8
20150326080304-403,69
20150326090318-883,72
20150326090329-717,67
20150326110308-543,80
20150326110316-836,34
20150326110322-354,7
20150326120302-265,133
20150326120337-794,8
20150327030331-456,91
20150327030347-941,64
20150327050342-760,21
20150327100356-183,50
20150327120333-393,20
20150328040327-867,36
20150328050342-266,48
20150328060313-318,88
20150328060314-923,82
20150328070321-554,12
20150328070334-74,51
20150328070355-178,16
20150328070359-611,118
20150328090306-30,17
20150328090330-172,24
20150329010321-683,87
20150329010340-772,118
20150329020331-802,80
20150329020335-284,63
20150329030344-472,94
20150329030356-86,32
20150329060327-985,10
20150329070326-185,16
20150329080354-90,30
20150329090301-42,16
20150329090321-197,10
20150329090328-682,34
20150329090346-314,20
20150329100312-987,27
20150329110309-665,16
20150329120353-101,48
20150330010358-933,8
20150330040351-563,57
20150330050315-215,84
20150330060312-987,11
20150330070352-212,83
20150330080312-693,9
20150330080320-3,10
20150330090357-596,66
20150330100336-92,10
20150330100344-165,120
20150330100356-309,16
20150330120309-603,8
20150330120358-817,48
20150331030328-660,69
20150331040308-415,69
20150331040348-209,48
20150331070301-665,142
20150331070335-866,67
20150331080305-385,137
20150331090309-424,42
20150401060413-629,34
20150401060447-851,48
20150401070439-330,80
20150401070447-6,16
20150401080435-346,137
20150401110401-786,72
20150401110417-611,97
20150401120409-216,10
20150402050412-14,26
20150402060453-735,20
20150402100411-423,30
20150402120425-392,13
20150403020416-490,15
20150403060423-562,67
20150403070446-252,16
20150403100428-88,36
20150403100431-843,36
20150403120405-547,129
20150403120428-179,124
20150404010414-57,118
20150404030444-324,48
20150404040434-742,103
20150404040455-117,89
20150404050454-793,85
20150404060428-696,26
20150404070434-936,48
20150404090455-709,34
20150404100414-811,27
20150404120407-76,11
20150404120427-5,122
20150405010405-973,15
20150405010407-140,143
20150405010436-416,36
20150405040445-909,90
20150405080425-970,100
20150405090426-651,87
20150405100402-510,123
20150405120404-360,33
20150406010414-133,144
20150406010443-576,98
20150406040417-783,115
20150406060403-384,26
20150406070417-93,34
20150406080422-756,145
20150406100420-954,10
20150406100439-485,83
20150406120417-939,30
20150406120427-726,22
20150406120449-237,55
20150407010435-360,34
20150407010449-292,146
20150407050402-325,106
20150407050404-905,16
20150407080402-311,48
20150407090456-983,22
20150408020442-543,136
20150408040443-205,109
20150408060446-398,1
20150408060458-999,104
20150408080406-657,80
20150408090423-286,122
20150408090432-622,133
20150408120450-64,52
20150409020430-421,34
20150409030409-552,41
20150409040452-282,69
20150409050412-493,13
20150409070446-883,73
20150409090411-319,88
20150409100421-849,73
20150409100452-47,140
20150410030412-386,50
20150410050413-811,71
20150410050429-88,40
20150410060447-348,8
20150410080439-253,4
20150410080447-108,36
20150410110411-548,49
20150411020405-25,21
20150411020420-325,36
20150411030436-801,27
20150411050404-471,82
20150411050432-27,67
20150411070401-185,147
20150411080422-295,34
20150411110416-472,59
20150411110416-875,11
20150411110428-447,6
20150411120416-183,87
20150411120449-453,101
20150412010421-959,131
20150412010432-32,85
20150412020410-578,36
20150412040445-834,20
20150412060407-898,36
20150412060433-809,36
20150412070432-974,27
20150412070442-715,130
20150412090424-439,13
20150412120454-71,41
20150413010441-864,147
20150413010454-578,47
20150413020432-24,38
20150413030425-582,20
20150413050412-329,39
20150413050443-129,126
20150413080423-537,25
20150413100433-129,85
20150413100443-728,45
20150413110402-150,130
20150413120415-597,145
20150414030411-239,0
20150414050436-933,64
20150414060406-461,122
20150414070450-156,34
20150414070459-536,5
20150414110443-27,16
20150414120431-742,49
20150415010456-94,16
20150415020401-312,36
20150415020406-610,114
20150415030438-398,34
20150415030456-512,147
20150415070401-918,30
20150415080437-148,8
20150415080451-47,27
20150415090454-392,81
20150415100416-794,26
20150415110400-588,20
20150415110415-762,109
20150416030444-791,148
20150416040441-902,111
20150416040445-103,63
20150416110405-287,57
20150416110451-163,34
20150417010429-819,36
20150417010430-97,6
20150417020429-813,94
20150417060422-422,6
20150417070431-372,49
20150417100406-907,117
20150417110423-983,10
20150417110455-279,13
20150418010427-449,26
20150418010436-994,26
20150418030419-69,126
20150418040454-388,64
20150418050406-878,59
20150418070414-573,107
20150418080448-539,10
20150418120408-87,0
20150418120456-58,80
20150419010438-909,35
20150419020408-913,10
20150419040419-734,25
20150419050423-187,57
20150419060418-689,53
20150419070416-758,26
20150419070451-672,9
20150419080401-283,10
20150419080402-813,20
20150419080423-232,59
20150419080453-269,94
20150419090434-489,88
20150419110400-987,74
20150419110442-824,40
20150419110458-665,47
20150419120407-235,41
20150419120451-709,27
20150420010418-650,135
20150420010441-514,27
20150420070433-947,21
20150420080400-256,73
20150420090410-374,30
20150420090412-587,10
20150420090434-499,149
20150420100412-238,58
20150420100416-232,49
20150420110453-920,9
20150420110457-500,80
20150420120432-763,73
20150421010447-348,150
20150421010452-980,42
20150421020414-228,20
20150421050436-46,34
20150421060449-866,114
20150421090407-354,47
20150421090419-711,10
20150421110433-330,8
20150422010448-761,41
20150422030453-632,48
20150422040421-938,33
20150422050455-713,16
20150422080420-314,143
20150422120425-418,69
20150423010420-731,137
20150423020418-599,83
20150423040436-953,133
20150423050415-924,64
20150423070439-456,10
20150423120438-44,26
20150424020445-861,148
20150424030442-413,43
20150424080446-635,10
20150424110417-813,26
20150425010441-992,27
20150425010453-132,77
20150425010456-10,1
20150425010459-670,51
20150425040422-897,47
20150425050434-33,149
20150425060412-481,95
20150425060421-321,34
20150425100459-884,16
20150425120425-24,82
20150425120457-276,96
20150426010442-203,72
20150426010444-611,47
20150426070452-144,67
20150426100413-9,4
20150426100437-616,20
20150426110459-600,115
20150426120423-659,50
20150427020405-588,36
20150427020450-544,59
20150427050456-122,95
20150427060448-246,57
20150427070435-716,20
20150427120413-435,86
20150428020445-289,10
20150428030425-959,15
20150428040403-807,71
20150428070409-96,27
20150428080425-76,8
20150428100455-337,10
20150428120447-819,86
20150429010400-59,83
20150429020421-767,48
20150429040409-724,20
20150429040424-153,78
20150429050401-796,59
20150429050432-698,22
20150429060402-397,104
20150429070447-330,34
20150429080442-199,104
20150429080444-356,80
20150429100402-347,72
20150429100422-921,10
20150430020414-999,21
20150430050401-73,69
20150430050447-600,52
20150430060412-984,48
20150430090433-512,122
20150430100459-528,83
20150430110428-833,125
20150430120449-822,49
20150431010443-726,42
20150431030458-145,130
20150431040401-511,20
20150431070451-890,20
20150431080417-292,26
20150431110424-91,27
20150431110433-92,48
20150501010554-108,58
20150501030502-599,60
20150501060550-176,89
20150501070559-328,43
20150501090516-171,109
20150501120503-93,62
20150502040512-565,34
20150502050519-627,8
20150502060559-716,51
20150502090506-446,6
20150502090541-904,10
20150502120505-706,26
20150502120548-840,101
20150502120549-28,73
20150503010544-585,27
20150503020544-302,4
20150503030532-116,0
20150503040507-176,112
20150503040553-197,125
20150503070532-763,142
20150503080511-131,110
20150503080515-72,34
20150503080543-310,55
20150504020535-36,118
20150504060507-474,10
20150504100514-686,16
20150505020522-625,111
20150505040548-438,118
20150505050508-318,34
20150505050511-527,16
20150505050532-899,34
20150505080542-405,13
20150505110546-631,13
20150506020503-809,0
20150506040523-403,131
20150506060512-399,74
20150506070508-105,99
20150506080545-327,30
20150506080548-948,104
20150506090520-357,48
20150506100506-291,16
20150506120555-983,69
20150507030543-185,34
20150507060531-534,112
20150507080506-385,71
20150507110537-529,41
20150507120515-146,16
20150507120531-544,101
20150508020500-623,34
20150508030553-514,87
20150508040515-409,52
20150508050523-569,1
20150508080524-76,136
20150508100507-109,36
20150508110558-558,86
20150509010532-472,8
20150509010550-822,51
20150509020518-337,8
20150509020534-212,48
20150509020558-681,65
20150509030516-354,9
20150509030549-76,21
20150509040535-12,46
20150509050552-677,76
20150509050558-745,16
20150509060504-688,34
20150509080553-391,39
20150509100557-76,9
20150509110512-403,41
20150509110512-433,53
20150509110550-759,44
20150510020549-282,89
20150510020551-789,95
20150510040554-767,122
20150510050547-65,83
20150510070529-448,38
20150510080559-525,36
20150510110532-536,122
20150510120529-445,44
20150511020522-862,9
20150511060536-527,34
20150511080548-765,51
20150511080559-981,48
20150511090509-927,27
20150511100515-278,132
20150511120517-230,48
20150511120521-523,48
20150512030550-212,125
20150512040536-561,27
20150512050526-696,26
20150512110539-725,130
20150513010513-305,85
20150513030530-407,74
20150513040505-528,22
20150513050545-772,20
20150513060520-897,16
20150513060545-668,131
20150513120538-827,20
20150513120548-43,17
20150513120558-145,10
20150514010523-466,59
20150514030504-57,16
20150514030514-420,54
20150514030540-780,50
20150514050503-4,87
20150514060535-722,52
20150514090505-484,123
20150514090518-434,90
20150514090525-937,72
20150514090542-943,128
20150514100502-324,27
20150514100544-988,59
20150514120512-102,57
20150515020535-533,59
20150515060533-667,52
20150515110505-92,41
20150515110551-961,126
20150516020525-348,16
20150516020543-403,20
20150516030553-224,129
20150516040540-372,39
20150516050501-365,91
20150516050544-785,69
20150516050556-38,48
20150516060520-936,86
20150516080500-163,101
20150516080508-437,26
20150516080558-555,19
20150516100504-950,68
20150516120527-450,131
20150517010500-796,112
20150517010521-33,59
20150517030511-573,10
20150517050533-767,72
20150517070513-182,36
20150517080508-420,45
20150517080528-116,122
20150517090518-811,1
20150517090533-187,91
20150517100545-515,41
20150517110524-251,17
20150518020501-460,82
20150518020503-955,104
20150518020552-26,126
20150518040539-572,56
20150518050552-865,118
20150518060503-716,10
20150518080515-636,90
20150518090500-717,142
20150518090550-442,30
20150518110556-202,6
20150519040533-38,108
20150519040546-259,27
20150519060541-169,8
20150519070542-838,26
20150519090509-917,145
20150519100522-649,20
20150519110532-708,27
20150520020537-289,27
20150520080545-66,36
20150520110527-191,37
20150520110547-544,8
20150521030514-954,16
20150521040525-743,11
20150521060530-684,69
20150521080512-320,34
20150521080528-185,89
20150521080539-229,136
20150521090524-397,116
20150521100530-952,87
20150521100557-811,94
20150521110550-615,20
20150521120539-683,69
20150521120547-745,114
20150522030505-641,15
20150522030529-2,26
20150522030548-312,117
20150522040535-3,88
20150522070511-727,69
20150522090515-161,69
20150522090548-230,48
20150522100502-509,47
20150522120513-24,4
20150523010518-241,54
20150523030511-17,22
20150523060517-30,121
20150523100525-299,9
20150524010519-501,75
20150524030519-692,57
20150524030524-723,85
20150524040536-313,59
20150524050528-188,10
20150524070551-557,8
20150524090542-953,10
20150524100507-675,36
20150524110507-879,92
20150525010509-991,68
20150525020532-409,92
20150525030507-605,132
20150525040549-978,10
20150525050525-344,60
20150525050544-558,15
20150525060539-803,16
20150525070539-663,10
20150525080519-500,36
20150526010529-890,69
20150526010540-67,36
20150526030551-527,48
20150526060526-540,151
20150526080511-345,117
20150526080553-806,82
20150526090547-123,18
20150526100533-751,8
20150526110553-791,91
20150527020511-685,6
20150527020518-737,118
20150527040505-790,68
20150527050515-636,37
20150527060511-527,16
20150527100509-549,77
20150527100553-66,98
20150527100558-552,8
20150527110537-183,9
20150528040542-928,104
20150528050509-904,26
20150528080517-604,0
20150528090539-210,87
20150528100549-495,85
20150529010519-318,57
20150529110523-979,80
20150529120529-590,116
20150530010557-479,26
20150530010559-140,151
20150530020556-90,72
20150530040503-385,16
20150530040554-707,41
20150530050517-537,130
20150530080559-914,21
20150530090552-221,18
20150530110520-639,109
20150530120534-695,16
20150530120541-89,58
20150531030537-639,64
20150601040632-151,6
20150601060609-840,10
20150601060650-649,36
20150601070655-151,15
20150601080637-769,92
20150601090643-255,6
20150601110652-384,59
20150602010649-97,48
20150602030620-961,10
20150602050643-221,30
20150602070645-93,126
20150602070649-231,34
20150602080621-653,47
20150602100630-679,48
20150602100642-559,27
20150603020600-648,152
20150603060632-383,72
20150603090606-203,10
20150603090607-458,26
20150603090639-155,113
20150603100608-37,72
20150603110610-612,69
20150603110611-545,36
20150603110619-327,90
20150603120637-228,20
20150604010643-971,50
20150604030648-583,121
20150604030657-249,9
20150604040619-38,104
20150604070622-992,107
20150604080640-490,44
20150605040618-478,105
20150605040637-329,36
20150605040659-922,69
20150605070642-510,68
20150605080621-713,114
20150605080626-486,10
20150605080637-239,48
20150605090601-376,115
20150605090617-10,116
20150605090619-525,125
20150605090648-40,59
20150605090654-331,26
20150605120608-125,73
20150606010609-786,45
20150606010612-100,47
20150606030602-262,57
20150606030611-107,88
20150606050612-794,69
20150606050653-525,11
20150606090640-663,19
20150606090649-896,12
20150606110611-539,117
20150607010649-553,122
20150607030612-158,124
20150607030629-240,24
20150607030644-318,120
20150607040622-582,26
20150607040626-348,12
20150607050608-159,108
20150607100623-566,6
20150608020615-373,153
20150608020653-576,59
20150608040651-249,133
20150608090629-720,74
20150608120622-394,9
20150608120632-318,16
20150608120637-956,48
20150609010619-14,8
20150609020654-723,48
20150609030606-244,0
20150609040601-951,34
20150609040634-892,48
20150609050606-751,20
20150609050629-558,41
20150609050637-33,36
20150609060600-167,39
20150609070626-683,69
20150610040636-776,66
20150610040641-716,26
20150610080607-654,48
20150610080607-677,85
20150610120636-389,41
20150611010649-460,10
20150611020620-822,6
20150611030606-430,27
20150611040604-12,36
20150611040639-499,48
20150611050645-707,27
20150611070625-87,48
20150611080617-682,26
20150611080633-723,36
20150611100636-247,82
20150611110616-649,36
20150612020631-291,27
20150612030609-600,36
20150612040643-903,113
20150612070653-348,52
20150612080632-864,20
20150612090614-805,46
20150612120651-215,72
20150613010619-88,100
20150613020647-968,8
20150613050607-419,26
20150613060630-368,11
20150613070601-595,83
20150613070629-561,67
20150613110621-217,90
20150613120634-302,107
20150614060634-481,27
20150614070623-488,8
20150614090643-855,34
20150614090651-645,9
20150614110611-249,16
20150614110618-981,65
20150614110632-795,33
20150614120640-492,151
20150615050655-209,115
20150615070645-876,132
20150615080639-90,36
20150615090601-623,120
20150615110657-243,69
20150616010629-916,22
20150616020625-232,4
20150616060652-850,88
20150616070600-982,51
20150616070612-761,72
20150616110614-272,66
20150616110620-574,137
20150616120616-647,101
20150616120628-268,45
20150617020614-57,69
20150617020653-175,148
20150617050619-294,16
20150617050656-64,16
20150617070624-744,16
20150617090658-734,93
20150617100636-148,84
20150617110631-315,20
20150618050611-599,24
20150618070642-761,55
20150618080605-776,46
20150618110625-63,154
20150618120604-417,69
20150619040651-207,126
20150619050617-947,69
20150619050622-891,88
20150619060603-933,73
20150619070601-944,85
20150619080643-944,48
20150619090638-731,15
20150619110604-788,72
20150620020649-980,108
20150620030629-901,33
20150620030643-457,25
20150620050621-275,34
20150620070638-960,39
20150620090611-379,10
20150620120634-136,10
20150621010621-936,69
20150621010643-875,65
20150621040623-288,27
20150621060618-266,37
20150621070647-455,26
20150621090620-651,129
20150621120624-302,69
20150621120657-579,69
20150622030626-334,5
20150622030637-276,21
20150622050634-617,25
20150622060644-784,69
20150622090641-231,151
20150622120632-733,47
20150622120641-769,118
20150623020631-91,106
20150623020640-155,5
20150623050614-210,34
20150623060616-357,9
20150623100627-640,20
20150623100636-684,48
20150623110625-496,32
20150624030614-941,74
20150624050603-927,115
20150624060606-582,47
20150624080630-565,61
20150624080649-350,36
20150624080656-470,37
20150624120647-627,41
20150625010640-723,7
20150625030645-715,8
20150625030655-107,42
20150625040628-192,114
20150625040649-416,69
20150625050640-406,8
20150625050651-939,69
20150625070608-126,30
20150625070630-807,34
20150625080634-901,20
20150625090635-281,20
20150625120621-432,69
20150625120639-372,0
20150626020646-441,48
20150626030633-737,26
20150626050602-930,9
20150626050635-614,118
20150626050654-920,10
20150626070610-771,80
20150626080624-430,34
20150626100609-1,16
20150626100618-442,61
20150626100642-172,16
20150626110605-541,46
20150626110618-930,27
20150626120628-726,79
20150626120643-518,112
20150627070602-460,5
20150627070604-127,26
20150627070615-916,48
20150627080650-806,51
20150627100623-876,20
20150627100641-287,109
20150627110636-691,90
20150628010613-142,13
20150628010656-511,17
20150628020602-813,69
20150628020649-167,10
20150628020653-964,86
20150628040625-94,9
20150628060613-79,93
20150628100621-273,26
20150628100625-400,20
20150628120615-416,9
20150629060651-484,11
20150629060651-645,133
20150629070605-595,69
20150629090627-62,123
20150630010654-790,10
20150630020625-936,48
20150630040654-44,69
20150630050613-163,118
20150630050659-891,26
20150630060606-969,104
20150630070630-393,136
20150630080609-634,54
20150630080657-414,34
20150630090638-875,27
20150630110633-414,129
20150630120651-844,9
20150630120655-755,48
20150631010647-184,123
20150631050638-897,87
20150631080629-406,8
20150631090611-983,69
20150631110613-672,67
20150631110616-558,85
20150701010755-627,39
20150701020723-76,142
20150701040708-313,72
20150701040743-488,8
20150701060721-840,109
20150701060741-737,26
20150701070722-706,46
20150701070729-336,5
20150701080732-301,25
20150701080753-524,69
20150702010703-5,69
20150702020734-303,108
20150702020750-193,112
20150702040704-305,99
20150702040744-309,17
20150702050722-52,33
20150702050722-689,136
20150702060711-874,27
20150702080703-888,34
20150702100703-979,9
20150702100724-988,4
20150703030736-636,41
20150703080734-840,59
20150703100720-218,7
20150703110718-68,83
20150703110736-237,5
20150704010709-745,27
20150704010749-266,57
20150704020738-670,5
20150704050743-697,132
20150704060747-94,27
20150704090726-900,20
20150704100721-493,22
20150704110737-327,15
20150704120725-943,146
20150705010758-123,54
20150705020730-688,10
20150705040715-207,10
20150705040736-424,27
20150705050702-651,80
20150706030713-770,36
20150706060726-989,8
20150706060731-616,8
20150706080728-516,124
20150706120735-422,155
20150707010720-308,16
20150707020749-480,13
20150707040715-238,88
20150707050739-597,63
20150707060746-607,114
20150707090744-193,78
20150708010747-474,16
20150708010750-395,36
20150708030724-124,0
20150708030735-179,46
20150708040737-542,69
20150708050709-322,27
20150708090712-967,13
20150708090716-145,16
20150708100721-172,90
20150708120746-78,74
20150709030753-123,3
20150709070749-903,85
20150709100754-675,36
20150709120708-806,133
20150710010709-698,67
20150710010716-189,24
20150710010736-777,32
20150710060749-607,26
20150710110703-581,146
20150710110737-521,58
20150710120752-5,149
20150711020710-628,98
20150711020755-31,6
20150711050706-571,48
20150711060713-327,95
20150711080709-92,27
20150711100726-153,16
20150712030716-264,48
20150712060714-467,42
20150712060751-581,44
20150712070713-541,119
20150712070717-383,86
20150712070719-741,25
20150712090732-344,69
20150712110758-964,20
20150713020758-120,50
20150713070728-480,48
20150713090739-797,70
20150713100753-416,122
20150713110726-288,114
20150714050700-78,48
20150714060734-528,101
20150714070731-335,10
20150714080747-236,57
20150714090704-767,26
20150714090715-693,49
20150715010737-325,59
20150715060701-150,10
20150715060721-327,26
20150715080748-563,27
20150715080758-568,69
20150715090713-496,48
20150715100705-414,88
20150716030727-619,27
20150716030750-947,71
20150716060726-594,136
20150716070708-629,9
20150716080715-573,20
20150716100718-333,6
20150716110710-957,71
20150716110734-865,26
20150716120707-60,41
20150716120723-749,98
20150717010754-625,26
20150717020709-853,20
20150717030756-157,115
20150717040709-500,4
20150717050734-803,133
20150717060746-729,125
20150717070703-885,36
20150717110728-930,48
20150717120715-637,26
20150718020708-249,18
20150718060719-224,34
20150718070713-814,16
20150718100716-825,3
20150718110706-765,48
20150718110745-403,34
20150718120727-606,48
20150718120741-816,71
20150719010726-439,96
20150719050709-626,98
20150719050720-439,4
20150719050740-812,109
20150719120727-862,10
20150719120749-370,61
20150720050711-732,10
20150720070721-359,69
20150720100717-213,93
20150720100758-108,66
20150720110747-627,40
20150721010748-517,5
20150721020702-104,36
20150721040749-166,84
20150721050723-70,125
20150721050735-636,6
20150721060738-220,52
20150721070717-32,36
20150721100700-126,90
20150721110707-591,10
20150721120706-688,48
20150722010711-769,69
20150722010749-2,113
20150722040729-834,56
20150722040736-505,25
20150722060726-651,57
20150722090710-384,156
20150722090733-194,130
20150722090744-571,36
20150722100718-323,34
20150722100759-856,15
20150722110714-462,18
20150722110719-792,55
20150722110730-245,83
20150722110746-805,34
20150723020750-194,16
20150723020752-755,69
20150723030707-46,55
20150723030737-792,34
20150723030749-303,48
20150723040705-993,48
20150723040751-516,144
20150723050737-232,16
20150723050745-341,87
20150723060738-370,16
20150723060758-760,99
20150723070741-205,90
20150723090724-2,123
20150723100709-7,48
20150723110714-736,27
20150723120718-938,32
20150724010736-623,54
20150724010756-126,43
20150724020753-165,9
20150724040701-562,135
20150724050754-246,26
20150724060708-783,133
20150724070715-550,80
20150724110725-338,112
20150724120712-867,76
20150724120724-140,71
20150725010752-511,30
20150725030704-918,20
20150725030751-337,131
20150725040701-369,15
20150725050713-680,10
20150725070707-92,7
20150725070710-928,9
20150725070715-904,26
20150725090704-173,69
20150725090731-539,146
20150725090749-801,8
20150726030718-420,115
20150726040708-63,9
20150726040724-526,24
20150726040734-978,10
20150726040744-994,92
20150726110704-418,92
20150726110738-643,21
20150726110745-712,20
20150726110746-402,48
20150726120703-149,46
20150727010727-355,146
20150727030712-39,8
20150727030747-610,10
20150727040750-332,135
20150727060728-239,11
20150727070700-6,11
20150727070704-192,16
20150727070716-50,82
20150727070729-782,134
20150727090731-933,20
20150727100744-582,26
20150727120725-643,118
20150727120737-425,48
20150728020733-878,20
20150728020756-477,48
20150728030708-412,13
20150728030708-510,27
20150728060701-371,8
20150728060709-594,36
20150728080743-392,112
20150728090724-582,39
20150728110728-194,8
20150728120701-799,1
20150729040710-561,69
20150729050717-99,36
20150729080703-389,84
20150729110716-839,143
20150729120752-754,124
20150730030734-264,122
20150730040705-133,17
20150730040715-317,27
20150730060700-354,34
20150730070718-674,51
20150730080701-11,88
20150730080728-292,88
20150730090701-127,15
20150730090704-697,20
20150730090712-771,36
20150730100725-834,10
20150731010755-264,69
20150731020756-741,26
20150731030706-870,20
20150731030748-502,9
20150731090718-928,36
20150731090735-400,125
20150731120739-57,88
20150801010844-756,34
20150801020830-440,101
20150801020850-865,146
20150801020851-728,8
20150801030815-386,18
20150801050802-446,30
20150801100806-862,6
20150801100813-808,88
20150801120817-560,8
20150801120848-517,72
20150801120859-136,49
20150802010858-812,40
20150802020839-300,10
20150802030830-611,5
20150802040832-510,57
20150802060812-197,80
20150802090803-274,107
20150802090811-979,50
20150802090823-595,78
20150802090831-105,36
20150802090839-792,10
20150802090855-889,116
20150802110852-346,10
20150803030838-612,45
20150803050825-767,8
20150803050829-770,9
20150803060815-535,136
20150803060828-975,100
20150804030847-490,79
20150804040846-173,39
20150804060809-962,36
20150804070850-234,36
20150804090809-57,54
20150804100804-119,47
20150804100832-464,36
20150804110814-745,27
20150805010805-339,113
20150805020849-559,74
20150805040827-754,54
20150805040854-754,16
20150805050824-181,8
20150805050852-127,42
20150805070819-136,95
20150805070853-118,11
20150805100804-800,42
20150806030828-47,36
20150806030837-471,88
20150806040856-166,4
20150806040859-207,56
20150806050829-624,8
20150806060853-66,1
20150806080818-642,52
20150806090805-946,82
20150806110818-449,122
20150806110838-706,73
20150807030856-626,121
20150807050820-790,67
20150807060806-318,26
20150807080814-971,73
20150807080837-538,10
20150807090832-325,74
20150807120804-821,8
20150807120858-786,43
20150808010856-926,86
20150808020805-83,53
20150808020814-774,16
20150808020824-931,127
20150808020840-877,115
20150808030815-401,80
20150808040805-585,36
20150808040851-925,8
20150808070835-600,157
20150808090842-727,7
20150808100805-344,148
20150808120839-918,8
20150809010801-971,124
20150809010842-230,63
20150809020810-28,85
20150809030847-891,45
20150809060853-307,73
20150810010834-148,72
20150810030855-554,16
20150810060851-257,78
20150810080815-587,90
20150810090808-3,68
20150811030803-385,79
20150811030814-454,15
20150811030849-496,26
20150811040856-957,20
20150811050843-334,13
20150811050851-143,66
20150811060806-982,157
20150811080802-300,59
20150811090806-928,117
20150812050800-581,79
20150812050828-793,66
20150812080812-808,20
20150812090805-372,36
20150813020818-891,9
20150813020820-894,11
20150813020857-177,27
20150813030831-751,26
20150813060851-608,41
20150813070817-302,16
20150813100848-322,86
20150814020832-421,26
20150814050807-728,91
20150814080812-436,71
20150814110834-737,10
20150815030845-920,10
20150815030847-272,26
20150815040821-280,30
20150815060820-3,16
20150815060824-848,40
20150815100834-958,47
20150815100857-72,126
20150815110828-844,13
20150815120847-511,13
20150816010812-725,51
20150816030843-219,16
20150816050832-772,134
20150816050850-701,115
20150816060819-162,116
20150816060823-385,118
20150816060849-742,126
20150816100836-628,34
20150816110804-299,30
20150816110838-790,90
20150816110851-751,85
20150817020835-13,137
20150817020855-736,73
20150817040808-175,20
20150817040833-849,61
20150817060829-199,27
20150817070821-454,13
20150817090808-166,20
20150817100809-138,135
20150817120835-419,6
20150818010852-458,136
20150818040820-756,8
20150818040832-50,128
20150818050817-70,80
20150818050836-609,133
20150818060847-607,40
20150818100801-621,95
20150818120801-625,131
20150818120815-803,4
20150818120859-855,125
20150819010811-13,128
20150819010826-76,157
20150819030817-765,10
20150819030822-252,115
20150819050854-35,21
20150819070830-159,131
20150819080837-735,26
20150819090853-276,26
20150819110841-229,90
20150820030842-112,157
20150820040859-305,26
20150820050822-892,47
20150820070819-746,123
20150820080854-186,5
20150820090811-228,103
20150820090832-399,17
20150820090851-701,74
20150820100831-92,85
20150821010804-707,98
20150821010853-587,26
20150821020810-335,85
20150821020813-545,157
20150821040834-905,157
20150821050811-489,20
20150821050856-843,16
20150821060817-510,151
20150821090833-507,158
20150821090834-726,114
20150821090838-129,51
20150821100818-35,8
20150821110829-588,34
20150821110852-676,60
20150821120804-638,58
20150822040817-521,73
20150822040848-819,126
20150822040855-574,8
20150822050829-375,10
20150822080830-143,101
20150822090837-736,67
20150822100824-378,64
20150822100826-928,126
20150822100851-40,8
20150823010813-63,125
20150823040809-813,6
20150823060803-803,39
20150823070821-824,51
20150823070853-369,8
20150823080808-694,69
20150823100828-850,122
20150824010854-116,20
20150824070810-674,36
20150824070825-886,129
20150824080836-872,16
20150825030839-259,36
20150825030844-63,120
20150825040833-548,80
20150825040838-487,65
20150825050807-78,25
20150825070806-434,8
20150825070821-784,30
20150825070824-77,16
20150825090829-811,61
20150825090834-357,34
20150825110803-773,90
20150825110832-749,100
20150825110845-74,86
20150825120831-381,112
20150825120854-277,9
20150826010800-879,30
20150826010827-89,156
20150826020806-485,15
20150826020807-226,83
20150826030836-996,11
20150826030840-144,40
20150826090800-994,10
20150826100844-912,126
20150826100847-715,9
20150826110843-267,93
20150826120853-752,16
20150827020823-652,123
20150827040838-939,157
20150827060823-4,152
20150827060825-381,9
20150827060827-565,45
20150827070822-694,88
20150827070831-208,62
20150827070855-530,67
20150827080828-75,149
20150827080852-566,16
20150827090844-212,69
20150827100837-497,26
20150827110825-762,34
20150827110836-488,91
20150827120843-66,101
20150828010853-636,15
20150828030855-952,36
20150828050833-517,90
20150828060817-577,39
20150828060845-403,6
20150828080839-667,69
20150828090804-178,41
20150828090834-36,50
20150828090847-178,33
20150828120829-407,9
20150828120844-852,11
20150829010844-997,157
20150829030847-333,69
20150829050830-287,33
20150829070856-319,65
20150829080813-483,87
20150829080825-567,135
20150829100839-801,58
20150829110818-565,24
20150829110834-62,10
20150829110854-562,32
20150830020835-915,10
20150830030802-631,1
20150830030855-79,73
20150830040854-938,9
20150830070801-930,41
20150830090823-240,95
20150830110800-847,66
20150830110807-384,74
20150830110826-381,143
20150830110835-117,8
20150831010810-141,134
20150831010842-156,34
20150831020803-228,45
20150831020845-212,20
20150831030801-105,91
20150831030831-641,16
20150831060842-916,57
20150831070819-751,20
20150831100850-963,42
20150831110802-88,56
20150901010946-94,0
20150901020935-968,86
20150901040932-288,87
20150901060931-375,11
20150901080955-679,92
20150901120957-839,92
20150902020958-522,26
20150902040934-793,16
20150902060920-793,79
20150902110946-207,79
20150902120906-170,63
20150902120948-733,67
20150903020912-138,85
20150903020928-497,27
20150903020949-595,124
20150903040923-931,126
20150903050915-821,15
20150903080915-957,16
20150903080951-785,92
20150903090936-932,129
20150903090957-551,84
20150903100903-596,131
20150903100923-178,20
20150904010934-248,8
20150904030958-830,80
20150904040954-217,34
20150904050940-373,157
20150904060937-392,17
20150904060946-997,12
20150904080934-336,34
20150904090957-319,118
20150904100901-193,47
20150904100954-304,36
20150904110914-670,91
20150904110945-706,11
20150905010927-978,88
20150905010959-275,10
20150905040910-240,5
20150905070939-279,92
20150905090932-101,57
20150906030915-616,136
20150906070942-786,49
20150906080913-994,66
20150906100956-227,36
20150906120940-115,74
20150906120952-835,88
20150907040913-528,107
20150907050946-464,27
20150907060938-780,7
20150907070922-234,12
20150907070951-183,77
20150907080945-381,73
20150907090916-682,127
20150907110929-382,8
20150908020926-913,13
20150908030910-643,36
20150908030947-43,34
20150908040921-563,26
20150908060913-42,9
20150908080915-434,6
20150908080923-414,32
20150908090958-945,8
20150908120943-943,6
20150908120959-737,129
20150909040914-244,157
20150909050912-954,158
20150909060913-45,26
20150909080919-967,10
20150909100908-893,15
20150909120927-426,7
20150910020919-2,5
20150910020923-287,27
20150910040952-485,157
20150910060904-59,57
20150910070930-658,26
20150910080926-255,6
20150910080953-624,50
20150910090926-819,110
20150910100947-726,26
20150910120911-462,8
20150911020927-915,157
20150911040954-143,36
20150911050916-197,109
20150911050958-246,158
20150911060914-143,51
20150911060927-249,114
20150911060943-442,158
20150911060947-468,99
20150911060951-66,34
20150911080900-458,63
20150911080907-406,157
20150911080911-37,91
20150911110911-657,20
20150912020951-608,118
20150912040902-568,152
20150912040927-543,8
20150912060916-518,55
20150912090951-154,21
20150912100912-409,74
20150913020924-298,159
20150913020936-245,26
20150913040932-624,43
20150913050914-900,96
20150913060926-359,83
20150913060942-503,49
20150913060957-927,126
20150913100917-904,10
20150913100957-928,73
20150914020923-661,36
20150914030946-615,135
20150914030948-203,22
20150914040900-949,118
20150914070902-817,110
20150914080950-53,90
20150914090940-696,87
20150914100951-759,157
20150914110948-268,66
20150915010905-807,45
20150915020918-621,27
20150915030916-994,157
20150915030919-207,18
20150915060935-123,61
20150915100950-869,157
20150915110954-381,9
20150916010937-480,121
20150916010943-697,8
20150916010956-355,84
20150916020906-378,107
20150916030932-958,88
20150916030956-470,26
20150916090934-622,34
20150916090953-964,9
20150916100951-525,27
20150917020950-55,114
20150917030929-874,9
20150917040954-744,85
20150917050959-724,34
20150917070930-301,126
20150917080946-613,5
20150917090944-991,20
20150917100917-854,118
20150917110936-396,32
20150918020909-684,109
20150918030939-609,98
20150918040902-934,56
20150918040947-803,27
20150918040950-592,50
20150918060923-118,68
20150918070924-726,91
20150918070927-459,37
20150918090900-326,20
20150918090928-755,5
20150919040930-907,16
20150919050912-809,43
20150919070939-665,9
20150919070956-883,83
20150919080932-475,30
20150919080957-489,19
20150919120948-627,36
20150920030917-854,111
20150920030922-437,10
20150920050908-75,60
20150920050941-93,9
20150920070902-234,0
20150920070942-773,20
20150920080946-312,0
20150920090915-26,6
20150920090936-12,39
20150920090938-107,84
20150920090952-847,24
20150920100910-742,34
20150920110938-724,39
20150921010943-734,61
20150921020923-489,101
20150921040914-260,9
20150921050904-60,36
20150921060910-378,75
20150921060955-618,36
20150921100928-653,158
20150921100948-225,87
20150921110942-470,27
20150921120902-568,71
20150922010936-575,91
20150922020925-369,0
20150922030934-439,61
20150922040933-573,43
20150922050928-387,10
20150922050932-615,96
20150922060918-792,10
20150922070908-757,157
20150922070941-505,78
20150922080925-387,34
20150922090902-582,65
20150922100951-450,55
20150922110914-684,61
20150922110918-911,2
20150922110928-182,133
20150922120927-553,9
20150923010916-544,60
20150923010936-792,131
20150923010953-577,116
20150923010958-595,100
20150923040918-760,16
20150923050915-668,60
20150923050917-917,27
20150923060924-124,26
20150923060951-106,26
20150923080932-171,27
20150923090925-163,17
20150923110937-484,96
20150924070923-326,63
20150924070945-953,57
20150924080908-529,26
20150924100943-359,80
20150924110950-607,27
20150924120946-229,135
20150925030910-149,26
20150925030923-872,97
20150925030948-317,125
20150925030951-84,69
20150925050919-689,62
20150925070901-487,151
20150925080935-194,33
20150925090921-354,50
20150925090935-77,-1
20150925110937-663,52
20150926010953-860,141
20150926020900-985,46
20150926030958-715,10
20150926060947-3,113
20150926080925-674,20
20150926090945-943,17
20150926110935-427,41
20150926110958-805,129
20150927010900-920,99
20150927080911-300,52
20150927090926-427,114
20150928020950-296,64
20150928090928-39,36
20150929020925-480,31
20150929030929-812,44
20150929060900-676,79
20150929060957-709,129
20150929070904-711,18
20150929070937-287,26
20150929080924-256,15
20150929080956-555,141
20150929090919-621,6
20150929090940-494,4
20150929110918-672,78
20150929120953-961,114
20150930010911-718,75
20150930030938-661,93
20150930030959-468,90
20150930040930-759,50
20150930070915-224,85
20150930080915-526,21
20150930100942-817,48
20150930110907-918,34
20150930110949-443,12
20150931010941-247,87
20150931070953-531,69
20150931110914-65,8
20151001011026-433,88
20151001031016-663,46
20151001041004-853,37
20151001041055-580,132
20151001051049-770,39
20151001081035-840,20
20151001081041-702,97
20151001091013-536,59
20151001091019-787,68
20151001091034-497,96
20151002021015-986,88
20151002041036-991,136
20151002041052-291,73
20151002061057-716,16
20151002071039-91,115
20151002101014-792,112
20151002101036-262,36
20151002111020-73,114
20151002121039-700,4
20151003011029-293,15
20151003031026-495,-1
20151003041033-690,26
20151003071044-386,15
20151003111049-230,17
20151003111052-171,25
20151003121025-950,8
20151004021051-72,75
20151004031053-92,120
20151004041028-27,108
20151004051005-26,70
20151004051047-356,126
20151004061009-733,151
20151004061017-700,69
20151004061023-570,48
20151004081041-724,5
20151004121046-191,88
20151004121057-614,16
20151005021037-110,69
20151005021040-786,84
20151005071024-452,72
20151005071054-722,20
20151005081042-478,27
20151005091027-858,26
20151005111003-947,98
20151006011003-435,9
20151006031009-616,8
20151006031044-506,89
20151006031050-832,1
20151006061022-397,20
20151006071004-39,27
20151006071021-877,39
20151006101006-578,69
20151006101044-543,8
20151006101058-57,78
20151007011028-996,6
20151007011054-189,40
20151007041045-624,54
20151007061036-970,72
20151007061047-838,36
20151007071043-113,27
20151007081019-529,151
20151007081049-256,36
20151007121033-369,16
20151008041030-931,16
20151008041054-232,20
20151008051030-28,57
20151008061014-338,36
20151008061031-83,125
20151008061036-397,16
20151008061041-615,34
20151008091003-541,134
20151008091058-366,104
20151008101012-0,9
20151008101045-291,45
20151008121044-244,62
20151009011000-445,106
20151009031019-176,31
20151009031056-749,48
20151009041023-63,54
20151009041046-979,32
20151009051031-939,82
20151009061018-73,0
20151009061043-83,97
20151009091020-539,101
20151010011010-902,41
20151010061031-394,31
20151010071016-369,9
20151010101051-546,34
20151011011010-245,48
20151011011032-480,6
20151011051048-783,62
20151011071039-976,115
20151011071057-298,71
20151011091000-183,25
20151011091030-55,34
20151011101000-955,106
20151011101030-397,27
20151011101040-543,36
20151012061013-969,68
20151012081019-264,34
20151012091054-963,38
20151012101020-600,108
20151012111048-832,25
20151012111049-904,92
20151013011052-469,137
20151013031002-411,96
20151013041011-524,-1
20151013051031-833,82
20151013091000-885,60
20151013101006-462,12
20151014031005-384,10
20151014041044-388,88
20151014091022-504,104
20151014091036-542,16
20151014111038-871,69
20151014121052-483,52
20151015011037-717,65
20151015011055-262,62
20151015031015-762,10
20151015041055-891,8
20151015061023-821,78
20151016041029-215,141
20151016051049-90,51
20151016061047-578,8
20151016081024-907,8
20151016091014-990,44
20151016101030-441,52
20151017051055-952,121
20151017061038-255,43
20151017071057-598,30
20151017081005-686,67
20151017091042-992,49
20151017101005-541,15
20151018031004-469,62
20151018041035-645,130
20151018061010-911,34
20151018071010-683,10
20151018071033-244,10
20151018071045-954,84
20151018081043-314,62
20151018091033-267,101
20151018101043-303,34
20151018101055-192,6
20151018121007-749,36
20151019011020-645,51
20151019021027-10,132
20151019021032-845,34
20151019071032-613,31
20151019081015-655,51
20151019081022-530,86
20151019101010-336,115
20151019101012-506,100
20151019111046-645,48
20151019121020-200,31
20151020021029-947,54
20151020031037-765,18
20151020061037-783,42
20151020061044-163,9
20151020081012-980,12
20151020081034-411,8
20151020081055-387,69
20151020091049-173,124
20151020101023-490,27
20151020101042-117,128
20151020101057-778,8
20151020121004-731,113
20151021011007-107,27
20151021011021-123,126
20151021011047-387,25
20151021021029-879,31
20151021041005-169,83
20151021041059-868,48
20151021071000-996,85
20151021081021-48,69
20151021081056-343,34
20151022021027-109,142
20151022031032-538,115
20151022041004-148,126
20151022051010-355,27
20151022061016-652,69
20151022071023-682,26
20151022081040-716,26
20151022091000-636,7
20151022101006-317,11
20151023011019-241,9
20151023011043-359,26
20151023011047-340,20
20151023041017-423,46
20151023061021-360,27
20151023071017-983,69
20151023091027-655,109
20151024021019-274,69
20151024041025-203,148
20151024061054-929,16
20151024071035-474,20
20151024091033-928,126
20151024091047-753,8
20151024111054-335,6
20151024121023-596,86
20151025031037-733,21
20151025051001-380,85
20151025051010-523,10
20151025051035-258,81
20151025061010-490,-1
20151025071006-134,43
20151025091049-824,27
20151025101044-367,88
20151025121050-736,26
20151025121055-883,69
20151026021048-97,27
20151026031053-559,47
20151026041051-922,97
20151026051008-681,26
20151026051047-171,5
20151026061007-244,116
20151026061040-488,15
20151026081006-92,72
20151026081044-145,34
20151026091044-859,65
20151026101017-279,69
20151027031029-195,9
20151027041015-67,34
20151027041058-551,38
20151027111009-160,8
20151027121014-341,20
20151027121025-240,72
20151027121055-218,118
20151028011004-424,69
20151028011029-820,129
20151028041049-767,27
20151028061026-297,0
20151028071020-362,116
20151028071051-431,110
20151028081039-84,72
20151028111000-621,43
20151029011055-228,34
20151029031046-528,112
20151029051029-678,65
20151029051055-468,43
20151029071053-279,126
20151029071056-312,70
20151029081008-399,47
20151029111009-833,85
20151029111047-98,16
20151029121011-173,44
20151029121032-170,72
20151029121058-136,132
20151030021054-842,20
20151030021055-539,36
20151030031051-576,21
20151030051008-262,7
20151030051034-928,27
20151030061038-897,120
20151030081048-623,16
20151030091029-116,90
20151030111021-959,114
20151030111049-10,16
20151030121037-311,52
20151031021043-605,5
20151031031036-320,48
20151031041034-706,83
20151031071048-450,100
20151031081056-17,27
20151031101009-945,21
20151031111040-488,84
20151101011114-329,26
20151101021154-37,26
20151101031124-24,92
20151101031131-640,10
20151101051151-134,130
20151101081109-505,90
20151101081129-848,123
20151101081149-687,106
20151101111123-377,73
20151101121144-520,78
20151102031156-128,73
20151102051100-481,20
20151102061112-279,49
20151102061116-400,60
20151102071157-979,27
20151102091154-662,108
20151102121127-564,56
20151103011107-462,128
20151103021143-224,63
20151103031107-509,13
20151103031148-987,69
20151103041101-253,27
20151103051105-693,34
20151103051148-977,72
20151103061106-863,26
20151103081125-45,39
20151103101135-993,133
20151104041141-688,20
20151104081118-17,46
20151104091103-487,109
20151104091151-104,114
20151104121100-220,93
20151104121107-641,69
20151104121158-643,122
20151105051129-840,69
20151105061131-878,8
20151105061149-645,27
20151105091109-417,52
20151105121120-955,133
20151106031107-912,122
20151106031127-165,60
20151106041146-807,60
20151106041147-812,8
20151106051111-75,150
20151106051115-506,24
20151106061100-410,93
20151106071136-542,8
20151106071138-520,113
20151106071155-474,71
20151106111107-479,15
20151106111125-413,26
20151106111153-260,27
20151106111158-818,52
20151106121113-182,6
20151107021135-737,88
20151107051117-390,10
20151107061145-484,27
20151107091117-166,69
20151107101114-603,118
20151107111143-376,27
20151108041144-494,20
20151108041145-781,85
20151108061114-819,50
20151108071107-792,48
20151108071113-261,15
20151108081116-912,88
20151108091145-870,27
20151108121153-895,151
20151109041115-191,95
20151109051100-693,81
20151109061133-119,79
20151109071101-943,72
20151109081144-678,86
20151109091155-536,152
20151109101115-984,80
20151110011101-322,42
20151110011132-270,48
20151110041127-50,91
20151110061107-358,21
20151110071151-915,31
20151110091107-217,50
20151110101156-652,88
20151110111130-676,27
20151110121117-357,34
20151111031143-227,25
20151111041119-158,151
20151111041149-456,34
20151111051119-594,67
20151111051151-921,34
20151111071117-291,8
20151112011137-325,44
20151112011152-559,82
20151112031115-285,36
20151112031119-409,111
20151112051139-269,30
20151112061143-303,36
20151112061151-995,150
20151112061152-300,36
20151112091155-964,39
20151112101120-762,69
20151113011105-825,69
20151113011118-560,112
20151113011134-396,30
20151113031115-28,92
20151113061129-478,80
20151113061132-529,108
20151113071127-855,86
20151113081103-202,100
20151113121156-771,115
20151114021155-680,16
20151114021156-85,41
20151114041158-903,16
20151114071121-782,151
20151114071159-705,50
20151114081116-872,105
20151114111101-450,79
20151114121111-116,6
20151115011116-242,48
20151115031100-780,78
20151115031111-758,8
20151115041109-804,19
20151115041148-836,70
20151115121122-695,58
20151115121128-639,48
20151116021105-602,17
20151116031103-753,37
20151116031124-797,8
20151116031127-78,52
20151116071131-16,109
20151116081119-191,132
20151116121132-353,55
20151116121148-838,88
20151117011106-544,31
20151117021110-932,69
20151117031145-748,9
20151117051123-614,44
20151117051152-432,27
20151117101107-46,88
20151117101156-58,136
20151117111104-955,31
20151118021145-170,37
20151118041143-934,17
20151118061145-872,120
20151118091136-43,37
20151118101124-666,84
20151118121155-903,15
20151119021156-883,48
20151119031125-461,46
20151119061103-218,36
20151119061106-100,16
20151119091122-744,63
20151119091154-119,60
20151119111132-408,4
20151120021127-21,52
20151120051116-435,48
20151120051143-352,48
20151120071106-120,4
20151120071128-12,20
20151120081141-291,115
20151121031117-949,21
20151121041130-372,77
20151121051118-213,34
20151121061101-398,20
20151121091124-890,41
20151121091142-55,6
20151121101114-73,9
20151121101130-569,77
20151121111157-61,115
20151121121107-368,122
20151121121126-475,84
20151121121131-715,78
20151121121155-143,26
20151122011142-477,66
20151122021105-937,71
20151122021140-914,93
20151122031104-627,48
20151122031145-815,89
20151122041139-836,31
20151122051127-509,36
20151122081111-220,80
20151122081111-931,15
20151122091136-164,48
20151122101117-220,78
20151122101132-880,26
20151122101154-714,41
20151123021110-405,8
20151123021124-160,9
20151123021150-692,8
20151123071139-244,48
20151123101157-660,31
20151124031108-240,45
20151124041119-151,19
20151124041131-688,16
20151124081114-91,83
20151124081137-232,54
20151124111122-818,46
20151125021110-876,0
20151125071146-648,99
20151125101125-687,16
20151125121136-226,5
20151125121147-666,62
20151126011144-948,100
20151126021152-691,27
20151126051137-634,69
20151126051156-263,33
20151126071103-548,31
20151126071153-679,69
20151126071158-727,69
20151126081107-580,69
20151126091121-945,69
20151126111143-228,120
20151127051117-574,82
20151127061106-88,143
20151127061136-939,50
20151127081135-995,16
20151127091156-609,37
20151127091157-308,69
20151127101117-321,21
20151127101119-956,75
20151128011138-111,27
20151128011156-261,98
20151128051129-591,61
20151128051155-195,117
20151128071144-68,46
20151128081117-253,8
20151128091137-757,112
20151128091155-501,5
20151128101107-583,10
20151128101114-530,125
20151128111129-309,9
20151128111144-648,107
20151128121126-103,126
20151128121144-636,8
20151129041113-818,27
20151129071142-601,127
20151129101109-424,52
20151129101133-538,148
20151129101152-17,8
20151129111105-997,20
20151129111138-228,16
20151129121122-794,61
20151130011100-867,16
20151130011131-735,9
20151130031121-169,10
20151130031142-294,26
20151130041104-293,36
20151130061138-166,31
20151130061141-5,69
20151130081115-826,41
20151130091113-828,49
20151131021149-695,128
20151131031129-413,69
20151131081108-573,33
20151131081112-556,20
20151131091100-593,31
20151131121113-604,16
20151201011252-32,8
20151201031214-85,80
20151201031215-712,1
20151201031245-77,111
20151201051230-898,61
20151201061206-641,62
20151201061251-794,149
20151201071206-107,83
20151201071254-656,55
20151201081219-907,89
20151201101257-374,34
20151201121236-41,39
20151202011253-62,78
20151202021203-963,142
20151202021230-956,21
20151202051249-156,30
20151202061226-132,1
20151202071233-557,101
20151202081232-209,20
20151202101257-746,151
20151202121203-224,69
20151203011232-992,125
20151203041231-943,46
20151203041234-867,16
20151203081248-820,36
20151203101246-894,133
20151203121253-478,56
20151204011207-25,10
20151204011238-471,31
20151204031209-720,150
20151204031221-340,57
20151204041235-141,78
20151204071215-745,57
20151204071251-825,16
20151204111220-934,76
20151204111228-777,48
20151204121208-62,48
20151205011253-317,30
20151205021240-761,63
20151205021255-377,47
20151205031250-205,150
20151205061202-442,126
20151205061240-99,34
20151205071201-727,150
20151206021222-166,144
20151206051246-156,24
20151206061257-541,30
20151206081220-45,8
20151206081231-342,16
20151206081251-376,27
20151206091237-906,36
20151207031204-699,89
20151207031239-581,88
20151207071218-322,34
20151207081249-632,41
20151207091211-916,84
20151207091215-793,86
20151207101219-530,64
20151208041208-309,73
20151208071245-482,22
20151208091219-174,96
20151208091253-564,122
20151209021212-232,76
20151209031242-452,149
20151209101239-365,10
20151209111219-195,71
20151209121226-172,34
20151210021211-711,20
20151210021258-493,130
20151210031224-723,50
20151210041246-108,86
20151210071211-297,34
20151210101225-79,80
20151210101237-47,46
20151210101238-75,32
20151210111240-272,150
20151210121248-239,121
20151211021211-921,73
20151211031240-876,42
20151211051227-514,41
20151211051247-172,100
20151211051259-166,21
20151211061235-957,88
20151211061241-520,116
20151211071215-709,18
20151211081210-391,60
20151211091201-575,47
20151211101209-170,48
20151211111220-922,20
20151211121232-51,126
20151212011241-763,73
20151212011243-975,131
20151212021252-485,85
20151212031240-621,15
20151212041215-0,48
20151212051226-954,32
20151212061217-99,160
20151212061227-505,27
20151212061257-521,27
20151212071202-912,27
20151212081202-125,99
20151212111223-167,150
20151212121250-641,90
20151214011236-336,48
20151214041201-843,27
20151214081239-359,34
20151214101200-618,48
20151214101217-551,72
20151214111219-521,27
20151215011211-758,88
20151215021211-822,1
20151215021238-599,69
20151215031227-659,30
20151215071240-346,34
20151215081216-371,8
20151215111234-603,50
20151216041200-755,88
20151216061214-975,41
20151216061234-273,69
20151216071229-410,69
20151216111200-357,34
20151216121204-341,71
20151216121234-750,3
20151217011215-52,10
20151217031205-749,79
20151217031233-634,135
20151217041252-159,10
20151217061258-570,150
20151217081231-508,16
20151217091221-584,27
20151217101212-140,90
20151217101228-746,69
20151217101248-377,114
20151217121243-265,92
20151217121251-526,60
20151218031248-730,27
20151218041253-506,8
20151218051211-725,77
20151218101204-383,50
20151218121208-297,10
20151219011251-234,8
20151219031239-975,16
20151219051238-555,52
20151219061259-337,51
20151219081235-39,25
20151219081244-360,38
20151219091205-152,120
20151219101232-863,143
20151220031238-653,153
20151220061227-950,87
20151220071232-910,118
20151220081200-742,52
20151220081248-394,150
20151220101200-78,118
20151221021214-964,30
20151221041237-821,4
20151221051211-612,150
20151221091212-16,6
20151221091241-93,7
20151221091244-979,62
20151221101252-161,9
20151222021205-875,48
20151222031241-371,122
20151222051229-742,83
20151222061237-438,136
20151222061256-162,16
20151222081247-292,69
20151222121215-335,34
20151222121218-329,86
20151223041229-241,48
20151223081226-766,34
20151223091207-538,48
20151223091224-134,46
20151223091254-664,18
20151224021228-978,27
20151224031247-625,150
20151224041202-651,80
20151224041233-373,100
20151224041242-581,56
20151224061201-826,16
20151224101227-56,41
20151224121210-614,90
20151225031208-655,88
20151225031224-774,43
20151225041253-640,5
20151225041257-977,42
20151225051248-279,80
20151225071221-449,91
20151225091206-465,44
20151225091237-930,100
20151225121214-761,65
20151225121247-656,78
20151226021220-877,69
20151226031229-659,52
20151226031239-133,66
20151226061234-537,148
20151226101236-942,16
20151226121233-295,100
20151227041255-244,113
20151227101235-797,10
20151227111237-390,41
20151228011242-334,66
20151228011247-72,42
20151228021221-216,12
20151228021233-116,72
20151228031201-976,69
20151228111242-521,16
20151229041207-285,79
20151229041225-130,13
20151229041255-791,136
20151229071227-475,24
20151229071243-282,15
20151229091239-775,85
20151229111259-568,124
20151229121215-192,69
20151229121216-715,70
20151230021228-117,46
20151230061216-549,54
20151230091228-162,115
20151231031229-263,16
20151231031233-897,68
20151231031240-441,16
20151231081203-407,91
20151231081230-646,8
20151231121203-449,5
20151231121209-661,9
20151301011335-837,10
20151301021340-472,45
20151301031345-134,125
20151301081324-366,34
20151301091306-345,74
20151301101307-609,42
20151301111308-417,46
20151301111352-990,86
20151302021351-258,6
20151302031316-697,48
20151302071301-31,30
20151302081321-676,78
20151302091349-722,62
20151302111323-649,61
20151302121324-471,153
20151302121334-985,36
20151302121348-104,62
20151303011307-789,39
20151303021334-51,36
20151303021356-890,143
20151303071356-254,53
20151303081343-855,142
20151303091327-618,48
20151303091355-495,133
20151303111300-96,107
20151303111344-23,68
20151303121356-752,153
20151304011309-445,34
20151304011310-154,40
20151304011353-532,75
20151304041354-441,21
20151304071316-371,52
20151304071340-680,79
20151304091319-319,34
20151304111314-18,34
20151304121328-420,40
20151305011309-201,92
20151305011343-613,16
20151305011359-918,9
20151305041331-383,114
20151305041332-847,15
20151305041338-913,16
20151305071325-466,73
20151305081322-814,80
20151305091314-191,36
20151305101314-545,8
20151305111329-743,16
20151305121305-440,9
20151306041354-468,150
20151306101312-518,-1
20151306101326-304,133
20151306121325-748,125
20151306121351-539,75
20151307011356-805,12
20151307021320-869,44
20151307031354-312,161
20151307081300-707,64
20151307081304-762,20
20151307081342-234,161
20151307091313-62,153
20151307091345-782,68
20151307121323-821,105
20151308011359-158,114
20151308021340-431,20
20151308041310-170,0
20151308041318-416,22
20151308061328-655,115
20151308081312-606,121
20151308081323-27,150
20151308101333-914,19
20151308111306-767,147
20151309031329-895,10
20151309041300-869,118
20151309041310-608,88
20151309041329-530,69
20151309051302-646,161
20151309051316-267,50
20151309071349-323,6
20151309081300-178,10
20151309121323-469,1
20151310021306-658,51
20151310021345-410,150
20151310031355-557,51
20151310041329-620,50
20151310041335-325,36
20151310041356-561,96
20151310041357-306,8
20151310061300-469,147
20151310071301-518,9
20151310071350-967,16
20151310091305-997,161
20151310091325-192,39
20151310101330-91,81
20151311031311-115,126
20151311031335-56,125
20151311061339-448,8
20151311111340-727,161
20151312011312-740,46
20151312011358-106,20
20151312041320-612,36
20151312041350-13,133
20151312041356-837,149
20151312051315-26,37
20151312071335-425,118
20151312071346-110,10
20151312091321-690,21
20151312101325-662,109
20151313011306-451,30
20151313011356-56,42
20151313041349-276,0
20151313051340-385,67
20151313061319-588,42
20151313061354-628,52
20151313071329-807,69
20151313121350-300,27
20151314011311-1,54
20151314031357-714,147
20151314051309-415,10
20151314051327-38,125
20151314081311-344,20
20151314081340-101,4
20151314091343-744,41
20151314121322-316,69
20151315011308-405,143
20151315031359-879,12
20151315061319-183,9
20151315061347-338,27
20151315071301-935,6
20151315071343-468,150
20151315071346-592,150
20151315081335-664,27
20151315091329-68,13
20151315111315-406,16
20151315121331-773,143
20151315121352-5,150
20151315121354-235,0
20151316021331-595,113
20151316021336-107,122
20151316041349-976,132
20151316081351-237,10
20151316091342-715,8
20151317011327-569,8
20151317011343-845,16
20151317041326-366,64
20151317071311-118,87
20151317081319-931,87
20151317091337-976,69
20151317101347-90,147
20151317101348-437,74
20151317121347-174,88
20151318021301-158,46
20151318021316-5,36
20151318041322-791,27
20151318051330-957,47
20151318061334-243,123
20151318081330-411,66
20151318101338-951,38
20151318101343-137,101
20151318121304-995,36
20151319011338-241,16
20151319031311-305,150
20151319041336-619,52
20151319061333-620,131
20151319061345-195,27
20151319071328-344,16
20151319081302-226,42
20151319101312-156,83
20151319101335-59,94
20151320011321-666,8
20151320011329-865,16
20151320031302-558,-1
20151320031302-782,-1
20151320081334-545,9
20151320091309-87,78
20151320091322-984,69
20151320101309-415,88
20151320101317-830,9
20151320111314-421,10
20151321021309-357,23
20151321031350-156,150
20151321061336-628,15
20151321071310-542,48
20151321111329-290,48
20151321121338-394,16
20151322051315-282,67
20151322051354-364,43
20151322061336-323,20
20151322081322-215,39
20151322091300-409,63
20151322091311-996,18
20151322091314-124,147
20151322091316-1,61
20151322101302-482,50
20151322111353-436,136
20151322121351-809,115
20151323011308-91,20
20151323041310-904,36
20151323051332-261,27
20151323091321-552,8
20151323091336-516,5
20151323091349-479,121
20151323121318-53,16
20151324031316-217,6
20151324041317-432,119
20151324041323-86,19
20151324041331-293,10
20151324051326-345,61
20151324061307-900,77
20151324081302-127,87
20151324081341-286,92
20151325051302-904,36
20151325051319-382,5
20151325071355-403,36
20151325101341-201,16
20151326021319-917,51
20151326021339-94,78
20151326031310-457,114
20151326031321-981,87
20151326031328-475,8
20151326031334-997,73
20151326041353-166,36
20151326071341-210,16
20151326081346-390,16
20151326091313-350,23
20151326101304-475,20
20151326111319-353,87
20151327011327-591,9
20151327011349-700,50
20151327021314-581,36
20151327051327-525,5
20151327051344-592,37
20151327081308-327,10
20151327101317-796,11
20151327111316-545,150
20151327121340-726,16
20151327121354-817,147
20151328011351-370,4
20151328021338-40,150
20151328031325-476,27
20151328061313-548,92
20151328091310-450,9
20151328091324-126,36
20151328091352-263,133
20151328101312-818,100
20151328111322-383,16
20151328121327-774,67
20151329011319-87,100
20151329051347-815,67
20151329081357-856,69
20151329101325-617,84
20151329101338-63,10
20151329111340-193,64
20151329111354-725,44
20151329121310-651,60
20151329121356-610,150
20151330021355-948,8
20151330031338-241,135
20151330031338-365,80
20151330031343-393,48
20151330041314-275,135
20151330041347-985,23
20151330051300-634,113
20151330061337-218,69
20151330101315-113,8
20151331011301-396,65
20151331071341-673,136
20151331101332-798,62
20151331121322-413,20
20151401011424-950,70
20151401031439-890,48
20151401031455-428,36
20151401081430-906,48
20151401111429-377,10
20151401121438-732,86
20151402011432-704,43
20151402021419-157,42
20151402061411-692,16
20151402061430-976,23
20151402071449-545,36
20151402081427-528,55
20151402121436-904,36
20151403021402-99,9
20151403031412-911,92
20151403051445-471,89
20151403061425-243,34
20151403061455-374,77
20151403071408-116,126
20151403091420-503,20
20151403101408-211,93
20151403101418-295,87
20151403111404-688,82
20151403111452-285,0
20151403121420-600,91
20151404011436-977,8
20151404021437-954,151
20151404031404-378,25
20151404041402-188,27
20151404041439-995,8
20151404051445-25,71
20151404071441-671,-1
20151404081429-288,11
20151404081453-864,96
20151404111432-521,92
20151405011458-832,17
20151405021444-46,104
20151405041449-249,0
20151405051416-248,9
20151405051442-519,65
20151405061416-631,34
20151405081402-223,27
20151405081403-596,20
20151405091418-74,16
20151405111427-937,48
20151405111428-942,7
20151405121430-416,127
20151406031406-139,121
20151406041417-558,69
20151406051448-965,107
20151406061413-234,63
20151406061415-996,9
20151406061442-733,39
20151406091453-794,8
20151406101435-936,8
20151406101448-508,100
20151406111406-468,8
20151406121438-195,36
20151407011437-835,48
20151407051430-695,48
20151407051439-583,130
20151407071448-332,73
20151408061423-887,8
20151408071436-141,122
20151408071439-232,10
20151408121421-792,8
20151409051437-834,21
20151409081439-344,82
20151409101410-293,91
20151409111433-68,136
20151409111437-111,107
20151410041411-39,80
20151410051449-220,16
20151410061405-953,72
20151410061424-60,17
20151410081406-824,88
20151410081443-694,133
20151410081454-499,10
20151410121404-559,30
20151411011444-524,36
20151411031453-479,55
20151411041426-476,106
20151411051411-908,41
20151411071427-615,8
20151411091404-225,115
20151411091415-104,36
20151411091454-825,150
20151411101420-244,23
20151411101443-797,114
20151411121401-100,4
20151412011403-13,39
20151412011420-157,147
20151412031428-824,44
20151412041451-938,20
20151412051415-812,73
20151412051445-249,20
20151412051446-871,44
20151412071422-498,59
20151412081429-334,104
20151412081447-295,15
20151412091419-116,129
20151412101406-34,91
20151413011453-866,36
20151413021408-91,52
20151413021421-999,10
20151413021450-129,49
20151413031402-190,58
20151413051450-791,36
20151413081417-823,93
20151413091400-23,99
20151413101434-985,16
20151413111430-32,8
20151413121455-173,150
20151414021427-933,56
20151414041406-386,111
20151414041459-646,0
20151414061446-0,27
20151414071412-997,6
20151414071421-391,150
20151414121436-419,8
20151415011424-830,26
20151415021431-833,36
20151415031434-50,30
20151415031450-923,111
20151415041403-291,42
20151415041441-660,119
20151415051449-943,110
20151415071411-200,9
20151415091432-219,76
20151415101444-292,69
20151415111423-26,20
20151415121445-482,50
20151416011402-800,39
20151416011455-25,21
20151416021430-997,69
20151416031431-532,83
20151416071408-519,69
20151416071434-670,40
20151416101425-25,50
20151416101435-915,115
20151417011439-309,133
20151417021426-33,152
20151417041407-785,104
20151417061411-139,69
20151417081416-876,0
20151417101456-132,65
20151417121439-407,150
20151418011429-5,27
20151418011444-201,80
20151418031439-550,8
20151418061414-150,20
20151418081449-951,16
20151418111432-774,125
20151419011449-17,-1
20151419011455-979,63
20151419101423-391,16
20151419121435-102,74
20151420011427-81,10
20151420041411-431,52
20151420041437-875,109
20151420041444-3,18
20151420051444-405,122
20151420081404-970,27
20151420111417-72,10
20151420121410-632,8
20151421011406-571,20
20151421031443-290,38
20151421111433-40,27
20151422011417-46,66
20151422011422-753,26
20151422021441-456,39
20151422021453-376,125
20151422031406-22,53
20151422031438-466,20
20151422061424-609,8
20151422101430-872,122
20151422111407-244,9
20151422121404-799,-1
20151423021404-449,9
20151423021424-22,26
20151423031428-171,69
20151423031454-508,36
20151423051449-551,39
20151423061421-949,72
20151424011408-525,16
20151424021410-748,1
20151424041423-210,128
20151424041436-899,150
20151424071402-400,10
20151424081411-231,81
20151424121444-72,41
20151425031435-396,150
20151425041400-114,27
20151425061414-287,20
20151425091411-178,-1
20151425091439-648,116
20151425111443-882,88
20151426021409-949,27
20151426021410-715,68
20151426021455-333,132
20151426031438-668,143
20151426041435-874,23
20151426061419-15,16
20151426081431-759,49
20151426091421-412,5
20151426091431-80,94
20151426101457-965,20
20151426111428-477,59
20151426111436-939,20
20151426111442-960,36
20151427031411-974,54
20151427061439-653,26
20151427061444-918,23
20151427081427-198,23
20151427111436-22,9
20151428021436-718,-1
20151428031458-998,70
20151428041421-928,27
20151428061408-195,103
20151428061409-269,47
20151428061441-992,150
20151428061449-768,27
20151428081416-477,121
20151428101432-5,27
20151428101435-596,10
20151428111428-181,73
20151429011429-339,98
20151429021418-221,69
20151429041405-463,126
20151429041423-652,51
20151429051412-750,61
20151429081414-706,8
20151429091426-986,5
20151429091445-144,20
20151429101404-982,61
20151429111451-30,15
20151430011409-669,25
20151430051448-37,16
20151430081404-592,78
20151430091410-634,69
20151430091428-176,20
20151430101402-926,89
20151431011457-183,77
20151431021452-330,15
20151431021459-538,34
20151431041410-501,11
20151431041454-898,10
20151431051408-107,15
20151431051447-636,-1
20151431071428-170,108
20151431091410-195,69
20151431101444-411,84
20151431101453-835,65
20151431111405-813,97
20151431121439-712,108
20151501021548-648,131
20151501031546-207,122
20151501041501-974,10
20151501041514-837,107
20151501041530-577,81
20151501051519-505,89
20151501071532-943,120
20151501081501-880,69
20151501121556-124,10
20151502011530-485,40
20151502021555-920,73
20151502051516-710,23
20151502081509-926,23
20151502081513-909,96
20151502091514-362,9
20151502091530-848,61
20151502101538-958,73
20151502111546-232,11
20151502121502-816,77
20151502121513-669,0
20151503011524-795,133
20151503031515-111,23
20151503031528-614,49
20151503041535-262,12
20151503041546-127,92
20151503071547-841,95
20151503081552-98,6
20151503081557-917,42
20151503091545-22,115
20151503091550-577,69
20151503101546-637,10
20151503121511-512,1
20151504021515-769,139
20151504021532-361,48
20151504021557-531,60
20151504061538-491,8
20151504071559-733,120
20151504091530-898,78
20151504091532-80,24
20151504101514-576,17
20151504101541-20,16
20151504111546-565,109
20151504121551-199,36
20151505021549-441,27
20151505021556-896,59
20151505031524-959,24
20151505041552-201,113
20151505101551-848,84
20151506021546-159,139
20151506031509-899,18
20151506031520-642,63
20151506031529-885,57
20151506051559-40,41
20151506061507-556,8
20151506071555-282,58
20151506091506-255,121
20151506091508-380,66
20151506111546-542,8
20151507011530-88,17
20151507021521-535,48
20151507031539-411,62
20151507041507-522,36
20151507041515-490,135
20151507051530-305,73
20151507091534-24,48
20151507101514-517,36
20151507101527-978,112
20151508101502-435,85
20151508101555-94,139
20151508111538-586,91
20151509011505-265,139
20151509021518-470,48
20151509021544-252,112
20151509051511-166,72
20151509061529-73,107
20151509081503-433,67
20151509091525-370,34
20151510011521-553,69
20151510021521-830,10
20151510031519-222,67
20151510051515-843,41
20151510051559-717,45
20151510061538-984,25
20151510081533-93,10
20151510081555-297,24
20151510101519-368,9
20151510101536-354,7
20151510111548-270,10
20151510111553-177,27
20151510111556-634,133
20151510121543-670,55
20151511021500-100,20
20151511021550-3,20
20151511041558-368,115
20151511051548-374,96
20151511061503-898,58
20151511071529-602,52
20151511081530-342,124
20151511091506-577,34
20151511111500-654,107
20151512011521-735,91
20151512071504-236,16
20151512071514-384,48
20151512111517-621,83
20151512121530-448,73
20151513021519-235,10
20151513021550-110,15
20151513031531-524,20
20151513031558-201,20
20151513041529-826,21
20151513101517-292,43
20151513101527-164,48
20151514031512-498,74
20151514031521-506,20
20151514091533-555,30
20151514111514-132,72
20151514111535-583,60
20151514111539-957,90
20151514111543-543,27
20151514121511-340,73
20151514121556-537,9
20151515021534-406,13
20151515031550-326,9
20151515041521-240,107
20151515041526-196,91
20151515051510-708,34
20151515051521-888,6
20151515081555-958,80
20151515091504-639,34
20151515101530-226,17
20151515101532-244,69
20151515101538-806,15
20151515111523-394,10
20151516011512-70,134
20151516021538-697,20
20151516041514-25,7
20151516041547-191,20
20151516071503-790,16
20151516081531-772,151
20151516091544-909,34
20151516101554-769,6
20151516121541-394,16
20151517021543-275,68
20151517041512-160,43
20151517081557-258,122
20151517101525-353,16
20151518011531-224,123
20151518011542-627,72
20151518031527-459,104
20151518041531-923,128
20151518051513-233,11
20151518051530-830,67
20151518051538-141,48
20151518061551-586,12
20151518071528-59,71
20151518111514-302,20
20151518111558-749,122
20151518121552-662,16
20151518121553-489,48
20151519021534-355,11
20151519021535-125,8
20151519021549-725,48
20151519071503-464,27
20151519091517-222,34
20151520021556-881,111
20151520041535-563,21
20151520061516-982,62
20151520091516-280,41
20151520101518-905,30
20151520101518-94,115
20151521011536-810,87
20151521011559-569,18
20151521021503-834,88
20151521021511-720,75
20151521021518-235,111
20151521021558-556,36
20151521031525-991,124
20151521051522-169,33
20151521051524-864,13
20151521061533-537,9
20151521091522-548,21
20151521111559-556,130
20151521121533-656,136
20151522021556-961,161
20151522041501-365,30
20151522041530-157,9
20151522041532-575,48
20151522041555-163,9
20151522051555-293,56
20151522061542-891,94
20151522061557-382,52
20151522081515-994,52
20151522081519-492,142
20151522091552-607,130
20151522091559-339,97
20151522101505-183,9
20151523031533-237,43
20151523051503-870,161
20151523061521-500,25
20151523091527-511,73
20151523091548-948,80
20151523091554-835,69
20151523101503-652,139
20151523101517-447,47
20151523111534-260,161
20151524021516-801,60
20151524031523-535,9
20151524081541-90,48
20151524111501-63,161
20151524111520-882,36
20151524111544-557,36
20151524121519-784,66
20151525031501-300,69
20151525031532-107,65
20151525051529-770,8
20151525101516-848,80
20151525111508-450,8
20151526051501-87,25
20151526051513-980,131
20151526061504-680,97
20151526081503-628,152
20151526081527-704,59
20151526091530-569,5
20151527051554-345,128
20151527061554-681,48
20151527071503-446,9
20151527071538-603,41
20151527081514-392,57
20151527101514-475,9
20151527121503-789,28
20151528021553-459,48
20151528041551-821,66
20151528061507-602,10
20151528061539-192,73
20151528071513-888,61
20151528111524-130,10
20151529031505-215,39
20151529051506-307,7
20151529051508-917,130
20151529071539-841,48
20151529081504-641,43
20151530031532-48,120
20151530051543-867,88
20151531021539-858,87
20151531031549-230,115
20151531051542-14,52
20151531051542-946,61
20151531091529-683,16
20151531111510-701,125
20151601021656-196,27
20151601031629-649,16
20151601031635-401,47
20151601031653-102,107
20151601041600-94,86
20151601051643-543,48
20151601071610-352,64
20151601101604-955,94
20151601101614-646,48
20151602021614-218,116
20151602031635-816,39
20151602031658-446,33
20151602061643-167,92
20151602071621-654,10
20151602071627-36,27
20151602091615-940,0
20151602101636-583,69
20151602121624-797,106
20151602121645-871,113
20151603031651-532,34
20151603041648-438,93
20151603041648-814,136
20151603051629-978,126
20151603061611-545,125
20151603061640-724,6
20151603061654-187,108
20151603101648-227,67
20151604011635-266,39
20151604021625-197,82
20151604031616-721,33
20151604041618-562,10
20151604081602-122,9
20151604081612-669,109
20151604091656-972,88
20151604111624-415,57
20151605061605-159,8
20151605071639-764,48
20151605081652-828,57
20151605091611-743,48
20151606021642-600,17
20151606031633-30,139
20151606031654-707,61
20151606071628-927,69
20151606081628-560,86
20151606091653-198,148
20151606101600-597,16
20151607011652-132,50
20151607031638-902,87
20151607041603-377,11
20151607051607-228,108
20151607061603-978,27
20151607061640-872,57
20151607071627-500,101
20151607081638-405,136
20151608011609-774,27
20151608051630-185,12
20151608061603-479,74
20151608091658-472,117
20151608111612-218,118
20151609011606-651,20
20151609011626-759,90
20151609061625-849,27
20151609081657-851,20
20151609111645-563,20
20151610011624-428,139
20151610031632-225,122
20151610051648-803,81
20151610081616-401,139
20151610081659-443,17
20151611051619-74,80
20151611051647-681,139
20151611061644-777,10
20151611071602-941,27
20151611081603-412,5
20151611081647-123,20
20151611101618-274,12
20151611101618-605,16
20151611111649-796,70
20151611121645-733,139
20151612031639-61,33
20151612041658-450,132
20151612061616-167,48
20151612061624-150,107
20151612061633-319,27
20151612071620-287,69
20151612081618-367,16
20151612081630-430,126
20151612101618-908,110
20151612121604-72,93
20151612121615-643,69
20151612121629-412,27
20151612121658-752,87
20151613011610-242,36
20151613011638-124,48
20151613021630-650,69
20151613031640-694,64
20151613061633-182,36
20151613061634-340,67
20151613071616-304,27
20151613091621-285,66
20151613091635-490,36
20151613111653-93,76
20151614011644-131,20
20151614011649-199,40
20151614051608-921,33
20151614061628-86,139
20151614071608-934,66
20151614071616-110,47
20151614091646-956,19
20151614121612-952,85
20151615011608-528,52
20151615031620-662,69
20151615061625-429,100
20151616021636-386,89
20151616051638-682,23
20151616061611-647,61
20151616071624-579,48
20151616071648-361,48
20151616091623-588,50
20151616091632-393,9
20151616101657-764,162
20151616111617-168,162
20151617011611-701,118
20151617021605-748,15
20151617021606-104,88
20151617051603-789,62
20151617071647-820,58
20151617081652-70,105
20151617101635-486,8
20151617121648-62,7
20151618021648-198,67
20151618051609-530,50
20151618061607-618,27
20151618071600-327,143
20151619021612-46,72
20151619061642-149,12
20151619071622-794,72
20151619081627-523,66
20151619091605-574,20
20151619091608-327,88
20151619091644-457,27
20151619091658-670,55
20151619111615-309,8
20151619111656-337,22
20151620061621-385,101
20151620061659-448,39
20151620081616-194,20
20151620101652-108,1
20151621011611-3,80
20151621011631-58,84
20151621021621-233,20
20151621031610-102,9
20151621031648-283,80
20151621041636-903,124
20151621041638-653,8
20151621041656-716,27
20151621071645-193,126
20151621081613-981,8
20151621081633-895,10
20151621091605-465,47
20151621111640-814,162
20151621121625-608,73
20151622031611-284,-1
20151622031619-590,-1
20151622041646-326,37
20151622071609-320,88
20151622071609-598,8
20151622071620-348,73
20151622081618-495,115
20151622101630-477,81
20151622101656-331,72
20151622111658-627,47
20151622121602-494,52
20151623031635-474,98
20151623031639-511,69
20151623041622-269,68
20151623041644-600,149
20151623051636-911,13
20151623061604-714,10
20151623071615-935,94
20151623091621-956,124
20151623101605-757,48
20151623111631-719,90
20151623111635-221,10
20151624021626-982,8
20151624031658-684,74
20151624051659-955,0
20151624061651-753,59
20151624071616-309,8
20151624101641-279,74
20151624121637-939,71
20151625011628-348,77
20151625021614-449,160
20151625021627-767,75
20151625031626-950,65
20151625041628-460,47
20151625041658-913,0
20151625071637-666,26
20151625081606-434,10
20151625101651-52,92
20151625121635-837,92
20151626021639-5,21
20151626021659-342,20
20151626061634-437,26
20151626061648-946,128
20151626071648-759,4
20151626071649-847,8
20151626121657-196,51
20151627021611-237,135
20151627031600-619,26
20151627061623-296,149
20151627081615-572,10
20151627111655-590,71
20151627121622-355,74
20151628041640-401,124
20151628071608-385,84
20151628111650-794,11
20151629031626-475,26
20151629051601-936,132
20151629061638-988,69
20151629071612-80,69
20151629071622-521,10
20151629081640-992,22
20151629101604-17,47
20151629101611-370,40
20151629111604-526,48
20151629121627-214,20
20151629121653-371,27
20151630031606-854,6
20151630041632-789,46
20151630081603-922,101
20151630081653-901,69
20151630101656-555,162
20151630121637-711,10
20151630121648-874,69
20151631011605-555,20
20151631011622-538,41
20151631031602-96,57
20151631041644-215,81
20151701021704-457,86
20151701021715-940,162
20151701061719-611,39
20151701071703-253,48
20151701071741-626,134
20151701091728-197,8
20151701091730-48,4
20151701101717-179,62
20151701101744-794,20
20151701111705-969,69
20151701111735-536,36
20151701121719-196,16
20151701121734-114,10
20151701121746-803,82
20151702031733-230,16
20151703031712-494,118
20151703041708-748,16
20151703041729-413,60
20151703071734-903,26
20151703081723-858,107
20151703081750-866,134
20151703101707-426,82
20151703121720-618,162
20151703121746-96,48
20151704011709-810,9
20151704021745-210,27
20151704031734-414,27
20151704041709-562,90
20151704041733-844,17
20151704051706-78,27
20151704061733-850,6
20151704071753-165,4
20151704091740-106,105
20151704111727-901,36
20151704111744-144,87
20151705021700-731,162
20151705031703-749,27
20151705051728-150,27
20151705061705-625,8
20151705081717-385,59
20151705081753-773,62
20151705091722-67,90
20151705111738-293,8
20151706041715-288,107
20151706051739-382,10
20151706071728-676,27
20151706081728-645,26
20151706101738-245,20
20151706101742-248,96
20151706121739-14,8
20151707041712-312,115
20151707041752-71,10
20151707051702-432,115
20151707051709-188,81
20151707051753-540,9
20151707061706-226,36
20151707081739-907,11
20151707101746-939,20
20151707111715-550,60
20151708021738-621,60
20151708041746-192,36
20151708081720-837,27
20151708101713-388,90
20151708101735-197,62
20151708111710-843,42
20151708121705-165,69
20151708121720-605,58
20151709031711-971,36
20151709031747-775,27
20151709071708-623,8
20151709081703-888,83
20151709091702-944,80
20151709101723-830,10
20151709101746-425,88
20151709111713-199,162
20151709111735-195,15
20151709121709-263,26
20151710021746-134,78
20151710031722-962,88
20151710041718-269,43
20151710051755-835,100
20151710081734-100,43
20151710081736-544,64
20151710081754-167,84
20151710111713-168,61
20151710121709-837,4
20151711011732-63,103
20151711021720-756,109
20151711021723-592,118
20151711031713-662,52
20151711051741-464,26
20151711061722-116,5
20151711071703-72,73
20151711081724-536,78
20151711091708-973,62
20151711091716-66,8
20151711101721-357,6
20151711111714-748,10
20151712051721-6,140
20151712061733-488,49
20151712061745-29,65
20151712081729-791,43
20151712081746-902,140
20151712081751-931,89
20151712101734-998,34
20151712111744-380,9
20151713011710-914,15
20151713041735-900,48
20151713061726-223,52
20151713071733-979,97
20151713081738-591,121
20151713081751-615,69
20151713081752-56,48
20151713111750-937,85
20151714011753-328,69
20151714021701-680,50
20151714031721-948,26
20151714041736-450,20
20151714061741-876,20
20151714061754-756,21
20151714071756-170,48
20151714081717-477,15
20151714101756-632,36
20151715011755-827,26
20151715021754-464,26
20151715031713-676,40
20151715041752-244,16
20151715071752-15,34
20151715111719-318,5
20151716011707-992,48
20151716011720-984,36
20151716021749-651,118
20151716021752-994,162
20151716051736-410,135
20151716071747-621,134
20151716081718-203,16
20151716081734-269,48
20151716101753-304,67
20151716121722-464,16
20151717021725-292,152
20151717051708-679,135
20151717051751-396,34
20151717061717-630,80
20151717061735-632,9
20151717071728-569,101
20151717101752-508,50
20151717111727-753,36
20151717121704-659,60
20151717121711-600,27
20151718011738-309,69
20151718051724-967,8
20151718101744-247,69
20151718121705-459,54
20151718121757-2,69
20151719021722-253,132
20151719031705-396,133
20151719041717-410,9
20151719041725-731,0
20151719081739-523,69
20151719111714-100,36
20151720071710-178,36
20151720081740-125,99
20151720091715-120,95
20151720091715-321,1
20151720101733-225,20
20151720101759-16,26
20151721031718-777,162
20151721041729-734,112
20151721091717-824,8
20151721101734-95,8
20151721111744-664,74
20151722011714-504,26
20151722021752-58,133
20151722031711-894,22
20151722031720-165,36
20151722051720-973,135
20151722051724-428,64
20151722061712-453,50
20151722061721-346,30
20151722091759-375,94
20151722101713-627,84
20151722101732-165,41
20151723021731-292,135
20151723021731-685,17
20151723051709-947,124
20151723051740-30,69
20151723061708-6,118
20151723061732-246,26
20151723091752-582,32
20151723111733-148,0
20151724011744-503,51
20151724021705-148,61
20151724031732-555,79
20151724061714-521,66
20151724081751-413,142
20151724101727-825,107
20151724111708-22,26
20151725011750-852,49
20151725031714-305,48
20151725041726-478,22
20151725061739-591,87
20151725071716-115,89
20151725071728-305,0
20151725081732-573,8
20151725091708-32,66
20151726051745-318,8
20151726061723-136,89
20151726061756-646,21
20151726071747-488,113
20151726081706-525,69
20151726101752-323,135
20151726111704-117,5
20151726121746-942,9
20151727021712-641,50
20151727031721-626,69
20151727081727-53,71
20151727081750-912,33
20151727091758-4,33
20151727101705-938,18
20151727121710-316,60
20151727121757-443,15
20151728041704-292,113
20151728041726-55,9
20151728051728-164,5
20151728061713-907,91
20151728071725-829,16
20151728091731-964,8
20151728101733-413,84
20151728111711-22,126
20151728111728-645,136
20151729021710-317,10
20151729021748-498,65
20151729031705-203,34
20151729031712-712,48
20151729051737-48,5
20151729051759-488,33
20151729071706-182,8
20151729071748-127,67
20151729091748-733,43
20151729091750-316,90
20151729111740-777,20
20151730011702-213,27
20151730011708-691,133
20151730041740-897,73
20151730051712-404,0
20151730051757-753,69
20151730061703-165,84
20151730081700-38,106
20151730091712-79,16
20151730101720-508,73
20151730111746-390,86
20151730121753-539,26
20151730121755-247,12
20151731021708-898,113
20151731021746-364,87
20151731051723-409,27
20151731051740-917,109
20151731061717-691,34
20151731081719-311,90
20151731081743-297,36
20151731111751-901,10
20151731121701-28,10
20151801021811-599,101
20151801041821-719,65
20151801061858-931,39
20151801101817-469,26
20151801111852-365,116
20151801121803-31,82
20151802011838-551,6
20151802021816-771,132
20151802021836-315,122
20151802061810-813,123
20151802061824-89,95
20151802081806-394,86
20151802081849-562,8
20151802091853-106,106
20151802101818-845,26
20151802111847-191,69
20151803011812-57,82
20151803011833-787,27
20151803121817-229,48
20151804011800-928,9
20151804011822-374,104
20151804021836-532,15
20151804041847-14,114
20151804041847-645,76
20151804051810-974,126
20151804081815-5,26
20151804081822-193,83
20151804101823-786,26
20151804111828-884,67
20151805011802-318,69
20151805011803-183,8
20151805021821-858,104
20151805041820-109,48
20151805061803-366,34
20151805061831-133,160
20151805071821-119,7
20151805101809-893,33
20151806021845-686,36
20151806031803-709,162
20151806081849-627,7
20151806091850-702,16
20151806101819-946,77
20151806101842-841,6
20151806101848-562,26
20151806111855-965,24
20151806121802-559,61
20151807011805-599,6
20151807011836-906,96
20151807021839-992,27
20151807031805-101,9
20151807041812-701,92
20151807041826-31,21
20151807051813-813,10
20151807071804-850,11
20151807101827-295,81
20151807111855-648,128
20151807121828-117,122
20151808021841-200,115
20151808051800-604,107
20151808051847-914,56
20151808061832-769,160
20151808061856-318,48
20151808071821-441,88
20151808071834-232,18
20151808091850-884,21
20151808101855-321,48
20151808121849-986,43
20151808121857-411,15
20151809011826-129,33
20151809021827-599,34
20151809051832-222,138
20151809081807-728,41
20151809111800-66,4
20151809121805-29,95
20151810011827-158,90
20151810041830-866,144
20151810051808-730,15
20151810061830-545,5
20151810071802-340,21
20151810071816-403,27
20151810091823-659,132
20151811021803-685,72
20151811041814-115,11
20151811041844-860,138
20151811051833-890,99
20151811071822-114,149
20151811071822-531,8
20151811111834-290,24
20151812011836-943,125
20151812021854-880,58
20151812031807-51,128
20151812041829-28,162
20151812061805-214,58
20151812081806-396,136
20151812081821-786,48
20151812081835-734,45
20151812081845-784,5
20151813011856-888,18
20151813021824-408,18
20151813031829-984,93
20151813031843-852,39
20151813061817-670,73
20151813061849-608,48
20151813091850-644,52
20151813101843-73,37
20151813111802-162,104
20151814011844-434,21
20151814011859-734,3
20151814031806-332,121
20151814051808-820,95
20151814051844-730,30
20151814061817-293,13
20151814071826-934,17
20151814071827-411,16
20151814091820-723,92
20151814091851-213,74
20151814111839-294,48
20151814121800-358,48
20151815011803-120,48
20151815011829-768,33
20151815041843-802,25
20151815091854-333,64
20151815101840-564,3
20151815111847-510,136
20151816031811-238,113
20151816051829-230,141
20151816061843-103,50
20151816081837-977,125
20151816121814-878,115
20151817011850-621,25
20151817021828-403,10
20151817041849-523,128
20151817051852-380,86
20151817061809-267,20
20151817061810-561,163
20151817061821-681,36
20151817081823-156,90
20151817091802-222,141
20151818011809-113,163
20151818041825-454,39
20151818051823-515,163
20151818061805-850,41
20151818071851-924,15
20151818081844-631,40
20151818101826-629,90
20151818111807-529,26
20151818111845-978,102
20151819091842-213,118
20151819121855-481,30
20151820021802-129,113
20151820041854-851,122
20151820041859-498,144
20151820051846-474,87
20151820091811-842,68
20151820101807-35,142
20151820101815-744,126
20151820101849-472,75
20151820101858-629,26
20151820121856-831,48
20151821011808-722,60
20151821051837-55,136
20151821071848-991,36
20151821081800-795,18
20151821091846-841,21
20151821101831-698,41
20151821121835-92,144
20151821121849-891,105
20151821121857-283,27
20151822031808-265,61
20151822031835-962,50
20151822051837-335,82
20151822091848-332,9
20151822101822-192,9
20151822101852-375,142
20151822111805-247,17
20151822111847-102,11
20151822121805-387,69
20151823021836-870,47
20151823021849-447,69
20151823021857-278,12
20151823031815-439,80
20151823031834-474,69
20151823041807-23,12
20151823051805-597,109
20151823061817-803,57
20151823061853-546,86
20151823061856-404,81
20151823071817-774,130
20151823071855-858,6
20151823071859-707,32
20151823081833-359,93
20151823091825-767,27
20151823101829-571,144
20151823111804-965,68
20151823111806-134,41
20151824041829-872,113
20151824051853-291,78
20151824061812-152,63
20151824091842-811,52
20151824101801-394,20
20151824101808-298,108
20151824101814-266,0
20151824101840-224,70
20151824121833-994,49
20151824121846-361,44
20151825021808-12,29
20151825021809-902,42
20151825051820-653,105
20151825061809-937,17
20151825091848-82,86
20151826011805-225,73
20151826021816-332,56
20151826021834-846,27
20151826041854-598,152
20151826061830-136,135
20151826061834-832,164
20151826071840-796,115
20151826071854-437,6
20151826091818-219,126
20151826121830-361,4
20151827041851-202,163
20151827051836-685,92
20151827071839-305,9
20151827081812-463,131
20151827101816-863,48
20151827111830-164,66
20151828051857-513,108
20151828081852-46,20
20151828091820-860,89
20151828101809-77,20
20151828111807-243,10
20151828111836-799,80
20151828121813-861,9
20151828121825-783,27
20151829011833-716,121
20151829031841-687,27
20151829041813-309,74
20151829051813-994,85
20151829061839-838,95
20151829071820-420,91
20151830011835-305,8
20151830041830-664,125
20151830101821-342,69
20151831031802-159,29
20151831031814-695,69
20151831031858-297,68
20151831091817-112,27
20151831091834-417,16
20151831111851-513,36
20151901051952-926,129
20151901091942-196,80
20151901101926-562,73
20151901111939-390,163
20151901121916-849,36
20151902011959-320,24
20151902061935-596,60
20151902071923-16,16
20151902091944-855,11
20151902111913-640,6
20151903011927-520,163
20151903071934-939,18
20151903081951-26,69
20151903101941-31,63
20151904021905-805,65
20151904031922-896,149
20151904031931-289,9
20151904071915-758,132
20151904081956-11,26
20151904091914-101,36
20151904111928-259,10
20151905021902-720,9
20151905031941-21,68
20151905031943-670,8
20151905031957-601,125
20151905041959-420,64
20151905081937-688,21
20151905081950-152,116
20151905101914-783,27
20151905111924-469,118
20151905111946-116,26
20151905121909-811,26
20151905121953-588,163
20151906011943-68,59
20151906021921-296,48
20151906061932-564,65
20151906111908-145,62
20151906111912-427,68
20151906111948-740,36
20151907011912-142,5
20151907011919-265,101
20151907011937-909,73
20151907021947-595,113
20151907041937-152,125
20151907071951-454,10
20151907071959-817,36
20151907121926-813,86
20151907121952-624,36
20151908021930-514,9
20151908071935-977,6
20151908081906-600,16
20151908101959-975,163
20151908111910-929,133
20151908111917-937,16
20151909021907-531,99
20151909021950-190,48
20151909031933-337,24
20151909041905-738,51
20151909051914-299,65
20151909121920-811,163
20151910031909-576,133
20151910031914-568,37
20151910031946-343,44
20151910041931-214,47
20151910071900-983,88
20151910081922-106,42
20151910111953-81,32
20151911021956-775,135
20151911031933-491,118
20151911041901-689,82
20151911051900-484,124
20151911071935-373,69
20151911091902-88,21
20151911101926-758,163
20151911121920-18,20
20151912021956-535,98
20151912031911-728,16
20151912051921-419,36
20151912061915-319,128
20151912101918-236,48
20151912111905-652,88
20151913041937-986,36
20151913061921-545,30
20151913061938-878,140
20151913061940-47,36
20151913081937-645,37
20151913091934-158,-1
20151913121932-661,143
20151914011913-652,56
20151914041904-182,58
20151914041953-619,84
20151914041956-918,20
20151914061910-935,10
20151914061926-422,115
20151914071914-273,10
20151914071955-759,10
20151914081920-478,8
20151914081957-769,21
20151914091930-771,163
20151914101910-853,125
20151914121939-186,48
20151914121950-965,9
20151915011952-249,9
20151915021949-470,32
20151915031912-378,163
20151915061937-761,36
20151915081938-889,124
20151915101951-61,27
20151915121901-407,5
20151916021928-359,99
20151916021948-82,69
20151916041922-337,27
20151916051959-441,48
20151916071925-106,69
20151916101912-704,152
20151916121948-362,16
20151917021942-480,10
20151917031922-592,39
20151917051906-622,56
20151917061916-418,26
20151917071938-502,30
20151917071946-6,46
20151917081946-182,36
20151918041903-926,52
20151918051942-906,20
20151918061901-392,74
20151918081919-401,26
20151918121904-219,9
20151918121925-121,20
20151918121956-963,10
20151919011904-725,114
20151919051903-993,12
20151919051957-409,55
20151919061903-547,78
20151919061928-62,136
20151919101921-640,9
20151919111949-73,48
20151920021905-866,16
20151920071917-939,48
20151920071921-393,36
20151920081908-214,101
20151920081921-606,126
20151920081925-771,43
20151920091934-950,46
20151920101907-951,122
20151920101933-665,133
20151920111927-365,20
20151920121938-201,36
20151921011955-232,9
20151921021945-394,140
20151921031910-882,107
20151921041950-16,27
20151921051948-603,113
20151921101957-599,85
20151921111901-566,36
20151921121946-323,20
20151921121956-754,52
20151922011955-294,48
20151922021917-221,26
20151922061928-554,10
20151922121924-722,36
20151922121927-280,72
20151923021910-701,118
20151923021929-242,51
20151923021930-519,8
20151923031906-862,9
20151923031917-617,109
20151923041923-108,37
20151923061919-668,16
20151923081949-365,36
20151923081953-802,8
20151923091943-286,158
20151923091956-585,65
20151923101911-212,16
20151923121906-266,5
20151924031912-639,128
20151924031939-418,8
20151924051901-835,103
20151924051922-114,37
20151924061907-803,44
20151924061911-225,58
20151924061918-27,4
20151924061922-35,117
20151924091906-140,125
20151924091930-39,133
20151924091933-831,66
20151925041908-320,61
20151925041955-821,3
20151925081952-428,9
20151925091930-54,48
20151925101910-391,104
20151925101914-161,163
20151925121903-537,36
20151925121956-815,82
20151926021908-693,43
20151926031910-11,98
20151926031950-628,33
20151926041922-655,64
20151926071922-379,88
20151926071934-564,15
20151926091952-816,115
20151926111900-51,17
20151926111938-520,151
20151927031903-610,36
20151927041904-297,97
20151927071926-369,79
20151927081907-93,116
20151927081931-982,3
20151927081956-902,34
20151927091931-941,83
20151927091933-395,34
20151927091933-671,41
20151927101928-443,129
20151927111958-830,20
20151927121927-686,91
20151927121958-989,8
20151928041922-215,91
20151928051902-637,156
20151928081935-515,90
20151928111950-380,85
20151928121941-484,72
20151929021932-254,73
20151929031948-686,114
20151929041915-557,36
20151929041918-859,34
20151929051927-102,70
20151929081907-753,80
20151929091952-892,20
20151929101959-58,37
20151929111950-538,39
20151929111950-606,55
20151929111952-130,80
20151929121931-462,9
20151930101920-522,26
20151930111905-986,69
20151930121913-276,109
20151931021927-541,61
20151931031941-864,148
20151931091954-384,26
20152001012016-668,64
20152001012059-836,25
20152001022003-999,21
20152001022009-663,69
20152001062007-946,16
20152001072036-614,1
20152001072049-523,85
20152001102004-765,47
20152001112015-415,125
20152001122012-967,73
20152002042015-193,74
20152002042050-85,17
20152002052014-699,16
20152002072012-873,118
20152003032042-905,69
20152003052057-12,48
20152003072025-143,85
20152003072035-315,10
20152003082017-547,40
20152003092021-29,10
20152003102027-431,137
20152003112040-99,45
20152004012053-387,117
20152004042018-896,104
20152004052023-951,16
20152004062054-876,75
20152004072035-991,6
20152004082011-358,122
20152004092005-697,61
20152004092050-666,124
20152004102006-373,123
20152004102015-754,53
20152004112004-471,69
20152004112056-852,30
20152004122028-933,64
20152005042050-261,90
20152005062002-300,48
20152005072030-649,16
20152005072043-432,68
20152005072047-527,37
20152005082000-73,135
20152005082009-82,129
20152005092011-809,41
20152005092047-998,17
20152005092056-151,33
20152005102037-864,50
20152005112002-104,36
20152006012006-635,27
20152006022021-160,0
20152006022056-25,16
20152006062007-464,82
20152006062054-938,8
20152006072036-68,61
20152006072056-763,52
20152006092015-248,60
20152007032057-494,64
20152007042003-474,9
20152007052008-382,20
20152007072002-889,41
20152007102018-450,79
20152007102021-84,48
20152007102054-496,27
20152008022034-837,85
20152008042053-423,1
20152008052017-725,27
20152008052025-846,24
20152008082026-609,36
20152008082056-988,117
20152008092016-464,79
20152008092020-195,124
20152008092051-845,50
20152008102034-994,70
20152008112057-368,69
20152008122048-941,48
20152009012021-870,82
20152009012039-59,109
20152009022052-994,73
20152009032045-131,112
20152009052035-476,69
20152009082025-752,115
20152009082034-820,117
20152009082046-820,15
20152009102043-757,92
20152010012044-386,11
20152010022051-412,120
20152010042022-478,146
20152010052002-468,36
20152010062025-164,125
20152010062058-60,81
20152010082008-538,48
20152010122043-411,26
20152011022004-669,8
20152011032031-380,5
20152011032039-149,115
20152011052058-197,9
20152011082050-49,42
20152011112014-924,10
20152011112059-543,10
20152012012031-178,30
20152012032004-676,10
20152012032040-682,19
20152012032058-382,80
20152012032058-971,72
20152012042036-344,73
20152012052013-433,72
20152012062013-357,16
20152012092008-483,88
20152012092025-317,1
20152012102038-771,1
20152012102044-576,90
20152012112014-685,9
20152012122004-665,69
20152012122057-909,44
20152013012002-670,8
20152013012003-538,26
20152013012056-517,26
20152013022024-503,9
20152013022050-898,10
20152013022053-492,24
20152013052027-811,120
20152013072042-964,163
20152013102004-55,80
20152013122033-895,10
20152014022005-721,48
20152014022023-745,75
20152014052009-210,25
20152014052022-884,16
20152014092002-743,69
20152014122034-385,41
20152015052049-423,8
20152015062052-234,26
20152015062055-237,8
20152015082002-228,48
20152015102051-234,10
20152015102054-215,79
20152015112047-306,10
20152015112055-777,101
20152016012038-49,46
20152016062004-516,74
20152016062014-930,81
20152016062049-74,48
20152016092004-862,72
20152016092054-684,92
20152016102045-529,41
20152016122046-228,25
20152017012005-964,48
20152017012016-482,9
20152017012017-5,87
20152017032012-413,10
20152017042002-599,69
20152017062040-345,9
20152017072059-593,163
20152017102041-706,129
20152018032036-787,85
20152018042030-736,92
20152018052046-592,101
20152018072024-196,68
20152018102004-940,113
20152018112009-327,9
20152019032022-390,16
20152019042030-375,68
20152019052023-769,90
20152019082054-582,105
20152019112015-444,101
20152019112039-171,10
20152020022040-275,26
20152020042020-267,21
20152020052000-192,48
20152020062024-190,37
20152020062041-92,44
20152020082009-580,86
20152020102022-689,40
20152020112001-368,82
20152021022018-760,27
20152021032045-534,9
20152021052037-513,5
20152021062015-573,9
20152021062038-745,91
20152021072025-898,8
20152021072036-530,114
20152021082039-914,27
20152021102028-185,48
20152021102031-370,8
20152021102039-123,27
20152022032029-340,116
20152022042021-344,48
20152022042045-117,89
20152022042050-514,110
20152022062035-937,16
20152022072038-781,72
20152022082028-22,4
20152023012018-442,48
20152023022026-39,1
20152023022034-542,10
20152023042040-26,22
20152023072028-613,163
20152023092003-863,9
20152023122039-382,107
20152023122044-94,8
20152024032005-799,5
20152024062006-883,15
20152024062034-670,7
20152024102003-127,16
20152024122033-3,77
20152024122045-512,59
20152025032000-169,48
20152025032001-383,34
20152025032033-74,46
20152025052053-433,52
20152025062036-525,15
20152025112000-919,42
20152026012040-215,38
20152026032002-925,51
20152026042046-888,78
20152026042055-270,39
20152026062048-507,10
20152026112029-817,54
20152026122051-203,34
20152026122051-313,18
20152027022010-274,20
20152027022025-727,118
20152027032011-806,122
20152027032045-214,83
20152027042059-327,38
20152027052026-10,148
20152027062003-395,12
20152027062057-241,72
20152027072040-298,117
20152027092015-55,8
20152027102031-111,21
20152027112018-673,69
20152027112040-21,6
20152027122000-634,54
20152027122002-456,36
20152028022013-691,49
20152028022026-682,26
20152028032002-960,10
20152028032005-469,21
20152028032039-983,16
20152028052035-302,36
20152028062019-42,26
20152028062056-368,94
20152028072036-773,17
20152028072051-354,37
20152028082032-230,26
20152028092023-256,26
20152028092031-391,39
20152028092038-611,34
20152028112022-449,72
20152028122013-334,34
20152028122015-955,37
20152029032000-947,27
20152029032021-43,20
20152029062057-873,26
20152029072047-181,89
20152029102006-584,110
20152029102047-483,36
20152030012007-560,7
20152030022022-687,131
20152030032003-941,122
20152030032023-389,70
20152030032040-454,10
20152030032051-557,130
20152030042019-172,75
20152030052037-191,8
20152030052046-858,27
20152030062014-252,80
20152030072021-992,51
20152030072048-614,48
20152030082014-756,85
20152030082047-827,131
20152030102012-63,123
20152030102013-17,8
20152030112000-524,46
20152030112009-638,95
20152030112039-826,10
20152030112054-705,16
20152031012013-428,48
20152031012019-297,27
20152031032030-321,34
20152031042004-676,32
20152031072019-442,118
20152031072030-847,10
20152031082031-756,101
20152031082042-902,118
20152031092023-767,48
20152031092032-480,10
20152031092038-925,65
20152031102058-485,78
20152031112006-199,50
20152031112032-226,20
20152101012104-141,56
20152101032137-838,8
20152101042112-684,11
20152101042140-726,9
20152101062116-767,69
20152101072110-270,84
20152101082118-96,104
20152101082156-552,57
20152101112137-263,34
20152101122110-544,11
20152102052137-1,20
20152102052154-22,45
20152102062100-389,65
20152102082141-406,154
20152102082141-663,38
20152102092158-227,146
20152102102155-887,15
20152102122135-146,54
20152103042134-429,1
20152104022149-431,36
20152104032137-992,58
20152104052130-587,59
20152104052135-110,9
20152104062136-136,154
20152104062155-634,48
20152104072125-25,10
20152104072145-815,60
20152105022116-926,154
20152105032151-320,20
20152105042140-626,129
20152105052107-972,20
20152105062116-886,39
20152105062125-369,53
20152105062151-555,50
20152105082117-380,118
20152105082127-520,69
20152106012143-868,10
20152106022121-157,26
20152106022153-516,69
20152106032107-288,20
20152106052153-239,16
20152106052156-327,41
20152106072125-599,48
20152106092141-219,15
20152106092143-261,108
20152106102137-170,10
20152106112106-841,62
20152107012141-170,52
20152107032156-241,152
20152107042129-901,10
20152107042148-742,124
20152107072119-673,9
20152107072157-137,74
20152107122136-16,26
20152108032121-509,27
20152108052101-440,90
20152108062110-956,118
20152108072126-110,69
20152108102127-205,34
20152108122142-303,88
20152109022102-894,130
20152109052119-324,77
20152109052153-334,73
20152109062104-583,122
20152109072151-681,6
20152109122133-121,10
20152110012138-982,20
20152110052113-363,69
20152110062151-834,8
20152110062154-762,10
20152110112126-721,26
20152110122123-407,10
20152110122153-299,36
20152111092100-400,60
20152111122136-527,90
20152112022147-274,83
20152112022158-529,41
20152112052153-188,40
20152112062125-25,27
20152112122156-641,25
20152113012118-334,34
20152113032105-810,16
20152113032146-740,26
20152113062104-747,148
20152113072113-341,115
20152113082134-379,34
20152113092153-515,136
20152113112105-375,36
20152113112111-474,15
20152113122117-126,38
20152113122131-405,16
20152114012137-37,25
20152114022149-636,58
20152114052147-25,63
20152114062127-937,47
20152114062143-72,104
20152114062155-626,34
20152114082104-58,34
20152114092105-596,121
20152114092152-64,52
20152114092153-665,7
20152115022106-782,88
20152115022112-484,36
20152115022139-792,41
20152115032120-829,152
20152115052114-277,110
20152115052144-891,48
20152115072114-129,50
20152115082118-322,34
20152115112117-209,133
20152115122135-105,71
20152115122151-22,8
20152116012117-783,58
20152116012154-321,16
20152116022122-905,60
20152116032136-119,8
20152116052127-688,109
20152117012105-319,75
20152117022134-310,69
20152117022136-22,91
20152117022138-506,127
20152117032144-298,108
20152117032153-479,48
20152117082147-620,34
20152117102116-550,20
20152117102125-801,36
20152117102148-715,69
20152117112144-981,33
20152118012111-932,57
20152118012158-789,41
20152118022105-958,45
20152118022130-931,19
20152118032137-233,75
20152118042118-402,59
20152118042132-912,27
20152118062116-871,38
20152118062119-213,16
20152118072137-646,39
20152118082127-664,12
20152118102115-982,8
20152118102155-426,22
20152118112126-133,20
20152119012112-241,32
20152119012122-41,0
20152119022156-795,90
20152119042123-730,90
20152119062102-718,30
20152119062142-398,10
20152119072136-180,61
20152119072139-838,16
20152119092102-380,47
20152119092141-364,67
20152119112140-97,26
20152119112147-519,15
20152119122102-412,72
20152120032107-809,122
20152120032144-608,5
20152120042149-770,13
20152120042151-891,34
20152120062113-208,69
20152120062126-798,19
20152120062137-97,113
20152120072110-350,4
20152120072139-567,15
20152120082112-482,36
20152120082123-322,50
20152120092115-393,42
20152120122138-42,71
20152121012154-584,69
20152121032108-158,69
20152121052117-267,72
20152121072132-648,16
20152122032104-25,36
20152122032147-219,89
20152122042102-592,125
20152122082127-299,47
20152122092109-795,79
20152122112149-266,10
20152122122110-0,124
20152123012131-392,82
20152123012154-34,5
20152123012156-892,69
20152123022116-269,10
20152123022155-571,91
20152123032134-92,61
20152123052127-127,106
20152123052153-48,16
20152123082158-381,48
20152123092102-183,20
20152123092103-610,136
20152123102144-807,90
20152123112152-81,39
20152123112157-145,34
20152123112158-667,36
20152124032130-189,92
20152124042144-877,10
20152124042157-591,86
20152124062158-615,112
20152124062158-997,36
20152124092157-104,27
20152124122113-381,4
20152125012145-520,48
20152125052113-381,74
20152125062113-255,57
20152125082143-910,122
20152125092114-567,15
20152126012150-343,24
20152126032100-410,78
20152126032151-160,74
20152126062147-292,36
20152126082127-586,74
20152126082136-831,24
20152126082136-879,26
20152126092144-384,90
20152126102142-711,73
20152126102158-822,36
20152126112132-235,0
20152127022115-856,10
20152127022147-128,10
20152127072121-933,26
20152127072145-488,69
20152127092126-374,16
20152127092127-236,49
20152127102149-247,15
20152127122100-117,72
20152128022142-203,98
20152128042140-763,32
20152128062123-84,91
20152128072158-862,46
20152128082122-345,27
20152128092124-904,96
20152128102128-573,85
20152128102134-587,48
20152128122117-954,126
20152129012109-280,59
20152129052143-619,39
20152129062158-608,64
20152129102109-855,115
20152129102151-57,18
20152130012150-571,9
20152130032113-173,142
20152130042105-824,54
20152130042117-481,34
20152130052126-284,88
20152130072111-229,94
20152130082153-677,0
20152130102130-760,60
20152130122123-358,132
20152131032135-392,48
20152131042143-820,61
20152131052130-113,4
20152131052139-964,69
20152131072114-536,83
20152131082145-700,104
20152201042213-827,90
20152201042246-439,107
20152201082225-621,99
20152201102241-597,38
20152201122209-900,151
20152202012218-44,27
20152202022209-169,94
20152202022250-564,7
20152202032222-714,9
20152202042207-865,36
20152202052214-494,80
20152202062209-615,18
20152202092258-284,74
20152202102216-351,27
20152202102234-147,9
20152202102255-946,143
20152203012222-575,143
20152203022240-717,63
20152203102251-393,20
20152204012203-647,106
20152204022256-24,107
20152204042231-872,48
20152204042233-205,16
20152204072237-355,8
20152204092240-394,122
20152204122238-160,54
20152204122249-309,98
20152205012225-120,6
20152205022233-507,12
20152205052223-701,88
20152205052244-453,37
20152206032253-815,36
20152206032259-605,113
20152206042213-803,74
20152206042215-304,85
20152206102200-278,69
20152206102254-44,1
20152206122234-137,13
20152207042208-551,115
20152207052205-192,-1
20152207062203-49,20
20152207062244-430,33
20152207072213-862,19
20152207082206-772,67
20152207092241-349,27
20152207112247-321,11
20152207112251-309,48
20152207122235-665,50
20152207122249-225,80
20152208012223-312,96
20152208012227-661,137
20152208022208-434,125
20152208032247-227,123
20152208042243-251,84
20152208052219-435,30
20152208062246-552,16
20152208072205-212,151
20152208092238-312,9
20152208102214-315,137
20152208112234-845,37
20152209012245-920,97
20152209032232-843,116
20152209042237-129,41
20152209112200-277,10
20152209112223-837,113
20152209122210-562,117
20152209122252-643,10
20152210012222-457,41
20152210012245-940,36
20152210022206-313,10
20152210032211-174,30
20152210052208-675,16
20152210082219-476,10
20152210082225-415,36
20152210092239-278,73
20152210102209-548,92
20152210102259-455,10
20152210112213-643,104
20152210112240-564,109
20152211012222-635,34
20152211022237-502,118
20152211032204-654,32
20152211042208-883,32
20152211042210-394,73
20152211042237-726,74
20152211042257-697,108
20152211072207-967,125
20152211072240-895,15
20152211072259-493,41
20152211092220-167,13
20152211102241-237,48
20152211122236-998,81
20152212012220-833,26
20152212012249-243,86
20152212042240-581,28
20152212062218-105,51
20152212072218-389,61
20152212082224-705,28
20152212092223-877,26
20152212092229-313,42
20152212112239-676,32
20152212112246-498,5
20152212122210-842,85
20152213022222-988,34
20152213052204-177,20
20152213052231-459,21
20152213052248-272,18
20152213062229-308,20
20152213082239-249,49
20152213082245-237,34
20152213092251-545,69
20152213112203-206,48
20152214052220-756,36
20152214082229-840,9
20152214112227-822,75
20152215012241-906,48
20152215012252-40,26
20152215022221-833,125
20152215052253-670,27
20152215082220-506,131
20152215082242-794,51
20152215092206-481,12
20152215092246-386,109
20152215112213-245,9
20152215112254-271,6
20152215122235-485,52
20152216022232-679,51
20152216052222-777,8
20152216082220-757,61
20152216092258-194,47
20152216102203-558,88
20152217012232-158,124
20152217032234-627,90
20152217052212-65,96
20152217052228-789,134
20152217062216-899,115
20152217062234-111,30
20152217082258-420,26
20152217092227-37,46
20152217112251-421,11
20152218012209-123,6
20152218032209-218,97
20152218042251-536,9
20152218052241-425,134
20152218072255-716,55
20152218102211-392,9
20152218112227-86,16
20152218122205-541,50
20152218122219-545,32
20152219012207-18,90
20152219022226-144,69
20152219062237-780,41
20152219062245-400,20
20152219092238-393,124
20152219112242-277,25
20152219122227-40,27
20152219122244-561,98
20152220042220-374,50
20152220052216-995,15
20152220062208-128,27
20152220092213-786,109
20152220102228-66,88
20152220112252-143,58
20152221042228-210,16
20152221072217-797,107
20152221082207-234,52
20152221092251-883,38
20152221102210-862,12
20152221122225-86,69
20152222012249-468,64
20152222022221-91,121
20152222022247-926,10
20152222102227-126,90
20152223022255-149,34
20152223042211-392,8
20152223042218-412,8
20152223052251-513,108
20152223102215-972,16
20152223122243-678,9
20152224012227-459,17
20152224012238-864,69
20152224022226-330,151
20152224022249-336,26
20152224062251-834,78
20152224062254-484,48
20152224092219-261,15
20152225012231-425,124
20152225022204-845,108
20152225032231-526,22
20152225052226-588,11
20152225052227-856,48
20152225052245-62,10
20152225072221-988,20
20152225082250-866,12
20152225102215-515,34
20152225122203-527,8
20152225122214-61,90
20152226012202-158,69
20152226032253-445,78
20152226042225-392,41
20152226052247-507,144
20152226062249-472,39
20152226092250-865,80
20152226102230-122,69
20152226112253-35,48
20152226122251-984,88
20152227012222-977,120
20152227022219-923,88
20152227032213-640,10
20152227032235-207,151
20152227062255-337,18
20152227062258-532,58
20152227082212-733,27
20152228012232-73,16
20152228012256-73,0
20152228052246-362,27
20152228072238-733,69
20152228072255-257,8
20152228082226-837,20
20152228092227-946,10
20152228112223-26,53
20152229012216-958,0
20152229022224-672,118
20152229042252-825,20
20152229052214-773,61
20152229062205-244,57
20152229062214-724,109
20152229062218-697,36
20152229062233-1,33
20152229082208-930,26
20152229082211-119,10
20152229092222-160,50
20152229102207-462,141
20152230022207-391,20
20152230022253-963,67
20152230062207-827,36
20152230072211-448,131
20152230092210-527,141
20152230102236-33,27
20152230112213-138,27
20152230122219-12,10
20152230122233-577,101
20152231032211-936,101
20152231062202-976,156
20152231072249-788,0
20152231082210-565,36
20152231092234-568,17
20152231092249-413,42
20152231122207-586,21
20152231122245-86,20
20152301012309-631,0
20152301012355-664,21
20152301022309-569,88
20152301032339-982,57
20152301032352-299,27
20152301062342-475,8
20152301112328-896,116
20152302012357-409,132
20152302052353-71,5
20152302082313-686,122
20152302082355-364,16
20152302112341-300,27
20152302122333-628,61
20152303022337-383,48
20152303032328-493,108
20152303042327-304,87
20152303052305-443,4
20152303052328-94,11
20152303052342-816,26
20152303082316-783,16
20152303122300-503,69
20152303122324-976,8
20152303122355-921,26
20152304012310-843,21
20152304062326-36,24
20152304062337-472,104
20152304082301-656,27
20152304092306-366,99
20152304102318-470,34
20152304102334-555,25
20152304112312-366,48
20152305012336-61,118
20152305022313-514,99
20152305032346-176,16
20152305042350-547,26
20152305052333-803,68
20152305052335-966,26
20152305062305-421,130
20152305082333-92,27
20152305082336-140,48
20152305082340-588,60
20152305092306-830,34
20152305092355-533,1
20152305102359-381,8
20152305112331-211,62
20152306012327-196,16
20152306012336-797,46
20152306052342-412,18
20152307032323-592,36
20152307032337-327,80
20152307032350-692,34
20152307032352-90,36
20152307042315-347,143
20152307062331-61,157
20152307102329-186,4
20152307122306-159,25
20152308022352-388,8
20152308032332-748,126
20152308032338-323,149
20152308042340-603,10
20152308042350-143,9
20152308052309-408,27
20152308052334-841,40
20152308052350-291,16
20152308062330-627,63
20152308092357-115,8
20152308112339-333,16
20152309012303-904,17
20152309032337-465,117
20152309042301-368,11
20152309042314-932,9
20152309042338-514,10
20152309042350-396,57
20152309052315-705,118
20152309052319-743,16
20152309062306-178,27
20152309062330-493,10
20152309072326-14,126
20152309092303-862,33
20152309122344-82,7
20152309122352-628,16
20152310012300-960,10
20152310012347-406,11
20152310032333-876,46
20152310032340-322,131
20152310062330-670,0
20152310062340-347,47
20152310072357-609,10
20152310082337-650,83
20152310122302-214,6
20152310122310-667,10
20152310122331-147,16
20152310122332-782,77
20152310122351-816,15
20152311042305-710,34
20152311042309-856,62
20152311062307-732,10
20152311062324-562,72
20152311062341-163,86
20152311072310-506,26
20152311072315-507,69
20152311102311-455,0
20152311102347-770,94
20152311112310-680,61
20152311122311-487,10
20152311122334-641,30
20152312032306-68,157
20152312032319-646,130
20152312032331-150,20
20152312072343-139,157
20152312092334-13,149
20152312102355-589,157
20152312112319-869,117
20152312122312-603,112
20152313012351-447,10
20152313032302-271,25
20152313042355-59,157
20152313082337-923,157
20152313082354-230,10
20152313102357-845,151
20152313112312-967,8
20152313112315-738,69
20152314022354-603,123
20152314062321-228,89
20152314062351-552,92
20152314072344-822,37
20152314082352-547,25
20152314092359-912,36
20152314112304-131,36
20152315032358-764,20
20152315072332-767,8
20152315082333-104,8
20152315092322-945,157
20152315102309-132,122
20152315102339-716,157
20152315102354-941,130
20152315112315-857,8
20152315112350-62,10
20152315122321-162,103
20152316042323-34,27
20152316042327-753,141
20152316052346-175,152
20152316062304-669,20
20152317012342-801,136
20152317012346-970,79
20152317022307-38,10
20152317022313-873,85
20152317022335-709,61
20152317032338-48,26
20152317092314-52,85
20152317102301-124,118
20152317102350-322,69
20152317122348-82,134
20152318072357-176,126
20152318082312-652,159
20152318082352-750,141
20152318082356-512,15
20152318102340-546,61
20152318122323-590,8
20152318122332-895,8
20152319012332-577,36
20152319052345-291,16
20152319052357-61,12
20152319062326-778,10
20152319062329-368,8
20152319082350-281,114
20152319092320-59,32
20152319102320-697,43
20152319102327-675,69
20152319102346-104,27
20152319122309-722,38
20152320032305-961,20
20152320042343-566,8
20152320062307-304,69
20152320082328-24,20
20152320082347-537,39
20152320082354-550,133
20152320122309-834,10
20152321032356-54,86
20152321052344-894,9
20152321082309-919,69
20152322022322-987,8
20152322022341-751,0
20152322022358-505,93
20152322032311-486,51
20152322032341-450,17
20152322042319-725,130
20152322072348-123,61
20152322082341-481,47
20152322092332-533,160
20152322102328-907,10
20152322112332-133,22
20152323012334-36,25
20152323032339-44,108
20152323042339-40,34
20152323062321-314,12
20152323072326-280,69
20152323072348-119,122
20152323092311-855,69
20152323112354-819,137
20152323122345-460,15
20152324022320-66,34
20152324022327-190,34
20152324042300-801,34
20152324052315-848,139
20152324062336-990,10
20152324062346-315,53
20152324122302-106,69
20152325012334-763,72
20152325032338-563,113
20152325042329-787,92
20152325042351-815,10
20152325062348-193,115
20152325092328-229,128
20152325092351-461,40
20152326012317-940,87
20152326062339-173,69
20152326082325-308,71
20152326092313-487,89
20152327042320-323,20
20152327072313-908,16
20152327072324-277,11
20152327072350-759,52
20152327092353-670,127
20152328042352-915,69
20152328052331-12,34
20152328052341-673,109
20152328062340-570,69
20152328082316-929,72
20152328092339-933,82
20152328102355-953,52
20152328112340-523,37
20152328112352-194,59
20152328122311-696,47
20152329032334-147,88
20152329032351-969,69
20152329042336-445,42
20152329052335-690,5
20152329062349-272,69
20152329072302-894,61
20152329082330-106,34
20152329112318-793,132
20152330012336-951,16
20152330032302-7,52
20152330072319-809,36
20152330112320-637,124
20152330112343-14,87
20152330112343-461,54
20152330122319-139,41
20152331032358-34,43
20152331062301-12,36
20152331102327-0,79
20152331112304-830,78
20152331112333-23,10
20152401012401-945,48
20152401042423-667,15
20152401042455-455,48
20152401052435-718,27
20152401082415-2,36
20152401082424-321,114
20152401092405-316,47
20152402022405-673,157
20152402022440-487,69
20152402052415-950,4
20152402052446-631,49
20152402102451-539,20
20152402112425-692,157
20152403022431-861,27
20152403072422-270,69
20152403072422-587,25
20152403092415-182,115
20152403092450-889,27
20152403092454-380,15
20152403102434-408,33
20152403122407-918,72
20152403122411-987,27
20152403122426-392,13
20152404012417-940,45
20152404022405-329,86
20152404022448-606,72
20152404042428-569,61
20152404052454-27,9
20152404052454-43,43
20152404072411-614,122
20152405012441-733,10
20152405022459-647,139
20152405032406-480,67
20152405042448-474,-1
20152405052406-500,72
20152405052429-339,36
20152405052429-552,26
20152405072434-384,159
20152405072454-867,9
20152405082447-612,4
20152405092403-279,143
20152405112431-324,130
20152405122407-516,87
20152405122436-184,55
20152406032402-937,69
20152406062413-985,9
20152406062431-898,7
20152406112431-687,4
20152407022444-628,5
20152407072413-469,30
20152407092408-902,8
20152407112407-347,52
20152408032407-297,90
20152408032428-524,151
20152408052435-531,5
20152408092417-963,52
20152408102406-549,5
20152408102413-854,8
20152408112419-449,96
20152408122403-570,17
20152408122408-513,8
20152408122413-113,98
20152409032441-824,73
20152409072430-537,139
20152409072455-322,69
20152410022441-44,0
20152410052429-714,36
20152410062418-384,115
20152410062442-798,8
20152411022428-441,101
20152411032440-684,40
20152411062410-916,52
20152411082414-565,69
20152411082436-105,151
20152411112400-77,10
20152411112403-168,87
20152412032403-590,41
20152412032434-101,30
20152412052457-971,52
20152412072424-920,157
20152412092409-540,67
20152412102404-488,36
20152412112444-843,157
20152413022453-895,69
20152413042403-986,61
20152413082458-639,0
20152413092454-51,117
20152414012445-532,126
20152414012455-891,62
20152414032433-552,157
20152414062411-153,76
20152414072405-565,151
20152414072427-544,20
20152414102424-455,20
20152414102459-200,88
20152414112403-762,126
20152414112449-719,34
20152414122415-656,11
20152414122458-225,30
20152415022421-459,48
20152415032400-232,41
20152415032411-506,139
20152415072428-134,106
20152415082432-673,83
20152415082445-519,36
20152415102404-680,75
20152416012433-808,91
20152416052437-776,8
20152416072430-9,61
20152416082403-649,16
20152416092419-925,36
20152416092443-318,101
20152416102430-660,83
20152416112439-676,86
20152417062433-543,70
20152417072435-96,16
20152417092440-18,34
20152418032419-355,16
20152418042404-126,24
20152418062402-211,9
20152418062431-881,159
20152418062434-209,54
20152418082406-450,157
20152418082414-70,33
20152419022425-210,125
20152419032446-621,34
20152419032457-473,90
20152419072451-481,26
20152419082409-947,26
20152419102424-497,83
20152419112454-313,125
20152420022410-547,69
20152420022419-264,63
20152420032414-663,132
20152420032437-451,10
20152420042418-788,42
20152420092438-901,69
20152420102431-623,9
20152420122408-685,100
20152420122429-39,85
20152420122455-320,34
20152420122455-589,69
20152421012429-950,8
20152421022448-172,51
20152421022459-684,27
20152421032440-973,88
20152421042448-292,88
20152421062416-977,25
20152421072403-434,6
20152421122448-609,59
20152422012450-156,12
20152422012456-587,36
20152422022432-539,69
20152422022446-473,157
20152422042432-491,58
20152422072455-952,136
20152422092440-277,74
20152422092444-139,26
20152422112440-749,9
20152423022412-719,22
20152423052446-168,36
20152423062407-315,159
20152423072412-875,143
20152423082429-73,91
20152423092439-48,10
20152423112402-763,60
20152423112459-17,59
20152424032429-194,11
20152424042420-968,126
20152424052443-578,7
20152424062413-508,72
20152424062441-168,11
20152424062452-330,90
20152424072445-404,85
20152424092415-398,86
20152424092432-500,16
20152424092452-62,2
20152424112431-241,10
20152424112450-95,71
20152425022404-621,26
20152425042429-767,49
20152425052441-935,125
20152425052447-406,26
20152425092455-910,45
20152425102452-494,159
20152425112418-776,119
20152425122402-939,157
20152426012406-588,36
20152426012444-553,88
20152426042443-801,47
20152426062419-163,26
20152426062421-939,16
20152426062434-212,71
20152426082409-815,8
20152426102420-898,8
20152426112406-630,34
20152426112411-28,9
20152427042457-76,21
20152427052450-592,59
20152427082431-293,10
20152427102437-384,39
20152427102449-480,27
20152428012418-349,48
20152428082416-736,10
20152428092457-800,65
20152428112424-840,149
20152428112426-434,126
20152429012447-906,88
20152429032416-518,57
20152429062400-884,109
20152429072428-70,16
20152429082415-229,69
20152429092418-25,16
20152430012427-9,10
20152430012458-590,44
20152430032437-581,15
20152430072403-109,98
20152430092403-586,136
20152430092422-260,27
20152430092456-841,27
20152431022403-301,60
20152431042401-601,8
20152431042436-774,34
20152431052426-912,34
20152431062440-856,96
20152431082455-57,16
20152431122444-914,143
20152501012546-952,24
20152501012557-10,98
20152501022508-822,116
20152501032501-316,62
20152501032517-581,50
20152501042554-868,26
20152501052505-264,36
20152501052545-509,69
20152501062522-694,101
20152501072548-463,119
20152501072557-71,27
20152501082533-97,36
20152501092548-592,83
20152501112519-331,24
20152502022556-609,36
20152502052551-148,48
20152502052558-440,38
20152502062553-799,68
20152502092544-104,67
20152502112508-357,20
20152502112545-83,130
20152503012502-560,36
20152503032527-873,19
20152503092511-223,48
20152503122522-339,39
20152504042505-190,8
20152504042522-96,61
20152504062558-894,34
20152504072503-198,125
20152504082535-450,10
20152504102511-329,21
20152504102521-438,48
20152504102537-658,65
20152504102542-990,88
20152504112551-431,58
20152505042539-392,27
20152505052550-320,130
20152505062547-670,16
20152505072520-878,5
20152505072542-147,89
20152505102515-978,17
20152505102537-378,97
20152505102539-470,122
20152505122536-553,69
20152506022558-327,9
20152506042502-26,20
20152506042511-712,13
20152506102551-352,43
20152506112538-503,26
20152506122555-795,39
20152507042510-272,36
20152507042512-111,40
20152507042513-559,16
20152507042535-456,133
20152507042553-806,78
20152507052543-844,74
20152507062510-527,52
20152507062525-949,36
20152507072524-315,118
20152507072529-237,26
20152507082537-2,87
20152508032527-438,41
20152508052555-733,88
20152508062501-133,47
20152508072546-205,86
20152508082517-666,88
20152508082544-654,65
20152508092527-156,8
20152508092529-564,26
20152508122539-888,36
20152509022530-659,9
20152509052554-869,46
20152509062517-713,26
20152509072510-961,21
20152509072520-737,118
20152509072533-673,133
20152509092558-706,88
20152509102521-374,122
20152509112544-291,47
20152509112549-162,8
20152509112558-632,8
20152509122522-677,16
20152510042538-641,48
20152510092527-332,37
20152510112541-380,121
20152511042559-219,69
20152511052523-668,36
20152511062558-155,27
20152511072526-706,27
20152511082550-104,18
20152511092509-781,36
20152511102520-964,107
20152511122515-404,48
20152511122549-56,8
20152512042530-460,57
20152512052534-249,12
20152512062542-417,80
20152512062545-262,108
20152512092555-343,38
20152512122535-411,9
20152513022510-403,27
20152513042503-895,39
20152513062511-634,20
20152513062528-584,135
20152513092510-289,20
20152513092510-818,41
20152513092548-480,105
20152513092550-113,94
20152513102540-141,39
20152513102549-213,100
20152513102558-161,54
20152514012518-423,42
20152514072513-701,155
20152514072525-135,70
20152514082508-137,8
20152514102555-759,115
20152514122548-18,3
20152515012542-655,33
20152515012543-659,58
20152515022543-461,16
20152515022548-940,36
20152515032502-467,52
20152515042526-374,71
20152515042527-388,151
20152515062540-976,15
20152515082556-333,125
20152515102520-183,41
20152515102557-50,121
20152515112517-831,94
20152515112525-739,3
20152515122543-890,16
20152516012505-332,35
20152516032549-968,144
20152516042528-805,88
20152516042540-669,36
20152516052541-990,46
20152516072546-954,36
20152516072549-566,72
20152516082512-745,26
20152516102554-495,36
20152516122531-638,50
20152517012505-445,144
20152517012540-586,160
20152517032501-916,15
20152517042527-36,58
20152517052550-256,48
20152517072506-105,51
20152517072521-921,48
20152517072551-546,151
20152517082542-792,8
20152517082550-64,36
20152517092529-612,43
20152518012558-924,25
20152518022508-403,41
20152518042537-745,97
20152518072549-657,12
20152518092508-778,26
20152518102540-889,34
20152518112549-926,55
20152519022524-610,26
20152519022555-673,36
20152519042530-485,6
20152519042555-47,163
20152519052551-298,123
20152519062544-210,3
20152519082511-770,15
20152519102554-161,80
20152519112516-176,47
20152520022515-874,88
20152520032534-568,8
20152520042545-155,71
20152520062536-43,109
20152520062540-431,9
20152520092520-405,24
20152521022518-901,26
20152521022555-359,83
20152521032508-395,72
20152521052513-445,31
20152521052530-437,31
20152521082513-203,8
20152521082518-316,66
20152521082543-773,54
20152521092506-969,48
20152522012519-402,136
20152522052539-144,3
20152522062502-870,164
20152522062547-875,56
20152522072536-373,98
20152522072551-380,11
20152523012506-74,135
20152523032526-775,63
20152523042522-538,11
20152523062510-74,90
20152523082535-186,26
20152523102537-132,34
20152524012500-138,27
20152524032503-334,25
20152524032553-30,160
20152524042528-383,85
20152524042552-114,34
20152524042554-641,26
20152524072545-996,77
20152524082502-366,90
20152524082521-737,136
20152524112511-940,10
20152524122527-579,131
20152525012508-370,26
20152525012549-913,66
20152525032537-431,8
20152525042516-108,38
20152525042519-381,55
20152525042530-85,26
20152525042535-195,52
20152525062542-225,26
20152525062543-274,39
20152525082524-985,20
20152525092541-151,26
20152525102559-950,65
20152526042506-542,136
20152526062530-151,124
20152526082520-23,17
20152526122519-113,51
20152527022522-115,116
20152527022531-64,122
20152527032543-8,16
20152527032555-353,27
20152527072503-929,66
20152527092517-772,24
20152527102521-92,113
20152527102541-175,116
20152527102554-683,43
20152528012515-626,75
20152528012520-453,77
20152528012542-188,25
20152528022533-167,90
20152528052550-543,114
20152528092511-140,115
20152528092556-30,78
20152528102542-269,110
20152528112512-496,48
20152529012515-597,0
20152529022528-642,5
20152529032522-874,40
20152529032542-292,9
20152529032546-113,20
20152529062500-596,149
20152529072547-796,86
20152529092504-987,113
20152529092534-521,67
20152529092545-735,20
20152529102538-290,48
20152529102554-390,20
20152529122514-610,36
20152529122535-473,16
20152530042509-982,10
20152530042540-171,10
20152530052504-640,148
20152530082532-866,81
20152530102514-642,10
20152530102539-80,4
20152530112555-432,48
20152531032502-40,124
20152531072521-938,21
20152531082521-227,72
20152531082536-410,10
20152531102541-22,25
20152531112500-776,63
20152601012639-8,36
20152601022603-965,34
20152601032602-114,27
20152601062655-890,36
20152601072603-870,20
20152601072646-339,57
20152601092607-499,107
20152601092630-363,16
20152601112611-300,131
20152601122623-54,136
20152602012639-340,112
20152602042627-350,124
20152602042647-114,63
20152602062632-579,20
20152602072610-386,36
20152602072648-861,9
20152602072655-429,49
20152602072659-678,163
20152602082644-571,36
20152602112608-911,39
20152602122642-940,81
20152603012609-626,158
20152603022615-769,97
20152603032600-411,36
20152603032638-774,88
20152603052648-115,27
20152603062609-710,112
20152603072604-152,0
20152603072628-94,32
20152603082646-209,41
20152603092611-468,30
20152603122624-578,68
20152604012628-0,20
20152604012632-211,36
20152604022659-533,18
20152604052658-724,110
20152604062637-526,10
20152604072643-403,30
20152604082614-455,1
20152604112601-952,26
20152604112641-515,27
20152604122627-392,10
20152604122658-312,27
20152605012634-824,102
20152605042639-261,74
20152605052649-247,7
20152605062636-836,37
20152605072638-932,26
20152605072645-576,9
20152605082604-337,128
20152605102601-328,15
20152605102611-434,61
20152605122628-610,118
20152606012620-386,71
20152606012640-366,105
20152606012652-335,118
20152606022604-255,76
20152606022653-437,47
20152606032633-61,8
20152606032633-640,124
20152606052630-884,39
20152606052635-272,16
20152606062618-786,53
20152606072615-951,104
20152606092611-288,77
20152606102611-230,122
20152606122615-459,52
20152607012617-339,101
20152607012632-335,0
20152607012655-615,10
20152607042619-960,48
20152607042623-797,48
20152607052612-325,47
20152607062650-779,120
20152607072621-439,10
20152607072653-308,118
20152607092603-350,77
20152607092607-197,36
20152607102601-20,16
20152607102647-573,11
20152607112632-973,108
20152608012606-941,5
20152608022645-733,34
20152608042656-439,59
20152608052615-214,121
20152608082638-702,32
20152608082640-6,15
20152608082651-981,158
20152608092601-553,35
20152608092613-41,87
20152608112631-387,113
20152609012611-577,36
20152609092656-305,20
20152609102611-783,24
20152609112632-767,26
20152610012616-238,105
20152610022639-223,36
20152610022654-88,158
20152610032628-677,26
20152610052623-296,57
20152610062612-425,99
20152610092600-874,125
20152610112615-740,59
20152610112631-411,41
20152610122627-285,36
20152611012607-354,35
20152611012652-785,36
20152611022615-260,32
20152611022640-459,148
20152611042608-753,27
20152611042652-570,16
20152611072627-207,21
20152611092650-295,36
20152612012617-85,69
20152612012636-355,9
20152612022619-830,74
20152612032640-395,122
20152612072617-383,40
20152612092616-433,27
20152612122625-610,10
20152612122652-844,100
20152612122659-947,42
20152613022643-189,113
20152613102638-652,69
20152613102657-412,115
20152613112639-741,69
20152613122637-292,26
20152614032608-515,83
20152614032611-671,78
20152614032616-732,20
20152614052608-658,32
20152614052641-115,124
20152614072648-135,71
20152614112602-965,126
20152614112619-98,136
20152614122614-782,41
20152615012610-377,12
20152615032614-151,26
20152615032653-523,0
20152615072606-62,4
20152615082644-315,26
20152615082645-320,48
20152615102606-97,69
20152615122601-96,34
20152616022624-356,11
20152616022625-64,6
20152616032618-514,101
20152616042649-259,118
20152616052613-210,48
20152616062617-515,126
20152616072646-204,125
20152616072652-905,5
20152616092627-391,9
20152616112648-695,7
20152617012605-746,16
20152617012638-107,10
20152617012640-251,116
20152617022607-984,42
20152617022615-821,116
20152617022639-188,36
20152617092646-509,9
20152618022623-126,58
20152618042637-966,92
20152618062642-81,142
20152618072621-823,10
20152618072637-79,118
20152618092632-650,94
20152618102646-953,94
20152619012615-221,118
20152619052643-277,39
20152619052654-46,91
20152619062611-689,101
20152619062644-549,48
20152619062652-455,68
20152619072610-850,108
20152619072641-809,61
20152619102612-568,63
20152620012607-238,112
20152620032609-833,60
20152620032614-122,16
20152620042635-437,50
20152620052624-864,36
20152620062601-225,36
20152620062633-528,107
20152620072611-980,-1
20152620092652-624,30
20152620102631-377,2
20152620122611-643,69
20152620122646-486,125
20152621012645-75,98
20152621052652-607,48
20152621062629-429,88
20152621082611-901,9
20152621082654-458,71
20152621092652-941,36
20152622012613-387,59
20152622032605-762,20
20152622042619-891,126
20152622042630-66,2
20152622052658-108,48
20152622072612-632,16
20152623072629-800,32
20152623082622-737,27
20152623092639-730,59
20152623092656-715,135
20152623102601-929,35
20152623122622-438,36
20152624012651-349,36
20152624032647-451,27
20152624042644-559,-1
20152624072652-602,5
20152624072658-21,8
20152624102605-26,6
20152624122615-528,-1
20152625012610-60,123
20152625022619-350,30
20152625022653-561,20
20152625032611-756,34
20152625042644-584,36
20152625052621-728,35
20152625072614-162,27
20152625072619-375,16
20152625072651-427,88
20152625082625-798,9
20152625082631-507,91
20152625102655-249,80
20152626022632-543,42
20152626022659-583,61
20152626032621-951,120
20152626062625-468,126
20152626062634-704,48
20152626072602-493,97
20152627022642-406,34
20152627032619-195,-1
20152627032636-64,13
20152627042635-754,36
20152627052611-825,91
20152627092600-849,45
20152628012607-30,34
20152628082657-500,50
20152628112645-216,105
20152628122633-435,34
20152629012651-157,57
20152629022625-52,55
20152629032602-475,20
20152629032604-459,9
20152629032648-26,20
20152629042632-481,43
20152629072643-892,82
20152629082632-277,16
20152629122639-423,48
20152630022658-764,34
20152630062606-542,69
20152630092647-226,125
20152630102605-959,36
20152630102651-351,6
20152630112619-767,36
20152630112657-79,48
20152631012643-373,33
20152631022621-156,16
20152631082611-613,125
20152631112623-34,115
20152701012757-798,9
20152701022725-153,45
20152701022732-867,16
20152701042737-169,20
20152701042745-699,9
20152701052720-709,69
20152701062759-795,69
20152701072708-253,34
20152701082731-176,26
20152701112759-138,71
20152702012744-220,86
20152702072702-121,37
20152702082701-295,89
20152702082717-764,26
20152702112740-619,117
20152702112744-513,86
20152703012733-565,116
20152703012746-542,12
20152703062723-570,46
20152703072701-166,128
20152703072711-146,32
20152703072722-313,61
20152703092725-377,18
20152703112735-711,72
20152703112748-47,90
20152704012705-41,50
20152704012752-116,12
20152704022701-232,5
20152704022721-344,114
20152704022755-875,33
20152704052713-407,34
20152704052728-389,16
20152704102759-689,16
20152704112753-610,71
20152705042730-318,80
20152705082700-328,70
20152705082730-727,74
20152705092735-661,30
20152705112730-412,122
20152705112755-32,108
20152705122752-45,10
20152706012711-413,27
20152706022725-184,49
20152706032730-402,2
20152706042715-176,39
20152706062756-380,84
20152706082746-499,-1
20152706092737-722,42
20152706102715-95,133
20152706102758-465,34
20152706112749-394,130
20152706122706-745,36
20152706122712-540,39
20152706122758-11,9
20152707012737-110,9
20152707022754-808,52
20152707042731-919,62
20152707052737-344,36
20152707062703-3,97
20152707072751-974,61
20152707102716-827,53
20152707102724-384,70
20152707102734-863,91
20152707122720-612,67
20152707122725-774,20
20152708012754-464,46
20152708022755-916,9
20152708032744-317,-1
20152708042738-355,34
20152708072750-181,27
20152708082725-940,2
20152708122748-320,9
20152709022719-478,133
20152709032721-99,36
20152709052707-15,94
20152709052754-9,30
20152709062708-45,36
20152709072702-390,68
20152709072703-969,52
20152709082722-414,36
20152709082754-396,125
20152709092720-465,122
20152710022715-872,65
20152710092718-59,16
20152710092737-981,48
20152710122745-528,92
20152711012752-363,156
20152711012753-900,20
20152711032704-985,22
20152711032724-725,109
20152711062726-437,34
20152711062749-315,27
20152711082701-441,114
20152711082711-835,82
20152711092730-427,115
20152711092738-80,69
20152711102726-214,131
20152711112744-600,9
20152711112746-346,107
20152711112749-922,46
20152711112755-796,69
20152711122705-744,87
20152712012701-812,16
20152712012712-669,64
20152712012750-549,116
20152712032717-170,34
20152712032736-635,26
20152712062746-485,68
20152712082719-296,37
20152712092742-702,20
20152712102715-951,17
20152712102746-890,0
20152712122737-855,41
20152713052737-917,16
20152713052748-632,27
20152713072733-35,36
20152713092746-105,8
20152713102754-896,98
20152713112722-565,128
20152713122722-282,154
20152713122724-631,27
20152713122742-24,115
20152714022709-931,90
20152714032723-265,97
20152714062745-516,0
20152714062757-568,4
20152714112748-458,48
20152715082716-327,20
20152715082740-609,86
20152715102715-129,21
20152715102727-628,67
20152716012759-993,48
20152716022735-871,148
20152716042757-275,40
20152716072757-400,9
20152716082703-974,51
20152716092742-820,34
20152716102734-529,125
20152716122736-950,96
20152717042750-937,104
20152717052750-615,132
20152717062754-144,8
20152717062759-153,9
20152717092705-306,27
20152717112747-232,9
20152717122753-2,20
20152718012719-661,15
20152718042732-411,86
20152718102738-773,124
20152718102756-727,71
20152718122750-655,27
20152719012735-573,26
20152719032703-189,8
20152719032729-250,123
20152719032730-548,20
20152719042722-615,48
20152719052719-134,16
20152719082724-919,10
20152719082732-854,10
20152719102718-287,56
20152720032733-633,84
20152720082748-722,164
20152720092750-958,97
20152720112739-23,21
20152720112757-579,26
20152721012702-519,124
20152721052714-57,20
20152721082743-391,21
20152721082747-925,17
20152721092703-739,59
20152721092721-707,27
20152722052705-796,29
20152722052740-669,26
20152722082711-239,44
20152722082714-814,69
20152722102759-13,80
20152723012701-563,69
20152723012751-951,101
20152723022703-590,96
20152723032707-725,22
20152723032741-851,83
20152723042726-628,164
20152723112739-990,37
20152723112750-60,132
20152723122730-481,69
20152723122738-832,118
20152723122754-803,135
20152724022701-346,133
20152724022714-969,32
20152724022725-929,60
20152724022730-933,36
20152724032734-919,48
20152724032744-453,61
20152724042713-265,20
20152724062710-421,55
20152724072748-848,48
20152724092700-102,34
20152724102732-927,141
20152724102747-37,121
20152724112733-858,12
20152724122720-418,9
20152725012712-255,98
20152725032725-88,56
20152725052758-524,128
20152725072720-764,69
20152725072753-376,69
20152725072754-511,36
20152725082707-555,69
20152725112715-664,36
20152726012729-506,70
20152726032711-587,33
20152726032754-124,88
20152726042723-397,74
20152726042724-61,48
20152726042728-687,72
20152726042751-686,84
20152726082705-702,20
20152727032726-130,91
20152727032734-400,37
20152727062727-421,8
20152727092702-729,69
20152727122717-345,143
20152727122724-538,133
20152728012732-411,34
20152728032742-198,10
20152728082727-282,80
20152728102705-563,10
20152728102719-723,134
20152728122745-573,9
20152729012753-836,30
20152729032736-810,134
20152729032750-703,60
20152729032751-107,10
20152729042736-714,112
20152729052719-451,78
20152729052729-806,10
20152729052750-787,36
20152729082705-491,45
20152729082724-578,8
20152729102731-508,115
20152729112721-705,7
20152729112749-811,69
20152730012738-814,82
20152730022758-606,13
20152730052714-154,78
20152730062720-372,143
20152730062723-66,94
20152730062742-90,8
20152730102714-620,109
20152730102727-969,-1
20152730112706-517,42
20152731032706-323,107
20152731042731-228,72
20152731082730-144,10
20152731082747-677,108
20152731092708-712,48
20152731112735-564,1
20152801022821-939,9
20152801032847-862,52
20152801042854-889,30
20152801052822-733,80
20152801072801-74,32
20152801072819-105,136
20152801082834-605,6
20152801102848-547,54
20152801102857-771,20
20152801112834-707,20
20152801112857-221,86
20152801122825-147,34
20152802022845-769,4
20152802042836-36,26
20152802052806-928,39
20152802072821-970,118
20152802112850-57,25
20152803022801-220,36
20152803022825-787,118
20152803032833-38,34
20152803062833-268,26
20152803072816-844,123
20152803082805-619,8
20152803082807-792,85
20152803122832-744,34
20152804012816-125,115
20152804012852-864,48
20152804012856-644,100
20152804022809-547,39
20152804042857-608,69
20152804062818-72,0
20152804082816-432,69
20152804092840-293,21
20152804122805-486,21
20152805012826-73,46
20152805032829-255,30
20152805042806-342,0
20152805062805-519,58
20152805082823-737,5
20152805092834-132,39
20152805092847-422,115
20152805102823-890,70
20152805122808-640,126
20152806032847-86,18
20152806082844-502,114
20152807062821-864,133
20152807082801-714,152
20152807092841-842,9
20152808022859-591,8
20152808032805-306,36
20152808032826-116,53
20152808102810-127,24
20152808102834-790,68
20152808112822-341,48
20152808122849-523,61
20152809012804-904,20
20152809012825-91,8
20152809022854-210,9
20152809032822-774,15
20152809062856-589,80
20152809082800-369,61
20152809082828-889,36
20152809082857-788,8
20152810012838-269,16
20152810012841-23,34
20152810032846-567,10
20152810052855-807,68
20152810102803-808,-1
20152810102819-458,-1
20152810102828-459,-1
20152811012806-340,20
20152811032834-706,10
20152811042814-583,8
20152811062804-277,48
20152811062827-515,44
20152811072814-668,8
20152811072856-634,101
20152811092825-833,45
20152811102800-454,62
20152812012846-131,69
20152812022832-815,43
20152812042815-443,20
20152812042819-422,15
20152812072809-28,48
20152812072846-276,27
20152812082822-19,48
20152812082859-94,16
20152812122813-98,115
20152812122818-384,93
20152813042802-5,99
20152813042842-830,59
20152813042852-20,129
20152813072833-760,55
20152813082845-836,124
20152813082850-252,49
20152813122838-287,77
20152814012834-417,24
20152814042856-261,10
20152814062834-4,124
20152814092813-494,149
20152814102803-385,36
20152814122805-968,112
20152814122810-380,16
20152815012824-971,30
20152815022801-210,27
20152815022831-831,8
20152815022839-704,84
20152815032843-542,53
20152815042814-977,89
20152815052834-912,146
20152815052849-816,16
20152815062858-974,37
20152815072807-909,125
20152815092813-971,34
20152815102844-133,101
20152816032814-271,48
20152816052835-878,50
20152816082835-10,130
20152816082854-883,8
20152816092824-175,57
20152816092830-353,80
20152816102821-282,107
20152816102825-722,5
20152816102859-713,52
20152816112859-104,135
20152816122841-313,112
20152817012849-833,98
20152817022802-947,155
20152817062832-264,50
20152817062846-890,143
20152818012813-881,93
20152818012854-987,47
20152818022812-310,11
20152818052854-218,7
20152818052857-251,36
20152818062808-408,155
20152818092849-712,109
20152819022855-141,62
20152819042821-876,17
20152819062830-519,123
20152819072857-484,54
20152819092823-511,9
20152819112837-9,69
20152819112852-444,84
20152819122822-975,27
20152819122847-981,119
20152820012852-467,36
20152820012858-901,8
20152820042856-757,104
20152820052838-613,60
20152820072852-75,8
20152820102827-437,77
20152820122842-573,20
20152821012818-81,149
20152821022822-568,158
20152821022856-627,27
20152821032823-470,124
20152821042813-361,24
20152821052831-499,7
20152821052835-750,89
20152821062848-391,51
20152821082849-866,27
20152821092812-926,155
20152821092859-995,10
20152821122809-260,84
20152822012830-543,27
20152822032816-655,155
20152822032835-521,16
20152822042853-889,68
20152822052837-707,45
20152822082859-49,15
20152822092858-860,66
20152822102830-453,38
20152822122853-937,25
20152823032800-166,116
20152823032832-378,12
20152823042801-343,109
20152823042829-347,163
20152823092842-19,17
20152823092852-159,8
20152823092856-802,36
20152823112822-506,92
20152823122846-410,105
20152824012815-413,109
20152824022826-397,84
20152824032830-251,111
20152824052835-224,121
20152824072845-49,127
20152824082822-470,68
20152824082829-991,21
20152824082844-651,37
20152824092833-430,108
20152824092842-466,16
20152824102803-264,16
20152824102805-890,14
20152824102831-487,36
20152824112838-319,27
20152824112843-571,30
20152824112857-18,124
20152824122825-461,91
20152825022805-446,26
20152825022854-960,16
20152825032820-688,9
20152825092803-463,80
20152825102838-372,25
20152825122807-418,16
20152826012852-120,34
20152826012855-73,140
20152826032813-181,124
20152826032848-662,41
20152826032859-262,48
20152826092847-177,5
20152826092848-943,41
20152826112825-682,115
20152826122849-281,9
20152826122849-423,57
20152827022817-16,74
20152827022858-442,124
20152827042814-470,91
20152827052816-495,75
20152827062812-82,101
20152827092804-722,8
20152827092833-950,91
20152827102844-258,87
20152828012807-551,77
20152828012850-335,26
20152828012858-566,63
20152828022811-779,16
20152828022814-896,16
20152828102821-431,8
20152828112812-119,-1
20152829012800-488,105
20152829022835-670,101
20152829032815-592,163
20152829042835-796,48
20152829102821-746,27
20152829102829-430,15
20152829122804-337,69
20152829122853-825,63
20152830022802-299,59
20152830022847-358,63
20152830032844-398,115
20152830052802-839,67
20152830052829-513,69
20152830062810-554,46
20152830062828-178,118
20152830082817-542,116
20152830082847-300,6
20152830112817-503,11
20152831012847-256,48
20152831072854-53,124
20152831082802-61,43
20152831092807-142,9
20152831092837-751,33
20152831112827-980,20
20152831112848-584,89
20152831122812-289,8
20152901012954-69,10
20152901022909-746,20
20152901032906-564,99
20152901052918-928,36
20152901052958-57,0
20152901062908-724,108
20152901062931-931,92
20152901102921-648,34
20152902012912-255,129
20152902022903-912,16
20152902022959-436,97
20152902072935-426,16
20152902072939-976,122
20152902082937-708,10
20152902112948-976,5
20152903032903-791,16
20152903032937-233,4
20152903062933-773,43
20152903082927-255,26
20152903102950-329,27
20152903122916-4,10
20152904022933-687,55
20152904032905-433,73
20152904062902-66,114
20152904062938-285,36
20152904082911-449,16
20152904102929-831,9
20152904112957-341,26
20152904122907-350,16
20152905032910-293,125
20152905042935-744,69
20152905062952-3,25
20152905062953-731,9
20152905072918-263,48
20152906012915-562,63
20152906032909-720,26
20152906042948-212,11
20152906042950-49,114
20152906052929-919,69
20152906052937-574,66
20152906062916-113,10
20152906072912-203,26
20152906072917-531,37
20152906102942-511,8
20152906122925-536,44
20152907022931-838,79
20152907052915-532,60
20152907052937-712,48
20152907062931-133,5
20152907072904-713,163
20152907092902-279,126
20152907102923-548,27
20152907102943-591,34
20152907112958-34,108
20152907122926-55,79
20152908012941-964,50
20152908042900-407,115
20152908042934-54,128
20152908052915-805,55
20152908092908-702,88
20152908092920-616,16
20152908102913-779,61
20152908112909-319,105
20152909012939-780,74
20152909022912-907,115
20152909022939-453,10
20152909042926-203,9
20152909072942-365,8
20152909082901-932,6
20152909082925-700,72
20152909082930-35,132
20152909092941-524,112
20152909122900-311,0
20152909122903-463,11
20152909122903-721,32
20152909122911-949,26
20152910022924-572,106
20152910072917-61,16
20152910102928-970,-1
20152910102937-718,10
20152910102951-587,20
20152910102959-782,-1
20152910112929-470,40
20152910112933-896,16
20152911022906-489,163
20152911022907-773,27
20152911032957-286,10
20152911042945-827,22
20152911062908-132,59
20152911062921-382,42
20152911072956-499,8
20152911122959-806,69
20152912012942-33,20
20152912022949-288,8
20152912042903-791,18
20152912062902-70,87
20152912062950-917,84
20152912072922-999,60
20152912092931-553,26
20152913022938-375,114
20152913022951-47,16
20152913042937-614,4
20152913082912-781,72
20152913092907-731,41
20152913092934-991,36
20152913102946-563,26
20152913112925-155,15
20152913112926-819,16
20152913112927-997,70
20152913122916-642,1
20152914022919-320,9
20152914042953-652,41
20152914062905-376,15
20152914062912-293,71
20152914112921-623,16
20152914112948-207,12
20152914122932-849,16
20152915012905-87,77
20152915032927-764,16
20152915032948-543,118
20152915042936-135,48
20152915052903-310,36
20152915062945-604,9
20152915072932-837,73
20152915072941-719,163
20152915082947-110,10
20152915102957-182,20
20152915112943-779,36
20152916022942-353,41
20152916082911-738,10
20152916092901-939,42
20152916092950-546,163
20152917012956-923,78
20152917022909-902,73
20152917022938-308,124
20152917022939-684,25
20152917072906-13,86
20152917072944-998,30
20152917082925-523,124
20152917082934-698,15
20152917082955-286,151
20152917092938-198,90
20152917112949-751,69
20152917112954-84,40
20152918012928-903,71
20152918022901-486,80
20152918032926-186,42
20152918042927-848,124
20152918052926-426,52
20152918052934-920,7
20152918052938-439,148
20152918072959-170,10
20152918092911-868,20
20152918102936-198,69
20152918122930-367,115
20152918122941-170,48
20152919012921-527,60
20152919012937-798,104
20152919022934-701,50
20152919022949-193,84
20152919032901-939,20
20152919062956-312,124
20152919082940-780,101
20152919092946-526,25
20152919122944-137,33
20152920022901-665,26
20152920042942-140,80
20152920072900-597,122
20152920082926-172,27
20152920082932-271,16
20152920092920-965,118
20152921032959-28,40
20152921062957-268,146
20152921082906-529,91
20152921082952-995,121
20152921092906-775,61
20152921092910-77,32
20152921092932-891,133
20152921092953-210,54
20152921102948-216,125
20152922022915-661,90
20152922052930-485,163
20152922072911-283,17
20152922072955-435,69
20152922072959-445,60
20152922082911-839,40
20152922092937-632,69
20152922092955-345,69
20152923012904-916,50
20152923052902-547,163
20152923052930-400,48
20152923052943-630,72
20152923062904-139,16
20152923072910-395,115
20152923082949-398,100
20152923092913-226,163
20152923092918-372,36
20152923092919-201,65
20152923092956-645,9
20152923102955-348,83
20152924032913-724,51
20152924032915-517,52
20152924042913-331,26
20152924062907-668,27
20152924062916-362,8
20152924082925-762,14
20152924102954-653,86
20152924102954-975,65
20152924112938-506,129
20152924122955-171,27
20152925012926-304,101
20152925022919-735,111
20152925022933-385,16
20152925032929-380,84
20152925042913-736,26
20152925052926-237,10
20152925062903-447,58
20152925072917-129,163
20152925072930-684,126
20152925092904-816,67
20152925092944-566,69
20152925102911-696,125
20152925102939-681,51
20152925112935-101,16
20152926022924-267,26
20152926022953-770,39
20152926062943-231,9
20152926082904-213,69
20152926112925-771,89
20152926112951-756,9
20152926122925-922,70
20152927012940-676,16
20152927012946-631,0
20152927032921-834,46
20152927082906-285,83
20152928012913-902,8
20152928042917-42,9
20152928062902-195,9
20152928072953-126,68
20152928092934-717,13
20152928102926-60,54
20152928112908-464,26
20152928122912-286,84
20152928122936-347,90
20152929012937-406,69
20152929022956-198,60
20152929032951-643,18
20152929092918-475,163
20152929122937-811,27
20152930032938-338,33
20152930062935-698,26
20152930072920-440,163
20152930092909-490,71
20152930102917-834,114
20152930102944-762,5
20152930112917-602,148
20152930112937-875,104
20152930112941-335,61
20152930122926-301,21
20152930122930-341,26
20152931062933-133,86
20152931072940-294,73
20152931092901-805,26
20152931122925-72,48
20153001043053-282,10
20153001053010-143,52
20153001073008-682,38
20153001083045-98,12
20153001123033-350,80
20153002013028-298,130
20153002033050-250,34
20153002043000-789,26
20153002053041-801,24
20153002063039-806,27
20153002073028-758,20
20153002083005-261,66
20153002083021-292,26
20153002103029-92,81
20153002113049-336,70
20153002123026-8,71
20153003023020-726,63
20153003023054-91,160
20153003033045-307,69
20153003083005-513,36
20153003083030-321,37
20153003103014-67,16
20153003103027-18,26
20153003103030-613,8
20153003103059-290,60
20153003123012-35,26
20153004013007-217,114
20153004013039-570,79
20153004023033-371,1
20153004073055-527,110
20153004113034-64,10
20153004113046-680,75
20153004123017-776,74
20153004123036-930,25
20153004123046-146,80
20153005033005-611,37
20153005063009-561,26
20153005083043-548,101
20153005093039-50,73
20153005103029-870,69
20153005103040-815,82
20153005113023-61,11
20153005123012-657,6
20153006043003-107,10
20153006063005-968,131
20153006113031-795,51
20153007013003-908,64
20153007073050-177,12
20153007083052-124,112
20153007093004-81,72
20153007103041-821,26
20153007113051-98,53
20153007123009-542,47
20153008023037-716,88
20153008033000-100,84
20153008043051-424,78
20153008063059-589,36
20153008073009-51,59
20153008093014-166,88
20153008103024-792,78
20153009013011-899,57
20153009053027-149,89
20153009063028-871,36
20153009083047-271,36
20153009123001-516,161
20153010023059-654,74
20153010043052-895,118
20153010053045-892,34
20153010083027-943,8
20153010083042-172,101
20153010093001-908,48
20153010103013-306,152
20153010103017-871,-1
20153010103030-870,26
20153011023028-435,85
20153011023048-461,88
20153011043031-930,143
20153011073024-26,5
20153011083029-396,5
20153011083049-203,30
20153011093009-530,27
20153011093025-374,81
20153011103040-710,1
20153011123026-219,9
20153011123052-131,73
20153012023023-906,70
20153012023040-460,71
20153012033056-967,9
20153012053001-658,116
20153012053031-662,130
20153012053050-41,16
20153012063017-562,9
20153012083039-675,104
20153012083040-807,75
20153012093056-795,14
20153012103014-90,48
20153012103050-559,47
20153012113024-266,16
20153013013015-228,109
20153013023021-720,101
20153013023047-224,85
20153013043036-968,9
20153013053000-385,145
20153013053056-41,123
20153013063054-124,14
20153013093053-962,132
20153013113037-790,68
20153013113059-327,125
20153014023000-132,50
20153014043029-662,130
20153014053026-5,99
20153014083025-418,71
20153014083053-943,27
20153014093042-799,48
20153014103011-455,145
20153014103053-84,24
20153014113041-84,116
20153014113059-564,10
20153014123021-320,63
20153014123055-106,43
20153015023001-696,126
20153015023037-512,67
20153015033000-7,26
20153015053016-75,21
20153015053022-392,27
20153015053056-910,59
20153015073041-67,36
20153015093037-107,16
20153016033036-967,52
20153016053018-90,145
20153016063017-510,88
20153016063038-967,41
20153016083036-762,51
20153016093033-887,46
20153016093048-836,10
20153017023011-609,77
20153017033002-607,39
20153017033036-185,61
20153017033046-665,27
20153017053037-496,16
20153017063013-729,16
20153017063038-619,49
20153017103040-192,16
20153017103045-244,115
20153017103047-976,113
20153018013026-319,134
20153018033001-999,127
20153018033009-461,116
20153018043013-848,10
20153018053028-625,16
20153018053053-129,66
20153018063002-652,97
20153018063003-795,10
20153018113027-458,9
20153018123001-4,145
20153019033053-367,114
20153019043019-743,6
20153019073056-11,90
20153019093018-945,27
20153019123025-51,36
20153020023013-76,11
20153020043026-760,0
20153020043037-137,16
20153020053014-949,1
20153020063006-334,8
20153020093058-300,48
20153021013042-13,16
20153021023001-6,45
20153021023003-930,69
20153021023035-120,36
20153021053027-65,27
20153021063030-830,37
20153021073045-85,37
20153021083029-997,115
20153022023040-86,42
20153022043011-99,26
20153022043047-509,112
20153022053043-921,48
20153022063023-868,16
20153022073058-275,67
20153022113011-643,16
20153022123027-88,44
20153023013052-129,96
20153023033010-957,26
20153023033057-365,13
20153023043007-25,16
20153023053020-213,107
20153023063031-787,80
20153023073004-932,48
20153023073030-973,61
20153023073045-965,36
20153023093030-714,9
20153023103028-824,17
20153023123036-30,84
20153024013035-807,65
20153024043021-679,52
20153024043032-864,39
20153024053044-807,108
20153024053054-368,34
20153024113026-294,4
20153024123002-663,8
20153024123008-70,72
20153025043000-31,48
20153025073007-824,51
20153025083001-968,104
20153025093014-930,21
20153025103006-956,10
20153026013023-925,8
20153026013047-679,116
20153026023048-941,5
20153026033020-755,7
20153026053002-255,91
20153026053028-239,74
20153026063040-439,48
20153026063056-531,127
20153026073056-725,20
20153026083032-587,88
20153026093051-464,27
20153026123056-747,36
20153027023002-588,26
20153027033021-889,5
20153027073012-907,27
20153027093025-930,34
20153027123035-916,74
20153028053017-300,36
20153028063014-354,115
20153028063039-6,26
20153028073035-224,26
20153028093055-321,21
20153028103038-731,49
20153028113009-39,62
20153028123046-38,6
20153029033035-257,48
20153029033042-152,47
20153029033048-19,15
20153029033048-921,33
20153029033050-443,92
20153029063040-935,17
20153029063054-508,38
20153029073056-561,27
20153029083005-512,26
20153029093029-8,45
20153029113037-384,49
20153029123049-92,60
20153030013028-701,48
20153030033044-689,69
20153030033049-544,29
20153030043050-881,19
20153030073006-385,6
20153030073030-710,143
20153030093015-237,1
20153030103020-208,34
20153030103047-877,86
20153030113019-64,25
20153031033036-351,27
20153031033051-136,60
20153031053029-578,82
20153031083006-993,92
20153031093006-294,7
20153031093020-374,69
20153031103041-989,0
20153031113006-452,74
20153031123005-845,72
20153031123024-700,36
20153101013141-937,20
20153101023141-179,145
20153101023158-837,22
20153101033114-620,34
20153101043147-580,26
20153101053124-752,4
20153101073110-621,27
20153101083156-266,151
20153101113145-895,51
20153102023114-873,48
20153102023145-620,112
20153102043137-348,88
20153102063100-491,75
20153102063137-742,115
20153102093104-707,51
20153103033157-551,27
20153103053109-344,151
20153103053151-915,25
20153103063126-891,40
20153103063147-856,27
20153103093104-33,16
20153103093117-808,49
20153103103103-68,34
20153103113103-442,26
20153103113118-650,32
20153104023109-416,73
20153104033138-558,8
20153104043113-656,62
20153104043123-774,34
20153104043140-683,53
20153104103136-720,136
20153104103154-685,13
20153105043140-305,48
20153105063123-290,34
20153105073103-531,69
20153105073107-89,90
20153105073128-364,36
20153105103119-427,47
20153105123101-248,77
20153106033136-478,129
20153106053108-361,48
20153106073118-628,16
20153106083142-347,27
20153106113100-644,152
20153107033125-767,88
20153107033139-406,30
20153107043138-760,48
20153107043149-704,16
20153107053125-715,16
20153107073135-806,8
20153107083138-590,92
20153107093127-902,34
20153107103105-302,10
20153107103116-521,6
20153107123115-491,16
20153107123119-251,74
20153108013105-425,77
20153108053138-793,97
20153108053146-433,24
20153108063128-261,8
20153108073115-87,109
20153108073154-467,118
20153108113132-785,34
20153108123136-918,26
20153109043127-486,46
20153109053150-722,48
20153109063131-710,26
20153109063143-513,124
20153109073156-488,160
20153109113109-441,74
20153109123109-53,124
20153109123110-337,109
20153110063138-887,21
20153110073110-68,2
20153110103114-622,85
20153110103147-254,85
20153111043103-266,24
20153111043111-321,21
20153111053120-55,86
20153111053127-294,62
20153111063125-468,72
20153111123156-389,59
20153112033150-305,13
20153112053133-189,8
20153112063157-147,133
20153112083118-196,27
20153112093110-200,26
20153112113145-165,59
20153112123111-6,48
20153113023123-668,13
20153113023144-489,34
20153113033129-439,16
20153113033133-51,84
20153113043100-622,142
20153113053106-820,16
20153113063149-619,30
20153113073127-124,48
20153113083156-374,9
20153113093119-987,36
20153113103148-335,101
20153113123129-802,72
20153114023113-795,16
20153114033108-799,73
20153114073159-646,52
20153114083105-937,124
20153114093106-881,50
20153114093133-433,65
20153114113153-521,105
20153115023106-634,152
20153115023128-580,74
20153115033133-708,59
20153115053120-104,114
20153115083101-873,41
20153115083129-294,55
20153115093143-353,48
20153115103103-717,73
20153115103115-978,27
20153115123154-557,80
20153116033138-501,68
20153116053156-869,69
20153116073107-991,36
20153116073142-631,30
20153116123133-925,10
20153117013108-397,34
20153117053105-892,125
20153117063125-391,105
20153117083124-431,125
20153117093131-820,79
20153117113158-376,26
20153117123106-88,36
20153118013100-425,38
20153118013109-314,27
20153118013147-958,130
20153118013159-469,34
20153118023112-598,124
20153118053118-934,36
20153118053153-835,8
20153118063141-523,48
20153118083132-731,20
20153118083155-709,33
20153118093138-249,57
20153118113152-842,15
20153118123109-283,19
20153119013102-317,45
20153119043125-919,26
20153119053102-989,27
20153119053109-38,115
20153119073122-287,9
20153119093102-397,69
20153119113107-915,121
20153119113110-269,5
20153119123113-587,61
20153120023108-143,145
20153120023153-858,132
20153120033105-466,36
20153120063140-521,65
20153120083140-75,36
20153120093114-798,86
20153120103108-805,122
20153120103138-627,48
20153120113110-127,20
20153120113117-670,32
20153120123142-840,26
20153121043100-759,9
20153121043157-485,87
20153121113129-538,124
20153121113131-383,115
20153121123116-781,101
20153121123155-556,20
20153122033132-26,20
20153122043103-43,16
20153122043149-695,112
20153122053159-213,16
20153122063114-577,49
20153122063134-260,72
20153122093107-869,64
20153122113109-139,109
20153122113135-902,76
20153122123156-333,109
20153123013102-43,118
20153123023120-949,78
20153123023152-514,69
20153123033149-311,69
20153123033157-512,16
20153123053121-598,60
20153123053127-918,112
20153123063116-913,88
20153123063158-685,60
20153123073146-272,88
20153123093148-981,61
20153123103101-33,61
20153123103101-528,16
20153124013107-263,128
20153124023145-136,26
20153124033124-519,10
20153124043109-865,8
20153124043158-663,48
20153124053134-996,16
20153124063149-216,92
20153124083113-210,9
20153124113131-106,80
20153124123117-215,94
20153125013101-836,65
20153125013133-452,99
20153125013154-738,36
20153125023115-598,112
20153125023141-305,41
20153125023152-681,78
20153125033101-388,119
20153125043107-174,16
20153125073143-771,40
20153125103122-810,125
20153125113136-741,49
20153125113145-954,20
20153125123107-117,55
20153126013121-122,38
20153126023103-958,132
20153126023108-751,48
20153126033132-596,83
20153126043138-498,26
20153126063149-265,149
20153126083114-464,129
20153126093130-333,74
20153126113104-616,5
20153126113122-448,16
20153126113124-335,89
20153126113149-67,47
20153126123121-600,26
20153126123126-309,108
20153127023131-896,145
20153127053117-552,10
20153127073156-226,34
20153127083119-859,33
20153127103100-938,36
20153127103111-444,48
20153127113132-635,37
20153128033159-337,27
20153128063125-623,73
20153128063145-895,4
20153128093141-492,20
20153128113142-210,145
20153128113151-636,109
20153128113156-96,26
20153129013121-858,17
20153129013137-722,9
20153129033116-421,80
20153129053101-29,34
20153129063108-867,109
20153129073140-18,70
20153129093103-446,118
20153129093120-938,87
20153129103110-486,10
20153129123104-576,16
20153130043132-951,72
20153130053142-570,48
20153130073131-870,48
20153130073133-253,12
20153130083112-439,12
20153130113159-35,3
20153131023125-354,3
20153131063110-72,10
20153131073158-577,48
20153131083117-488,128
20153131093154-864,38
20153201013207-63,10
20153201013211-268,56
20153201033229-605,16
20153201053205-586,26
20153201063205-376,41
20153201063209-817,9
20153201103200-582,10
20153201103225-274,16
20153201113233-952,20
20153202033230-703,27
20153202033251-484,17
20153202063212-217,66
20153202063225-961,20
20153202073212-725,127
20153202093212-179,34
20153202123219-728,129
20153202123235-650,10
20153203013236-729,112
20153203023224-975,97
20153203033245-226,16
20153203033246-681,112
20153203033255-977,80
20153203053218-362,43
20153203083217-568,48
20153203093248-618,50
20153203103200-611,9
20153203113245-908,50
20153203123245-617,48
20153204013233-83,69
20153204013239-640,124
20153204023235-178,55
20153204053251-894,112
20153204073231-660,6
20153204073257-346,16
20153204083258-619,97
20153204093236-149,59
20153204103249-625,48
20153205043203-659,93
20153205063213-417,10
20153205073220-30,45
20153205073222-529,21
20153205083252-86,151
20153205093235-612,0
20153206013232-593,10
20153206033243-388,25
20153206033254-715,75
20153206043259-495,-1
20153206053201-534,104
20153206063215-204,95
20153206083226-556,26
20153206093249-864,69
20153206103213-613,80
20153206123215-803,16
20153206123228-826,49
20153207093212-385,48
20153207093226-553,17
20153207103214-384,36
20153207103233-55,26
20153207123225-470,31
20153208023216-402,45
20153208033241-763,134
20153208033255-321,9
20153208073235-389,65
20153208083206-395,88
20153208083210-852,36
20153208083240-926,125
20153208083247-526,34
20153208123237-878,123
20153208123256-554,8
20153209023251-83,61
20153209033206-466,10
20153209073227-817,30
20153209073227-920,47
20153209073227-957,8
20153209083207-54,88
20153209093250-358,6
20153209113252-119,105
20153210023203-833,10
20153210033214-959,69
20153210043232-25,34
20153210053210-862,34
20153210063212-704,69
20153210073208-192,31
20153210093216-742,59
20153210103235-776,16
20153210103256-708,48
20153211013245-391,27
20153211053257-976,21
20153211053259-449,118
20153211063223-512,90
20153211063237-151,27
20153211073233-705,25
20153211083236-663,27
20153211093220-6,27
20153211103216-6,149
20153211103217-76,92
20153211103234-178,31
20153211103235-736,131
20153211113210-707,36
20153212033230-692,122
20153212043209-241,16
20153212053251-318,16
20153212063228-351,136
20153212073208-325,31
20153212113214-388,27
20153213013210-111,25
20153213013224-659,20
20153213013249-868,4
20153213023217-245,20
20153213023255-288,16
20153213033229-169,118
20153213033237-717,48
20153213033256-646,15
20153213063205-982,37
20153213073258-209,63
20153213083212-905,36
20153213083242-735,58
20153213113258-720,31
20153214013206-37,36
20153214043203-288,31
20153214043247-507,9
20153214063240-340,104
20153214073221-741,31
20153214083255-828,6
20153214083259-19,34
20153214113220-700,20
20153214123206-803,51
20153215053250-868,8
20153215063254-434,42
20153215073237-222,72
20153215113217-764,54
20153216013236-330,4
20153216013237-980,0
20153216063226-438,31
20153217013250-235,118
20153217023229-148,9
20153217063258-545,90
20153217073200-777,36
20153217073221-8,26
20153217073227-687,20
20153217083205-582,158
20153217083226-786,60
20153217093212-471,98
20153217103218-546,75
20153217103251-836,109
20153217113200-854,8
20153217113237-195,31
20153217123203-129,26
20153218043220-336,48
20153218053206-183,97
20153218073239-628,85
20153218083253-891,16
20153218103248-711,32
20153218113255-153,26
20153218123229-36,126
20153219033258-970,50
20153219043201-719,107
20153219053231-560,135
20153219083225-701,6
20153219083236-746,26
20153219093204-479,123
20153219093206-226,8
20153219093219-284,47
20153219113208-837,144
20153220013221-915,36
20153220013245-567,34
20153220013254-297,36
20153220023202-660,8
20153220023240-486,15
20153220033209-462,6
20153220033224-924,9
20153220043207-952,144
20153220053251-142,115
20153220063237-851,16
20153220073240-457,108
20153220093253-950,34
20153220113237-70,5
20153221023210-641,114
20153221023224-607,91
20153221023244-436,16
20153221023253-382,91
20153221043219-719,165
20153221063237-461,146
20153221083202-709,144
20153221093222-957,74
20153221123200-816,32
20153221123201-614,8
20153222013237-308,81
20153222033217-0,89
20153222053243-478,48
20153222063230-923,27
20153222073210-586,25
20153222073236-42,80
20153222093232-777,165
20153222103251-804,88
20153222123239-923,8
20153223033200-444,64
20153223053217-248,165
20153223063219-462,49
20153223063250-386,165
20153223103220-58,20
20153223113200-303,86
20153223113254-722,39
20153224013243-948,9
20153224043244-563,109
20153224043258-562,39
20153224063221-780,78
20153224073256-73,88
20153224093211-44,56
20153224103233-219,1
20153224123247-791,39
20153224123257-617,128
20153225043230-761,9
20153225043252-614,26
20153225053219-878,34
20153225053247-18,72
20153225063205-641,64
20153225063215-100,8
20153225063218-391,5
20153225073249-415,8
20153225083217-861,36
20153225093219-444,31
20153225093249-352,6
20153225113213-680,48
20153225113256-556,27
20153225123219-314,165
20153226013200-461,48
20153226033231-156,30
20153226043220-886,61
20153226073247-72,13
20153226073259-517,165
20153226093201-782,4
20153226123205-559,42
20153226123245-963,1
20153227023219-8,87
20153227023246-773,31
20153227033233-52,81
20153227043201-724,26
20153227053244-885,37
20153227063207-318,115
20153227063240-542,38
20153228013258-73,148
20153228023246-901,86
20153228023253-625,20
20153228033213-336,16
20153228033219-364,125
20153228033232-771,45
20153228033236-100,26
20153228043201-577,122
20153228063222-855,36
20153228093241-330,47
20153228113210-234,79
20153229013212-110,15
20153229023215-186,25
20153229033240-417,15
20153229043223-757,20
20153229043251-293,46
20153229103216-250,27
20153230013237-494,16
20153230023251-365,47
20153230033205-767,4
20153230043217-141,50
20153230043237-268,34
20153230053236-758,15
20153230063225-220,34
20153230093206-93,118
20153230093248-414,36
20153230103210-402,0
20153230103217-372,26
20153230113237-421,16
20153230113243-759,83
20153230123219-637,31
20153230123223-919,8
20153231033254-723,20
20153231043218-61,165
20153231063236-320,105
20153231063239-916,136
20153231093246-432,34
20153231123247-237,48
20153301033344-2,165
20153301093316-126,24
20153301123341-61,17
20153301123345-128,8
20153302013336-618,44
20153302083336-98,26
20153302103343-254,48
20153302113326-941,165
20153302113327-897,20
20153302123315-813,21
20153302123354-327,67
20153303063304-493,61
20153303063323-954,136
20153303063324-730,26
20153303083328-325,117
20153303113325-724,97
20153303123330-670,86
20153304053341-130,75
20153304063341-413,11
20153304093314-219,6
20153304103320-13,8
20153304103322-48,67
20153304103345-311,36
20153305023325-265,48
20153305023343-499,88
20153305023347-977,143
20153305053345-661,34
20153305063318-469,10
20153305063339-830,8
20153305073332-375,116
20153305083306-650,26
20153305093306-900,51
20153305123353-662,126
20153306013342-878,71
20153306013348-102,16
20153306033338-522,62
20153306053328-832,31
20153306063352-473,42
20153306073311-379,73
20153306083350-638,26
20153306093301-157,27
20153307013334-86,20
20153307023326-161,115
20153307023330-980,16
20153307023355-407,32
20153307063313-327,88
20153307083303-133,48
20153307093344-612,61
20153307103342-107,34
20153307123351-488,87
20153308013340-678,21
20153308043300-221,8
20153308043302-2,42
20153308043333-974,77
20153308073320-351,114
20153308073343-836,69
20153308083312-291,34
20153308113306-665,20
20153308113311-934,73
20153308113328-678,69
20153309023330-431,9
20153309023351-326,9
20153309043302-556,78
20153309043326-627,39
20153309053354-147,20
20153309073325-375,69
20153309083344-841,16
20153309103304-690,61
20153310023320-488,62
20153310023331-588,20
20153310033330-587,16
20153310033332-410,11
20153310053343-896,78
20153310073320-226,77
20153310073327-373,67
20153310073330-983,6
20153310073359-286,152
20153310103325-597,92
20153310113338-127,71
20153310123348-266,115
20153311033321-730,91
20153311033344-155,18
20153311043347-906,1
20153311093300-612,32
20153311103347-710,41
20153311113332-277,122
20153311113346-259,30
20153311123312-935,25
20153311123344-106,88
20153312013302-700,26
20153312023309-815,62
20153312023328-539,125
20153312023359-569,18
20153312033332-791,49
20153312043334-753,96
20153312043358-829,0
20153312053318-51,142
20153312063341-591,75
20153312073303-715,10
20153312083351-142,47
20153312103323-598,5
20153312123331-53,9
20153313023303-282,73
20153313033344-310,48
20153313043332-986,94
20153313053316-258,41
20153313103323-868,80
20153313123325-893,34
20153314033340-706,10
20153314043314-37,59
20153314053346-735,146
20153314083334-485,36
20153314093359-325,20
20153314103357-720,26
20153314113313-788,108
20153315013353-23,26
20153315023344-959,10
20153315033338-254,48
20153315033346-643,59
20153315043301-166,108
20153315053331-578,86
20153315063348-219,24
20153315073301-37,37
20153315093319-548,42
20153315103330-816,36
20153316013306-455,151
20153316023336-110,48
20153316033329-899,6
20153316063306-527,62
20153316063347-434,48
20153316073319-342,1
20153316093326-533,20
20153316123340-662,15
20153317013317-798,30
20153317033311-12,9
20153317043306-904,95
20153317083347-992,143
20153317093335-696,10
20153317093336-203,47
20153317093349-531,101
20153317103355-433,5
20153317113300-397,25
20153317113343-810,142
20153317123351-161,73
20153318013311-102,15
20153318023339-26,48
20153318063343-519,80
20153318073302-736,26
20153318073306-87,26
20153318083323-500,16
20153318113337-404,47
20153319033341-735,26
20153319043304-181,65
20153319053331-895,30
20153319093327-65,15
20153319103344-890,56
20153319103348-844,63
20153319103352-70,100
20153319103357-362,36
20153319113351-741,9
20153320013348-524,20
20153320023340-593,34
20153320043305-28,122
20153320043334-346,37
20153320073301-191,34
20153320073331-255,129
20153320083339-666,67
20153320103334-960,1
20153320113340-933,115
20153321033321-89,5
20153321073305-157,74
20153321073309-380,36
20153321083338-524,145
20153321083357-258,16
20153321093337-190,10
20153321093359-544,36
20153322053325-204,15
20153322053343-539,45
20153322063335-503,21
20153322063340-765,80
20153322063352-729,80
20153322073314-672,27
20153322073318-918,1
20153322083304-101,34
20153322083304-339,108
20153322093311-44,9
20153322103306-803,36
20153322113310-90,68
20153323043307-820,148
20153323073317-261,145
20153323113303-711,27
20153323113346-91,22
20153324013318-837,36
20153324033312-407,107
20153324033341-637,101
20153324033357-107,0
20153324043332-415,76
20153324053349-706,85
20153324063314-704,145
20153324063329-147,104
20153324063356-765,110
20153324083337-471,58
20153324083339-301,117
20153324083347-572,124
20153324113335-428,16
20153325023349-811,112
20153325033359-705,27
20153325053331-235,36
20153325073343-313,104
20153325083340-695,92
20153325103339-383,49
20153325123355-404,85
20153326013333-880,36
20153326023327-79,39
20153326053324-797,10
20153326053328-53,21
20153326053348-223,137
20153326053354-839,42
20153326083315-407,131
20153326103309-465,107
20153327033307-541,145
20153327063301-504,22
20153327073300-290,34
20153327083321-966,60
20153327123312-509,16
20153327123320-68,52
20153327123337-518,145
20153328023337-626,147
20153328033312-600,88
20153328043346-303,10
20153328073330-51,75
20153329013347-72,107
20153329023307-377,20
20153329043300-437,91
20153329043333-913,43
20153329043335-963,27
20153329053307-752,64
20153329073300-377,77
20153329073354-799,49
20153329073356-855,145
20153329083354-580,160
20153329123327-162,84
20153330033330-655,71
20153330053323-666,115
20153330083330-845,91
20153330103301-467,9
20153330113330-512,4
20153331013314-68,34
20153331043347-600,136
20153331043359-711,55
20153331073329-860,54
20153331073348-908,1
20153401013412-854,148
20153401033430-345,9
20153401053427-998,97
20153401073406-274,10
20153401073437-826,4
20153401073445-361,93
20153401083408-692,8
20153401123448-154,72
20153402013445-750,19
20153402043429-709,48
20153402053419-365,91
20153402063455-599,109
20153402093426-354,8
20153402093448-712,109
20153402113431-964,130
20153402113442-545,82
20153403033453-828,16
20153403063410-107,10
20153403063427-228,91
20153403083413-579,68
20153403093425-594,79
20153403103453-441,8
20153403123426-971,145
20153404033401-932,16
20153404053446-388,13
20153404063406-832,117
20153404073422-204,8
20153404073436-211,36
20153404113438-674,58
20153404113443-239,137
20153404123427-942,112
20153405023441-79,27
20153405033417-209,27
20153405043412-917,149
20153405053455-727,149
20153405073417-472,20
20153405083411-26,98
20153405093437-993,16
20153405113448-541,42
20153405123438-377,8
20153406023410-438,97
20153406063433-934,88
20153406083403-509,12
20153406083425-63,56
20153406093457-331,36
20153406103439-495,27
20153406103456-125,96
20153406113422-942,70
20153406113441-850,9
20153406123420-54,69
20153407033404-537,58
20153407043429-914,79
20153407043448-48,36
20153407053446-722,34
20153407083404-718,66
20153407083404-897,108
20153407113449-132,61
20153407123403-76,55
20153408023419-217,16
20153408023435-549,38
20153408043401-757,102
20153408043435-960,147
20153408073457-999,10
20153408093405-996,44
20153408123414-956,96
20153409013402-796,84
20153409043409-416,145
20153409093445-142,25
20153410013458-539,20
20153410023431-149,89
20153410033438-594,26
20153410073433-352,34
20153410073455-798,5
20153410083411-311,147
20153410093459-534,26
20153410103418-726,12
20153410103442-666,15
20153411023411-472,131
20153411033418-833,98
20153411043410-856,26
20153411083432-767,147
20153411103404-448,41
20153411103429-694,83
20153412033403-441,13
20153412033456-768,120
20153412053414-307,43
20153412063404-685,88
20153412083458-7,66
20153412103434-712,10
20153412103450-486,18
20153413013425-590,8
20153413013448-41,0
20153413023435-625,90
20153413043403-288,34
20153413043431-24,147
20153413063433-223,26
20153414023428-448,101
20153414023451-770,39
20153414063455-629,147
20153414073434-467,161
20153414073455-915,130
20153414093429-72,26
20153414093441-63,10
20153414123423-117,16
20153414123429-267,115
20153415023424-597,16
20153415033407-885,16
20153415063446-238,145
20153415093431-204,112
20153415093452-950,16
20153415103429-619,146
20153415113407-427,10
20153416013418-86,83
20153416013430-901,13
20153416023407-833,124
20153416033407-294,69
20153416063401-279,87
20153416113424-270,48
20153417013432-450,20
20153417023410-606,68
20153417033427-45,21
20153417043413-536,107
20153417043449-622,78
20153417063420-566,69
20153417063448-475,69
20153417063456-447,4
20153417073421-124,71
20153417073441-185,20
20153417073443-887,129
20153417073459-319,125
20153417093416-395,161
20153417093447-138,152
20153417113452-634,9
20153418013453-612,20
20153418023443-272,72
20153418033400-202,20
20153418033431-409,105
20153418083445-880,36
20153418113403-917,8
20153419013456-499,58
20153419023448-961,73
20153419043446-68,69
20153419053450-999,78
20153419063412-632,12
20153419063421-197,55
20153419073438-325,8
20153419093404-219,69
20153419093456-231,20
20153419103427-993,48
20153420013420-456,36
20153420033448-825,8
20153420113429-940,48
20153421043429-701,48
20153421043435-46,7
20153421053405-945,86
20153421053409-684,121
20153421053417-554,141
20153421083416-459,16
20153421083420-150,10
20153421083449-867,27
20153421103406-18,85
20153422013411-767,48
20153422023401-747,124
20153422043437-184,27
20153422043451-66,95
20153422113416-107,24
20153422123448-833,125
20153423013422-332,33
20153423013440-640,24
20153423033438-577,69
20153423043438-15,55
20153423063429-324,46
20153423073421-295,37
20153423093401-798,17
20153424013401-207,83
20153424013414-84,10
20153424023413-34,134
20153424063446-115,8
20153424073437-874,50
20153424103412-281,72
20153424123435-575,47
20153425013430-553,161
20153425013459-560,15
20153425023428-882,34
20153425023446-675,88
20153425043407-967,8
20153425063422-588,34
20153425083416-909,86
20153425093430-367,19
20153425113451-606,92
20153426013437-524,10
20153426023405-923,13
20153426033412-312,63
20153426053424-13,33
20153426063444-230,151
20153426063448-128,143
20153426073428-29,13
20153426113440-126,88
20153426113444-229,66
20153427033416-341,27
20153427103455-30,-1
20153427113414-771,69
20153427113429-434,10
20153427123410-929,48
20153428023408-345,86
20153428023417-311,114
20153428023453-553,20
20153428043416-290,8
20153428053423-930,75
20153428083457-4,95
20153428103417-553,124
20153428103458-866,75
20153428113427-920,55
20153428113447-712,3
20153429013422-213,0
20153429033447-494,36
20153429063446-548,73
20153429073415-299,10
20153430033444-725,80
20153430053418-339,128
20153430053459-656,8
20153430063422-994,24
20153430083434-174,60
20153430113406-974,129
20153430123444-403,13
20153431053429-239,3
20153431063459-58,16
20153431073409-48,8
20153431073442-374,67
20153431093434-586,7
20153431103412-743,91
20153501043545-917,68
20153501053553-690,26
20153501063526-413,20
20153501063553-376,8
20153501083518-306,83
20153501103520-243,8
20153502013558-87,83
20153502053554-349,73
20153502053554-972,69
20153502063540-65,81
20153502063548-280,21
20153502073513-998,86
20153502093559-187,10
20153502103537-418,16
20153503023514-976,17
20153503033522-230,9
20153503053507-544,16
20153503063500-934,47
20153503083518-692,26
20153503093523-191,20
20153504013504-269,128
20153504013535-186,85
20153504023552-882,69
20153504033505-27,58
20153504033551-486,133
20153504043512-341,107
20153504043519-589,48
20153504073526-319,115
20153504093525-994,68
20153504103503-465,72
20153504103546-744,9
20153505033500-688,69
20153505053547-348,27
20153505073536-429,7
20153505093535-456,123
20153505093537-927,26
20153505093553-28,133
20153505103515-843,96
20153505103526-82,81
20153505113500-23,72
20153505123531-2,39
20153506013526-579,118
20153506053528-21,49
20153506073500-614,73
20153506073556-702,48
20153506083513-271,141
20153506103544-582,86
20153507013548-133,81
20153507023520-378,161
20153507023544-222,125
20153507033523-248,77
20153507043529-286,40
20153507063538-340,26
20153507073559-964,27
20153508013524-202,36
20153508013540-37,28
20153508033513-874,109
20153508053537-848,152
20153508053556-774,24
20153508073510-838,155
20153508083547-956,97
20153508083556-759,26
20153508093525-159,36
20153508103503-545,34
20153509013553-476,66
20153509023509-870,10
20153509023541-496,8
20153509033522-770,50
20153509053507-371,33
20153509063553-817,115
20153509093519-525,82
20153509113502-414,80
20153509123549-969,4
20153510023528-508,78
20153510053553-286,24
20153510063507-937,20
20153510103502-685,5
20153510103505-180,80
20153510103519-730,64
20153510113512-793,8
20153510113536-637,-1
20153511023506-639,24
20153511023551-556,-1
20153511073523-599,115
20153511073525-756,83
20153511083503-854,20
20153511093540-438,77
20153511103533-715,117
20153511103539-151,115
20153512013534-746,57
20153512023527-222,69
20153512033519-432,141
20153512043503-476,0
20153512063509-117,46
20153512083545-799,20
20153512093515-115,8
20153512093552-508,25
20153512103505-392,36
20153512103509-707,-1
20153512123544-358,-1
20153513013506-980,106
20153513063519-942,141
20153513063533-429,156
20153513123506-982,105
20153514023510-367,15
20153514023557-288,8
20153514023557-396,10
20153514073524-157,126
20153514073546-814,151
20153514073548-195,5
20153514093512-261,48
20153514093535-484,37
20153514113533-131,10
20153515013541-577,36
20153515023544-186,20
20153515033550-824,15
20153515043528-169,37
20153515043554-475,48
20153515063542-487,4
20153515073527-365,139
20153515083525-148,69
20153515113516-627,33
20153515113528-402,9
20153515113535-847,46
20153515123516-876,0
20153516013555-105,126
20153516043535-625,161
20153516053542-376,44
20153516073518-157,20
20153516073525-764,57
20153516073525-833,7
20153516073544-618,34
20153516073556-77,36
20153516083518-672,75
20153516083538-63,27
20153516103511-94,85
20153517023507-15,59
20153517053527-329,41
20153517063534-282,8
20153517073559-757,0
20153517083522-960,30
20153517113533-488,33
20153518023520-627,118
20153518033527-911,101
20153518063504-451,71
20153518093541-631,52
20153518103516-150,77
20153518113501-500,120
20153518113519-608,118
20153519023503-736,137
20153519023513-548,13
20153519073502-928,85
20153519093544-845,82
20153519103528-888,12
20153519103544-665,36
20153519113505-557,48
20153519123507-498,84
20153520013555-33,88
20153520023501-293,8
20153520033501-999,27
20153520033505-60,25
20153520073559-143,69
20153520083537-285,89
20153520093506-281,136
20153520113539-93,34
20153520123543-757,55
20153521013551-443,125
20153521023550-202,61
20153521033513-856,56
20153521033534-609,122
20153521043509-287,88
20153521043512-619,81
20153521053544-115,70
20153521063502-54,36
20153521083522-988,64
20153521093500-807,8
20153521103524-176,27
20153521103532-680,78
20153522013550-778,20
20153522043542-504,136
20153522073506-41,133
20153522073546-640,108
20153522083526-246,16
20153523013558-34,34
20153523023547-89,36
20153523033543-61,69
20153523043519-62,87
20153523073528-837,25
20153523073553-51,69
20153523083548-153,55
20153523113541-168,18
20153524013503-520,10
20153524023526-802,45
20153524043531-670,67
20153524063556-760,53
20153524123538-428,80
20153525013539-635,96
20153525013548-615,85
20153525023538-936,41
20153525043522-499,92
20153525053528-703,116
20153525063534-498,43
20153525063557-534,36
20153525103553-687,16
20153525123548-424,16
20153526023543-27,27
20153526033505-954,16
20153526033506-881,39
20153526043555-14,33
20153526053516-741,59
20153526053519-888,27
20153526053522-157,16
20153526063512-278,37
20153526073545-913,9
20153526083553-970,137
20153526093522-53,72
20153527013517-550,48
20153527043512-521,24
20153527083531-898,55
20153527123523-916,9
20153528033529-323,78
20153528043531-628,27
20153528073548-83,9
20153528073554-422,11
20153528093544-388,8
20153529023546-798,96
20153529033511-7,36
20153529033559-238,15
20153529043524-518,69
20153529043556-955,9
20153529063501-322,32
20153529083516-535,113
20153529113545-877,10
20153530033515-177,10
20153530053501-879,67
20153530053547-645,8
20153530063502-239,69
20153530093500-378,13
20153531063525-211,139
20153531103551-510,13
20153531113522-803,139
20153601013616-849,34
20153601023624-894,68
20153601023648-750,10
20153601043615-143,43
20153601063643-881,36
20153601073650-751,13
20153601083623-683,73
20153601083632-281,109
20153601083636-353,34
20153601093619-939,61
20153601093644-33,92
20153601103622-176,48
20153601103622-897,49
20153601103632-930,36
20153601123633-561,152
20153602023631-591,36
20153602023647-120,22
20153602033634-853,53
20153602043601-34,34
20153602043607-343,80
20153602043658-257,110
20153602053648-835,88
20153602063625-130,57
20153602063638-621,36
20153602063652-514,48
20153602113611-646,40
20153602113624-365,139
20153603013647-781,48
20153603023614-793,88
20153603043612-556,34
20153603053617-529,73
20153603053623-213,88
20153603073606-804,48
20153603073614-148,4
20153603073635-578,52
20153603083601-161,34
20153603083642-570,48
20153603093633-912,114
20153603103631-247,8
20153603123623-802,48
20153604033631-714,25
20153604043601-41,158
20153604053608-723,12
20153604063638-945,7
20153604073602-444,88
20153604073634-474,129
20153604073635-88,78
20153604113610-711,74
20153604113627-746,16
20153604113655-937,158
20153604113656-45,84
20153604123646-881,17
20153605023617-415,17
20153605023618-257,27
20153605033603-700,20
20153605033626-803,124
20153605033636-902,6
20153605053621-441,37
20153605083616-232,20
20153605083637-818,34
20153605103654-343,70
20153605113620-487,152
20153606013635-991,27
20153606013658-220,158
20153606043644-52,40
20153606053617-896,115
20153606063624-577,73
20153606063650-287,9
20153606073630-948,136
20153606073638-860,93
20153606073651-676,118
20153606073654-459,27
20153606073656-187,86
20153606083646-244,69
20153606103646-550,8
20153606103657-307,47
20153606113605-705,30
20153606123604-841,105
20153606123639-984,57
20153607023643-340,101
20153607053604-567,118
20153607053611-636,16
20153607053640-189,15
20153607073659-642,1
20153607093625-365,4
20153607113603-801,15
20153608033627-983,36
20153608033630-572,109
20153608073613-642,8
20153608073657-712,10
20153608103643-55,34
20153608113640-380,10
20153609013658-819,88
20153609033618-162,-1
20153609033627-164,103
20153609033638-542,48
20153609043621-422,-1
20153609073641-224,122
20153609073654-587,70
20153609113620-453,158
20153609113649-758,11
20153610013632-446,5
20153610043627-233,128
20153610123607-900,20
20153610123613-496,24
20153610123659-887,71
20153611023638-561,27
20153611043604-222,93
20153611073650-522,116
20153611083607-245,8
20153611093610-113,58
20153611123644-691,9
20153611123659-692,65
20153612033615-297,12
20153612043649-569,39
20153612043651-254,99
20153612053612-84,49
20153612063648-403,37
20153612073601-240,35
20153612073632-445,6
20153612103624-436,30
20153613013611-755,154
20153613013647-912,4
20153613033606-451,112
20153613053658-337,87
20153613083644-306,75
20153613093642-826,8
20153613113604-266,16
20153613113630-366,158
20153614033641-18,10
20153614093623-198,69
20153614113645-637,77
20153614123621-352,131
20153615013648-281,124
20153615033630-46,36
20153615033644-309,159
20153615043650-835,-1
20153615073626-13,8
20153615093614-562,34
20153615103638-158,124
20153615113617-365,9
20153615113626-103,89
20153615113653-146,8
20153616013639-745,36
20153616013642-115,16
20153616023622-592,50
20153616023658-518,124
20153616093612-196,21
20153616103605-901,48
20153616123655-217,48
20153617013601-315,83
20153617013645-103,109
20153617033658-794,88
20153617043652-935,27
20153617073625-500,15
20153617093653-526,65
20153617103638-247,57
20153617103644-124,10
20153617113627-467,69
20153618053610-340,79
20153618073618-931,9
20153618073639-900,21
20153618093644-486,10
20153618103651-556,103
20153618113644-795,55
20153618123612-480,149
20153619013645-677,154
20153619043658-889,9
20153619053636-962,59
20153619063610-927,33
20153619073613-656,60
20153619103622-151,32
20153619123625-792,18
20153619123629-727,149
20153620013633-332,12
20153620023617-93,50
20153620033616-263,10
20153620033619-929,39
20153620053622-72,93
20153620073607-661,0
20153620073642-259,16
20153620073655-119,73
20153620083607-408,89
20153620083629-759,12
20153620093610-570,69
20153620093639-512,48
20153621013605-948,126
20153621033624-514,40
20153621043606-60,24
20153621043654-816,21
20153621093642-578,48
20153621103636-206,59
20153621113623-976,36
20153621113627-482,9
20153621123651-644,69
20153622013612-921,34
20153622023640-890,104
20153622043643-625,133
20153622053626-161,139
20153622083653-391,5
20153622093615-832,124
20153622093633-893,75
20153622103615-743,130
20153622103648-402,115
20153622113605-844,15
20153622113627-960,87
20153622113653-407,73
20153622123619-566,94
20153622123625-953,36
20153623023601-382,8
20153623043615-405,34
20153623073647-385,88
20153623073655-303,15
20153623093637-634,69
20153623093654-994,135
20153623113600-392,0
20153624033652-668,27
20153624043623-472,25
20153624053656-871,69
20153624063632-719,48
20153624063634-720,142
20153624073607-630,130
20153624073615-56,39
20153624083613-62,27
20153624083625-903,36
20153624093600-684,64
20153624093618-492,71
20153624093633-927,52
20153624093638-216,141
20153624113634-748,129
20153624123607-78,9
20153625033655-460,80
20153625043610-6,30
20153625053657-8,69
20153625063605-688,56
20153626023608-801,67
20153626023632-111,97
20153626023634-935,59
20153626033657-418,27
20153626053623-916,21
20153626073627-527,8
20153626083639-100,0
20153626093628-77,122
20153627013649-281,139
20153627053602-196,96
20153627103626-273,9
20153627103631-641,9
20153627113639-711,118
20153628013640-524,9
20153628013654-43,10
20153628043653-891,139
20153628063656-228,102
20153628093653-512,139
20153628093659-387,53
20153628113615-827,67
20153629023651-616,88
20153629043616-154,9
20153629043624-983,96
20153629053647-857,0
20153629073622-752,6
20153629093621-951,11
20153629093635-690,41
20153629103642-718,6
20153630063613-481,69
20153630103619-546,46
20153630123652-843,36
20153631023614-197,136
20153631043604-397,17
20153701033700-323,34
20153701033718-257,51
20153701043700-596,0
20153701043709-900,13
20153701093702-509,58
20153701113704-354,80
20153701113748-789,41
20153701123723-532,10
20153702023707-936,8
20153702103731-275,27
20153702123720-767,7
20153703033723-96,59
20153703033728-566,8
20153703033757-677,11
20153703063712-927,144
20153703073756-936,18
20153703093747-572,104
20153703093757-526,34
20153703103702-660,27
20153703103703-319,20
20153703113751-752,51
20153703123740-719,89
20153704013734-599,97
20153704023740-102,34
20153704023750-346,69
20153704043754-922,36
20153704053753-903,24
20153704073745-278,61
20153704083713-621,34
20153704083744-741,100
20153704093720-945,27
20153704093744-62,42
20153704113707-880,30
20153704113726-506,116
20153704113747-463,81
20153705013742-751,27
20153705023701-460,91
20153705023746-664,16
20153705023749-508,9
20153705033742-285,20
20153705043729-269,20
20153705043758-335,36
20153705073720-86,17
20153705073748-632,34
20153705093703-55,13
20153705093734-951,46
20153705103735-214,96
20153705113718-477,67
20153705123714-935,32
20153706033723-432,18
20153706033726-232,69
20153706053734-630,16
20153706063755-802,123
20153706113731-583,33
20153706123711-574,48
20153706123730-475,87
20153706123753-969,68
20153707013701-687,139
20153707013704-492,48
20153707013714-8,48
20153707023738-67,27
20153707023747-858,21
20153707043701-568,20
20153707063710-587,73
20153707073715-128,39
20153707073745-657,109
20153707093749-951,136
20153707103738-243,10
20153707103757-720,85
20153707123722-164,117
20153707123730-758,41
20153707123744-857,135
20153708023749-220,107
20153708023759-709,6
20153708043719-886,139
20153708043726-871,20
20153708063710-651,10
20153708073703-436,60
20153708073726-600,125
20153708103718-939,34
20153709023755-809,8
20153709043727-160,24
20153709073753-995,49
20153709093741-767,55
20153709093756-988,6
20153710013742-178,78
20153710023730-748,0
20153710023738-627,75
20153710023741-996,80
20153710023742-746,36
20153710043759-580,42
20153710063714-771,33
20153710073716-970,92
20153710073725-591,83
20153710083702-995,149
20153710103717-23,91
20153710103741-345,58
20153711013755-30,21
20153711023738-776,52
20153711033732-656,17
20153711053702-226,72
20153711053713-630,139
20153711053745-657,36
20153711063717-524,88
20153711063753-323,36
20153711073708-752,65
20153711073745-667,34
20153711073747-446,115
20153711083756-161,10
20153711093723-390,90
20153711103709-280,51
20153712013718-885,146
20153712013720-181,-1
20153712023734-851,69
20153712043748-60,84
20153712053742-911,53
20153712053749-134,85
20153712053750-371,12
20153712063710-382,34
20153712063756-502,24
20153712103753-734,8
20153712113749-782,100
20153713023759-301,34
20153713053710-170,24
20153713053720-934,126
20153713073734-379,10
20153713073746-513,16
20153713103711-913,42
20153713103729-151,83
20153713103736-380,69
20153713113703-493,107
20153713113721-137,11
20153714023755-239,118
20153714033720-570,48
20153714043724-299,10
20153714053753-627,84
20153714063741-679,16
20153714063744-506,60
20153714083754-335,8
20153714093722-194,27
20153714093734-926,61
20153715043702-719,10
20153715063723-831,34
20153715073756-574,48
20153715093725-365,117
20153716033726-119,109
20153716033755-459,114
20153716053704-475,47
20153716053741-328,6
20153716123710-632,118
20153716123736-670,69
20153717013712-983,10
20153717013727-315,39
20153717023707-721,42
20153717033736-717,74
20153717043711-283,69
20153717053733-740,47
20153717063714-206,8
20153717083746-738,109
20153717103748-173,32
20153717113702-835,17
20153717123705-260,69
20153717123723-9,69
20153717123759-246,107
20153718013726-245,9
20153718023711-582,69
20153718023735-885,155
20153718063701-202,37
20153718083748-67,69
20153718113730-766,55
20153718113750-118,81
20153719023744-10,50
20153719023756-293,9
20153719053715-589,129
20153719063729-533,53
20153719063742-10,77
20153719063754-548,82
20153719093703-501,34
20153719093713-179,36
20153719113733-632,21
20153719113736-210,16
20153719123723-558,8
20153719123745-647,50
20153719123756-685,9
20153720013744-969,8
20153720033720-23,27
20153720063727-695,10
20153720093737-980,121
20153720123722-777,123
20153721013734-366,16
20153721013750-459,39
20153721033723-749,104
20153721043705-857,25
20153721043708-165,69
20153721043746-702,12
20153721053713-825,36
20153721073705-425,9
20153721073748-885,73
20153721073751-968,49
20153721083755-788,114
20153721093748-104,10
20153721113736-947,9
20153721113745-20,146
20153721113747-248,80
20153721123707-721,121
20153722023710-935,113
20153722033750-276,90
20153722043755-415,34
20153722083744-703,75
20153722093714-712,10
20153722113713-858,148
20153722113716-211,44
20153722113733-394,113
20153722123707-242,9
20153723013743-159,128
20153723043748-531,39
20153723053736-677,16
20153723053749-114,68
20153723053754-880,72
20153723063722-803,8
20153723093749-366,9
20153723093753-818,160
20153723103701-496,133
20153723103744-695,118
20153723103750-402,123
20153723123726-448,97
20153724013715-465,34
20153724023746-464,98
20153724023747-163,47
20153724023750-556,26
20153724043708-660,36
20153724053722-514,85
20153724063727-843,89
20153724093709-707,82
20153725033724-266,12
20153725063732-242,40
20153725073717-829,8
20153725083712-151,41
20153725113714-643,5
20153725123729-641,124
20153726013742-221,88
20153726023718-952,68
20153726023729-671,10
20153726033730-553,16
20153726053710-587,65
20153726053749-107,50
20153726073704-996,90
20153726073753-79,16
20153726083749-370,107
20153726103729-16,48
20153727043745-688,69
20153727053754-806,21
20153727063739-579,63
20153727093724-440,34
20153727093729-656,26
20153727113719-945,67
20153728013721-249,96
20153728023714-421,10
20153728023732-586,51
20153728033704-530,11
20153728063706-624,88
20153728063732-924,136
20153728073721-430,136
20153728113707-548,16
20153728123701-400,98
20153729013759-535,27
20153729063721-795,88
20153729063729-602,133
20153729073710-629,69
20153729073712-433,26
20153729073721-666,27
20153729093742-70,11
20153730013710-947,18
20153730013733-766,93
20153730043729-348,36
20153730043735-122,19
20153730063709-466,27
20153730063725-217,57
20153730073704-350,73
20153730073739-621,52
20153730083758-789,60
20153730093759-512,20
20153730113759-10,15
20153730123713-648,99
20153731033739-510,11
20153731043749-62,20
20153731083734-496,5
20153731093738-268,74
20153731113748-614,80
20153731123756-284,82
20153801033808-197,122
20153801053802-368,81
20153801063806-347,109
20153801063819-939,72
20153801073824-510,8
20153801073845-972,122
20153801093856-649,36
20153801103803-800,79
20153801103820-592,36
20153801103836-428,157
20153801113810-64,67
20153801123804-820,34
20153801123847-62,25
20153802033804-576,6
20153802033813-283,67
20153802033858-962,34
20153802043859-167,24
20153802053809-61,69
20153802053822-860,47
20153802053827-252,45
20153802063824-325,61
20153802083826-293,69
20153802083839-459,34
20153802093839-827,157
20153802103810-631,124
20153803013812-529,47
20153803023834-469,8
20153803033830-92,28
20153803043831-603,61
20153803043840-270,41
20153803053841-80,62
20153803063844-450,16
20153803073835-302,34
20153803093849-545,10
20153803123852-497,10
20153804013823-112,6
20153804013829-884,151
20153804023854-460,32
20153804033818-40,10
20153804033854-75,36
20153804083807-583,27
20153804123821-386,61
20153805023838-887,5
20153805033854-367,89
20153805053834-527,36
20153805053836-382,21
20153805103821-658,4
20153805113817-385,20
20153805113822-592,10
20153806013838-97,10
20153806033856-349,157
20153806043807-692,16
20153806073851-666,9
20153806083852-610,16
20153806113852-538,64
20153806123800-433,56
20153807043826-928,7
20153807073822-145,59
20153807073825-908,16
20153807083832-588,124
20153807123831-102,9
20153807123843-273,33
20153808013814-745,92
20153808023854-809,9
20153808033819-967,135
20153808033852-901,8
20153808043852-644,69
20153808063810-896,36
20153808063835-434,9
20153808073858-178,26
20153808083849-175,99
20153808113851-534,6
20153808123846-946,57
20153809033822-322,41
20153809053851-563,88
20153809063840-685,125
20153809083850-246,20
20153809093817-665,27
20153809093819-671,9
20153809093826-522,16
20153809103819-436,16
20153810023830-241,20
20153810033802-347,157
20153810033828-103,20
20153810043815-312,52
20153810053835-229,6
20153810073848-648,26
20153810113852-786,42
20153811073850-269,157
20153811083856-28,84
20153811103843-682,114
20153811123837-345,41
20153812013844-3,57
20153812023808-33,40
20153812023844-489,120
20153812033824-570,67
20153812033843-266,69
20153812043800-944,26
20153812043859-808,34
20153812083855-78,136
20153812113808-572,20
20153812113834-265,88
20153812113835-266,8
20153812123814-593,69
20153813013818-588,104
20153813023856-590,8
20153813033817-519,104
20153813043802-884,61
20153813063822-684,69
20153813073854-147,42
20153813083845-656,27
20153813083855-252,21
20153813093821-524,86
20153813093827-417,22
20153813103815-223,47
20153813103831-284,26
20153813123814-541,105
20153814023849-856,83
20153814043805-677,36
20153814043845-421,16
20153814063811-775,86
20153814073818-418,130
20153814073832-780,74
20153814083837-684,157
20153815013846-732,9
20153815023800-36,121
20153815023810-577,121
20153815023818-134,10
20153815033829-113,8
20153815033847-524,105
20153815043822-450,16
20153815043826-432,10
20153815083827-733,122
20153815113857-329,97
20153816013824-587,26
20153816013852-363,69
20153816023809-93,16
20153816023820-577,67
20153816053837-20,10
20153816073829-738,48
20153816093827-264,73
20153816113806-724,72
20153816113833-530,36
20153816123820-926,38
20153817023845-441,10
20153817023845-593,15
20153817023856-742,74
20153817033857-516,108
20153817043840-987,27
20153817073832-550,78
20153817073852-677,135
20153817073856-948,41
20153817093809-163,27
20153817093840-341,62
20153817123810-726,11
20153818023827-608,77
20153818043825-817,8
20153818043830-284,45
20153818053803-458,79
20153818073802-881,8
20153818083854-670,16
20153818113831-85,32
20153818113834-443,36
20153818123807-188,116
20153818123834-739,20
20153819053827-500,41
20153819063857-804,69
20153819083834-492,69
20153819083843-621,9
20153819103829-614,85
20153819113858-68,83
20153820033815-384,75
20153820033837-589,16
20153820063840-304,108
20153820103805-986,78
20153820123814-722,36
20153820123823-404,8
20153821013858-962,10
20153821033809-893,36
20153821043846-584,74
20153821073821-483,73
20153822013849-566,36
20153822023828-796,75
20153822033829-145,16
20153822063823-273,-1
20153823013829-72,0
20153823023800-335,27
20153823033832-79,69
20153823053835-378,157
20153823083813-827,92
20153823093810-188,96
20153824013843-200,36
20153824013848-746,95
20153824023844-286,27
20153824023857-53,88
20153824043829-635,87
20153824083801-208,78
20153824083847-50,20
20153824083858-992,41
20153824093824-168,36
20153824093852-393,55
20153824113843-804,77
20153824123805-820,10
20153824123838-868,40
20153825023849-885,36
20153825033823-154,88
20153825093836-871,46
20153825103856-49,104
20153825123835-385,61
20153826013830-715,39
20153826053837-25,130
20153826053851-68,34
20153826063809-399,66
20153826073859-860,88
20153826093802-90,132
20153826113840-759,26
20153827023814-492,87
20153827033840-612,34
20153827043811-471,61
20153827043838-171,97
20153827073826-547,16
20153827123824-834,157
20153827123857-393,16
20153828023832-687,6
20153828023847-986,16
20153828033825-526,8
20153828043838-890,20
20153828043844-886,16
20153828073820-71,70
20153828093806-862,103
20153828103812-353,46
20153828103822-230,45
20153829013810-820,61
20153829013813-529,45
20153829013822-10,109
20153829013850-412,86
20153829033801-987,107
20153829033806-731,20
20153829053832-818,80
20153829073814-789,106
20153829073857-994,10
20153829083816-42,8
20153829113840-796,27
20153829113849-125,49
20153829123844-783,61
20153830033808-10,58
20153830053813-967,82
20153830103847-519,27
20153830123823-873,118
20153830123835-677,160
20153830123858-160,91
20153831023819-817,69
20153831033841-860,72
20153831053831-162,16
20153831053859-551,20
20153831073807-668,63
20153831073821-785,82
20153831073831-305,20
20153831083826-894,96
20153831083843-375,107
20153831093854-191,5
20153831123814-376,152
20153901033919-894,27
20153901033952-705,90
20153901053918-352,56
20153901093902-273,16
20153901093935-546,85
20153901113923-917,11
20153901113955-499,8
20153901123959-526,157
20153902073935-578,6
20153902093914-109,81
20153902113902-855,39
20153902113904-246,36
20153902113957-47,88
20153902123943-115,16
20153903023914-632,22
20153903043925-167,59
20153903053902-75,1
20153903083917-995,69
20153903083921-101,101
20153903103918-43,109
20153903103958-735,7
20153903123902-205,17
20153903123925-684,123
20153904013906-659,100
20153904043911-814,136
20153904043916-955,27
20153904123927-503,16
20153905033916-808,3
20153905043940-561,10
20153905053924-916,36
20153905073902-613,115
20153905083900-16,21
20153905083914-652,98
20153905093930-439,42
20153905093959-243,92
20153905113904-390,7
20153905113933-110,93
20153906013912-384,83
20153906013936-263,49
20153906043929-561,95
20153906043931-40,95
20153906073935-24,75
20153906083903-43,-1
20153906083952-145,9
20153906103904-615,69
20153906103944-585,96
20153906113925-617,8
20153906123907-891,52
20153906123909-784,9
20153906123947-442,79
20153907013929-325,36
20153907063953-451,5
20153907063955-529,109
20153907063956-520,8
20153907083929-200,20
20153907083950-363,10
20153907093921-873,92
20153907103922-17,26
20153907123907-228,39
20153908013900-436,8
20153908033902-198,77
20153908033947-597,43
20153908033959-883,8
20153908053938-958,9
20153908063905-670,25
20153908063950-119,7
20153908083948-874,26
20153908093954-852,16
20153908113930-121,5
20153908123912-532,157
20153909013957-769,37
20153909043943-587,26
20153909063900-406,157
20153909063904-599,116
20153909063916-316,90
20153909083938-573,15
20153909083952-481,104
20153909123913-261,151
20153909123939-465,86
20153910023920-885,42
20153910033908-495,39
20153910033927-41,5
20153910033941-688,62
20153910053957-154,118
20153910063929-445,89
20153910063931-835,17
20153910073928-690,8
20153910103911-48,68
20153910103950-220,97
20153910103953-619,9
20153910113902-207,92
20153910113938-766,115
20153910123921-997,80
20153911023922-232,9
20153911023955-263,27
20153911053918-572,20
20153911063920-320,33
20153911063958-825,110
20153911083955-135,87
20153911123946-418,36
20153911123949-903,10
20153912013934-463,125
20153912053941-227,101
20153912073954-48,55
20153912083903-728,54
20153912093939-687,101
20153912103945-821,114
20153912113915-546,65
20153912113932-996,57
20153913013912-134,11
20153913013945-531,36
20153913013945-647,8
20153913023914-536,126
20153913033930-161,16
20153913043954-902,36
20153914013948-961,146
20153914023918-636,151
20153914023919-152,87
20153914023937-328,28
20153914023947-993,80
20153914043919-947,136
20153914043938-754,74
20153914053936-509,34
20153914093936-718,92
20153914103924-207,51
20153914113913-928,42
20153914123913-490,1
20153914123920-944,135
20153914123956-26,130
20153915023936-819,28
20153915033936-509,158
20153915033947-108,114
20153915043953-171,25
20153915063929-257,47
20153915063956-500,0
20153915063956-914,37
20153915073941-58,39
20153915073941-756,83
20153915083944-317,158
20153915093925-624,58
20153915093952-584,34
20153915103957-558,28
20153915113920-94,128
20153916033930-668,80
20153916033945-707,115
20153916043914-989,16
20153916083923-377,46
20153916083938-856,16
20153916093915-787,98
20153916093939-270,28
20153916093940-375,41
20153917013951-732,16
20153917023952-510,126
20153917033947-416,83
20153917043928-276,10
20153917053945-907,152
20153917063918-461,39
20153917063943-246,61
20153917083902-936,27
20153917083932-320,158
20153917103955-556,8
20153917113956-553,122
20153918023918-951,91
20153918023945-299,34
20153918033905-675,71
20153918063928-963,20
20153918103955-36,8
20153918123921-858,56
20153919013932-905,27
20153919023921-5,72
20153919043929-699,36
20153919053954-565,51
20153919063905-813,16
20153919063911-237,10
20153919063918-509,40
20153919093903-980,20
20153919103944-791,10
20153920013947-498,157
20153920053952-270,10
20153920063926-150,48
20153920073940-995,37
20153920073949-207,88
20153920093919-134,65
20153920123932-501,33
20153921023939-728,68
20153921063925-19,48
20153921073905-218,34
20153921093922-779,88
20153921113945-793,8
20153922013946-38,124
20153922023910-254,48
20153922023924-852,82
20153922053919-378,36
20153922053933-770,34
20153922063913-994,158
20153922073912-705,16
20153922073948-796,92
20153922083923-991,91
20153922083950-986,20
20153922093935-861,36
20153922113902-456,71
20153922113912-625,27
20153922123906-664,27
20153923043910-954,111
20153923063952-372,30
20153923083952-869,78
20153923093923-432,87
20153923103919-117,43
20153923123928-126,85
20153924013929-447,30
20153924023920-320,16
20153924033931-701,8
20153924033938-548,115
20153924043927-887,123
20153924053923-735,158
20153924053939-189,126
20153924063922-140,27
20153924063948-428,25
20153924083906-471,36
20153924083911-558,72
20153924093910-207,36
20153924093924-473,17
20153924103929-927,117
20153925013909-748,27
20153925013917-321,84
20153925013947-835,142
20153925023931-202,4
20153925023956-683,59
20153925033910-145,112
20153925033936-464,93
20153925063909-84,58
20153925073944-948,5
20153925093948-60,34
20153926013940-342,53
20153926053920-400,26
20153926063956-523,20
20153926083902-744,7
20153926083915-568,152
20153926103929-911,80
20153927033926-724,72
20153927053939-550,48
20153927063907-823,84
20153927073957-20,8
20153927083928-87,78
20153927083929-384,21
20153927083939-140,6
20153927083957-348,48
20153927103940-785,8
20153927113901-186,36
20153928033930-548,10
20153928033936-280,16
20153928053902-838,15
20153928053908-907,36
20153928053942-429,113
20153928083935-276,80
20153928103909-2,51
20153928113920-541,48
20153928123900-472,121
20153929033929-134,69
20153929033938-399,26
20153929033958-663,6
20153929063914-980,113
20153929103913-137,10
20153929113917-892,158
20153930013922-843,158
20153930013951-273,158
20153930043916-979,63
20153930063946-911,51
20153930103903-13,149
20153930113943-456,48
20153930123905-665,89
20153931033915-279,16
20153931033925-158,10
20153931053905-915,92
20153931093915-91,79
20153931113929-38,143
20153931123903-265,36
20153931123938-639,137
20153931123943-847,72
20154001014024-716,48
20154001014033-163,48
20154001024033-540,26
20154001034019-109,20
20154001044056-714,60
20154001094026-804,122
20154001094055-572,73
20154001124007-163,46
20154002044015-415,74
20154002064027-139,36
20154002074029-503,15
20154002074031-133,85
20154002114020-604,15
20154002124037-486,68
20154003034013-605,10
20154003034016-1,87
20154003034049-950,10
20154003044005-17,16
20154003044030-751,8
20154003054009-197,15
20154003064021-184,12
20154003064055-201,26
20154003074025-33,115
20154003074029-430,30
20154003074043-575,27
20154003074050-280,19
20154003094016-490,48
20154003094041-201,56
20154003094045-516,34
20154003094054-34,8
20154003114038-680,63
20154004014005-146,7
20154004014055-23,118
20154004024021-315,17
20154004024041-501,20
20154004024058-952,69
20154004044006-495,20
20154004074058-4,20
20154004104042-172,27
20154004104046-619,26
20154004124049-126,42
20154005024018-445,112
20154005024056-186,136
20154005064014-414,41
20154005074020-834,41
20154005074031-234,129
20154005084034-534,107
20154005104045-45,34
20154005114042-468,30
20154005124002-56,34
20154006014046-882,59
20154006084010-188,104
20154006094031-783,36
20154006104030-674,20
20154006114047-586,16
20154007014009-69,9
20154007044039-1,8
20154007044046-100,36
20154007054004-20,69
20154007084016-908,26
20154007094039-158,131
20154007124035-405,118
20154008014020-3,68
20154008044039-692,90
20154008064002-521,85
20154008114008-610,18
20154008124005-88,16
20154009014043-627,16
20154009024007-195,36
20154009034030-315,96
20154009054046-633,72
20154009054047-426,47
20154009074056-552,115
20154009084012-389,48
20154009094029-596,83
20154009094046-755,9
20154010034018-964,108
20154010044016-420,70
20154010044027-339,8
20154010054018-304,36
20154010054046-685,51
20154011014002-294,140
20154011014020-687,15
20154011024040-649,92
20154011034024-556,9
20154011034039-469,112
20154011054033-757,149
20154011064035-593,22
20154011084036-355,100
20154011094003-14,8
20154011104052-37,16
20154011114039-253,53
20154011124049-78,55
20154012084012-918,126
20154012094002-636,47
20154013024024-502,36
20154013024041-206,48
20154013024051-533,10
20154013024057-318,142
20154013054046-187,69
20154013074034-724,143
20154013074053-753,8
20154014024032-779,90
20154014044002-961,48
20154014044052-146,131
20154014064021-651,69
20154014074047-814,6
20154014114045-845,26
20154014124047-594,39
20154015014021-451,36
20154015024017-709,65
20154015034053-424,115
20154015054004-779,34
20154015074020-606,89
20154015084042-590,34
20154015084059-867,25
20154015094032-476,26
20154015124012-13,8
20154016024042-99,54
20154016034034-758,26
20154016054003-520,59
20154016054014-797,42
20154016054052-85,85
20154016064011-574,34
20154016094003-962,38
20154016094058-683,122
20154017024042-674,16
20154017054027-841,12
20154017054050-144,34
20154017084021-729,41
20154017114049-331,131
20154018014039-665,31
20154018024000-428,25
20154018024040-960,88
20154018024055-629,52
20154018034028-142,83
20154018034049-540,75
20154018064044-142,10
20154018074013-627,89
20154018084053-456,125
20154018104016-465,16
20154018114036-212,86
20154018124023-509,130
20154019014037-909,48
20154019064018-400,20
20154019064052-72,60
20154019074002-798,9
20154019094031-164,50
20154019094032-955,34
20154019104036-155,143
20154019114056-143,36
20154019124057-626,5
20154020014041-64,69
20154020024025-608,92
20154020024044-998,88
20154020064001-815,26
20154020064005-519,6
20154020074034-240,8
20154020084046-212,84
20154020094036-474,20
20154020114057-829,34
20154021014001-277,59
20154021044011-956,137
20154021044054-397,53
20154021054041-801,27
20154021074026-934,6
20154021094037-540,9
20154021124002-193,134
20154021124053-807,31
20154022044005-497,37
20154022094032-411,8
20154022094045-758,36
20154022104023-25,20
20154022104050-662,133
20154023014004-410,96
20154023014021-519,125
20154023044021-772,68
20154023044028-20,60
20154023044047-684,128
20154023044057-706,16
20154023054048-289,8
20154023064009-80,45
20154023084005-11,91
20154023084052-167,61
20154023084059-267,133
20154023094051-730,26
20154023114025-400,69
20154023114043-198,31
20154024034000-968,39
20154024034035-259,99
20154024044050-101,124
20154024054007-766,45
20154024064023-567,33
20154024074003-16,34
20154024084014-114,77
20154024084056-354,17
20154024104023-492,20
20154025044040-916,9
20154025064002-192,48
20154025084012-749,36
20154025084030-323,50
20154025094008-773,25
20154025094043-486,9
20154025104021-837,27
20154025114030-785,16
20154025124046-991,68
20154026024058-952,131
20154026034051-679,115
20154026064046-481,20
20154026064058-741,26
20154026084019-504,115
20154026094053-772,76
20154026104009-242,24
20154026104010-209,144
20154026124034-23,16
20154027014057-847,115
20154027024014-523,91
20154027024025-199,54
20154027054016-842,31
20154027054037-715,50
20154027074016-388,9
20154027074029-955,17
20154027094059-666,112
20154027114042-147,39
20154027124020-1,48
20154028024025-412,36
20154028034007-248,34
20154028054041-169,16
20154028064022-977,26
20154028074004-866,15
20154028084056-791,4
20154028094035-124,31
20154028104000-762,9
20154029064002-238,32
20154029064014-316,8
20154029094009-664,26
20154030014017-971,131
20154030024047-702,34
20154030024055-701,89
20154030074051-343,16
20154030094014-979,122
20154030094027-816,38
20154030104055-168,58
20154030124024-979,8
20154031034012-555,48
20154031034031-358,0
20154031064052-537,79
20154031094054-93,27
20154031114007-403,22
20154101014157-341,107
20154101024112-589,27
20154101034146-410,26
20154101104121-957,144
20154102014126-174,144
20154102014133-632,51
20154102024151-886,9
20154102044113-988,9
20154102054122-35,109
20154102054146-649,48
20154102064127-486,51
20154102064141-457,34
20154102064149-827,36
20154102094110-15,16
20154102104114-973,125
20154102104153-159,72
20154102114107-39,9
20154102114109-572,83
20154102114141-894,83
20154102114150-147,144
20154102124124-992,88
20154103044135-158,49
20154103054117-454,47
20154103064143-365,36
20154103084118-72,6
20154103084141-252,21
20154103094100-193,114
20154103124122-473,36
20154104014129-521,27
20154104044114-321,81
20154104044115-177,69
20154104054114-147,11
20154104064113-956,87
20154104084104-664,15
20154104084152-634,32
20154104094134-985,16
20154104114100-134,84
20154104114100-580,37
20154104114144-550,149
20154105024125-706,11
20154105024146-407,24
20154105044140-645,124
20154105054102-171,26
20154105054122-296,52
20154105054132-343,36
20154105104118-281,36
20154105104122-644,100
20154106044147-121,1
20154106054106-428,98
20154106054126-881,90
20154106064107-561,27
20154106074104-999,16
20154106074146-482,8
20154106084128-953,31
20154106094112-225,18
20154106094124-665,36
20154107034113-933,144
20154107044146-623,72
20154107044154-514,21
20154107054150-318,118
20154107064122-126,8
20154107074130-137,115
20154107094119-348,54
20154107094120-553,69
20154107104119-514,34
20154107104138-147,13
20154107104157-998,85
20154107114151-839,61
20154107124133-326,64
20154107124142-501,73
20154108014111-723,31
20154108014126-563,85
20154108024107-766,27
20154108034131-291,17
20154108064156-761,26
20154108094103-458,96
20154108114121-535,110
20154109014116-716,55
20154109034123-194,48
20154109034145-873,8
20154109044143-428,48
20154109064111-406,24
20154109074131-62,79
20154109084147-454,94
20154109094118-83,31
20154109104113-129,10
20154110024103-797,129
20154110054139-862,156
20154110064123-404,8
20154110084110-852,8
20154111024150-826,47
20154111034148-335,94
20154111044139-392,10
20154111054107-471,163
20154111054116-626,36
20154111074111-452,5
20154111084119-363,59
20154111094103-46,36
20154111094159-894,163
20154111114145-439,71
20154112014114-381,-1
20154112034139-814,10
20154112044111-362,124
20154112044115-553,8
20154112044145-237,9
20154112054153-889,144
20154112084109-806,95
20154112094107-810,7
20154112094153-72,10
20154112104108-585,27
20154113014112-34,144
20154113014144-954,26
20154113034158-162,9
20154113044136-32,62
20154113074143-823,51
20154113094135-208,34
20154113114117-693,107
20154114014105-799,90
20154114034126-781,74
20154114054132-501,30
20154114064117-879,125
20154114064153-342,56
20154114074114-154,9
20154114094103-483,32
20154114094138-630,8
20154114104136-340,20
20154114104153-864,94
20154115024109-180,5
20154115024133-292,8
20154115044115-752,115
20154115084152-940,59
20154115114122-286,50
20154115114133-930,36
20154115124102-576,0
20154115124146-703,78
20154116034139-452,123
20154116044127-905,144
20154116064140-496,48
20154116074134-300,25
20154116084108-19,69
20154116084111-994,27
20154116094115-530,133
20154116104159-524,69
20154116114152-553,46
20154117014151-49,36
20154117024110-233,129
20154117024144-496,72
20154117034138-371,65
20154117054141-402,50
20154117054153-286,148
20154117064148-969,44
20154117114103-565,156
20154117114109-151,26
20154117114115-203,79
20154118034109-720,8
20154118074141-911,144
20154118084103-860,8
20154118094119-116,9
20154118094129-26,92
20154118104113-978,94
20154118114130-34,33
20154119014158-913,118
20154119024105-829,43
20154119024134-170,34
20154119044145-356,33
20154119064147-274,69
20154119074113-792,100
20154119074133-741,39
20154119094154-19,112
20154119104121-842,10
20154119104142-683,27
20154120014128-465,88
20154120044149-948,27
20154120044152-592,10
20154120054152-653,16
20154120094127-321,15
20154120094138-417,97
20154120104143-547,34
20154120104147-386,63
20154120124135-151,144
20154121034111-173,117
20154121064113-144,26
20154121084107-952,72
20154121084112-914,10
20154121094145-294,113
20154121114123-822,115
20154121114124-273,16
20154121124110-292,25
20154122034109-697,69
20154122034142-353,83
20154122054140-30,88
20154122054153-125,48
20154122074105-174,24
20154122074116-413,90
20154122074120-577,96
20154123034134-941,10
20154123054103-632,39
20154123094105-815,8
20154123094155-364,26
20154123104149-343,0
20154124024118-504,114
20154124024130-878,53
20154124044141-426,71
20154124054158-779,9
20154124064145-819,34
20154124074100-587,10
20154124074156-737,8
20154124094154-305,144
20154124104119-137,61
20154124124106-525,118
20154124124153-214,119
20154125014101-681,8
20154125014129-206,104
20154125034104-451,7
20154125044106-999,59
20154125044126-431,20
20154125054105-873,8
20154125074116-47,15
20154125074157-46,67
20154125084143-150,6
20154125094109-674,48
20154125104102-486,69
20154125114130-0,16
20154126014149-199,42
20154126024152-89,21
20154126024158-664,118
20154126034153-995,9
20154126054114-343,8
20154126064136-539,113
20154126074158-852,58
20154126094133-632,88
20154126094153-832,8
20154127034153-72,46
20154127044120-550,36
20154127044142-653,7
20154127084141-786,15
20154127084151-732,24
20154127094104-659,57
20154127094129-318,78
20154127114129-6,73
20154127114159-870,39
20154127124138-224,26
20154127124144-803,45
20154128074135-529,72
20154128074142-620,34
20154128074155-209,48
20154128094123-201,64
20154128104117-651,90
20154128104144-208,77
20154128124157-121,27
20154129034133-355,90
20154129034147-83,48
20154129044136-415,6
20154129054147-511,27
20154129084107-872,160
20154129084132-74,24
20154129104156-348,57
20154130024133-170,27
20154130034153-108,16
20154130054121-838,48
20154130064118-387,94
20154130084124-868,7
20154130084155-739,91
20154130104133-234,10
20154130114152-221,52
20154130124118-316,1
20154131064107-934,6
20154131064108-409,26
20154131064108-797,55
20154131094115-269,27
20154131114102-992,156
20154201014236-36,71
20154201024259-199,62
20154201034219-24,52
20154201034255-306,36
20154201054201-550,26
20154201064221-52,9
20154201074239-177,125
20154201074239-730,20
20154201074239-779,64
20154201084214-252,126
20154201094221-490,71
20154201104219-192,10
20154201104219-611,101
20154201104250-936,124
20154201114240-341,8
20154201114254-498,73
20154201114257-240,34
20154202014210-253,18
20154202014212-469,36
20154202034212-341,141
20154202034222-47,30
20154202064209-590,10
20154202074243-737,30
20154202094219-27,17
20154202114234-259,76
20154203044240-260,66
20154203054255-917,60
20154203064217-174,90
20154203064250-782,69
20154203094225-386,48
20154203094245-860,141
20154203104244-910,69
20154204014240-350,48
20154204014240-585,69
20154204024203-816,10
20154204024204-803,108
20154204034201-197,22
20154204034204-463,9
20154204034234-400,80
20154204084241-403,39
20154204104255-618,89
20154204124245-802,46
20154205014234-263,20
20154205024202-124,69
20154205034205-330,15
20154205044257-706,10
20154205064237-776,37
20154205074239-830,10
20154205094230-49,10
20154206024239-384,26
20154206094218-555,56
20154206114227-195,20
20154207044223-674,82
20154207054238-987,9
20154207064238-836,133
20154207074217-654,34
20154207084222-772,88
20154207094201-679,1
20154207094231-475,57
20154207094232-699,26
20154207114257-472,91
20154207124241-479,26
20154207124243-258,0
20154208034244-0,30
20154208064213-155,41
20154208074227-295,115
20154208084235-526,16
20154208084239-270,34
20154208084255-257,69
20154208094209-150,8
20154209024222-720,20
20154209034251-421,27
20154209044216-651,17
20154209054227-699,133
20154209074201-961,27
20154209084232-299,8
20154209084258-437,155
20154209094240-466,132
20154209104204-174,126
20154209114214-958,34
20154209124209-547,27
20154209124224-722,118
20154210014220-695,128
20154210034214-844,24
20154210064241-373,51
20154210104202-41,159
20154210104209-855,57
20154210114250-231,51
20154210124200-338,92
20154210124201-733,80
20154210124210-941,136
20154211024216-107,82
20154211024216-713,20
20154211034247-278,37
20154211054209-984,12
20154211064214-600,20
20154211064241-592,30
20154211074259-773,41
20154211084219-154,82
20154211084227-429,39
20154211094211-143,26
20154211104241-339,72
20154212034222-845,2
20154212044215-152,80
20154212044243-346,62
20154212054245-458,40
20154212064205-889,85
20154212064234-627,30
20154212074205-242,48
20154212074234-478,47
20154212084212-789,88
20154212104211-65,11
20154212104222-8,98
20154212104231-5,39
20154212104236-58,48
20154212104244-750,99
20154212104246-428,120
20154212104249-304,43
20154212114201-175,15
20154212114258-729,57
20154212124243-340,146
20154213024205-43,10
20154213024208-839,134
20154213024216-561,91
20154213034230-706,136
20154213044221-384,61
20154213044259-545,87
20154213094240-842,88
20154213104251-709,0
20154213114224-714,36
20154213124252-641,43
20154214024242-219,89
20154214044236-612,26
20154214044236-934,112
20154214054203-453,10
20154214064217-704,1
20154214064232-812,19
20154214084221-294,115
20154214104218-27,26
20154214114255-788,48
20154215014241-33,9
20154215024235-585,48
20154215074223-266,33
20154215114244-418,112
20154215124253-8,21
20154216024201-733,9
20154216024204-768,59
20154216034202-965,8
20154216034241-337,34
20154216034256-486,46
20154216084221-101,122
20154216094238-311,36
20154216104223-278,88
20154216104233-612,36
20154216104239-427,74
20154216114235-759,59
20154217014250-905,108
20154217024216-818,68
20154217034220-309,133
20154217044214-559,126
20154217064210-311,41
20154217064237-436,36
20154217064249-838,1
20154217104217-430,44
20154217104228-732,130
20154217104228-922,27
20154217124209-940,47
20154217124253-245,48
20154218024228-691,80
20154218064224-524,10
20154218064224-711,47
20154218064237-120,34
20154218064254-866,42
20154218074200-760,149
20154218094206-133,10
20154218114238-384,17
20154218124259-772,37
20154219014209-728,10
20154219084210-14,59
20154219094203-849,148
20154219094236-720,27
20154219104212-500,8
20154219104241-223,46
20154219114228-262,87
20154220014207-265,20
20154220044203-784,45
20154220044210-901,79
20154220054254-247,45
20154220084208-864,115
20154221024240-685,126
20154221034210-218,26
20154221064205-207,47
20154221064223-143,7
20154221124220-61,24
20154221124230-401,16
20154222014258-614,36
20154222034228-99,70
20154222054227-909,118
20154222064210-989,101
20154222064254-555,68
20154222124252-449,9
20154223044219-363,132
20154223044238-230,83
20154223044243-199,0
20154223094233-408,16
20154223094235-562,147
20154223104254-46,101
20154224024243-441,11
20154224024247-121,59
20154224054258-457,34
20154224064222-83,68
20154224064246-493,98
20154224114208-356,9
20154224114240-680,109
20154224114248-796,34
20154224124203-336,83
20154225024250-848,43
20154225044228-490,6
20154225064221-390,8
20154225074218-903,10
20154225074252-957,8
20154225094209-391,8
20154225114209-403,8
20154225114217-528,105
20154225114250-921,34
20154226024225-112,34
20154226054229-220,56
20154226054249-628,21
20154226074229-276,0
20154226084225-514,8
20154226124227-55,8
20154227024229-598,10
20154227034256-970,36
20154227054208-498,6
20154227054240-936,128
20154227084214-677,12
20154227084245-696,10
20154227104201-42,27
20154227114255-944,122
20154227124221-606,6
20154228034255-582,69
20154228044234-553,4
20154228054230-169,5
20154228054248-376,147
20154228064255-879,69
20154228074250-471,32
20154229014226-973,61
20154229034208-913,40
20154229044237-309,26
20154229064228-601,36
20154229064247-967,58
20154229074227-130,20
20154229094213-344,26
20154229104255-661,93
20154229124231-957,26
20154230024256-985,20
20154230044228-559,24
20154230064213-204,21
20154230094206-93,17
20154231024256-741,114
20154231044211-574,26
20154231084229-906,45
20154231084240-825,65
20154231094224-818,36
20154231114214-462,26
20154231124246-848,0
20154301044347-104,8
20154301064333-561,20
20154301074308-402,115
20154301114306-910,69
20154301124328-262,20
20154302044305-268,26
20154302064318-613,0
20154302064319-564,106
20154302084310-559,20
20154302084358-573,55
20154302094310-152,117
20154302104311-666,10
20154302104354-580,115
20154303014356-798,11
20154303024314-609,71
20154303024324-525,4
20154303024341-464,26
20154303034328-896,62
20154303044311-176,37
20154303044323-840,138
20154303054336-852,9
20154303064359-839,133
20154303074311-913,80
20154303074351-681,135
20154303074358-511,27
20154303084322-126,138
20154303094318-187,46
20154303104350-928,125
20154303124307-81,33
20154303124314-941,50
20154304014359-573,92
20154304034314-809,39
20154304044309-97,26
20154304044322-62,10
20154304044323-645,86
20154304044326-805,46
20154304074334-798,39
20154304074340-809,43
20154304074354-660,34
20154304084356-835,71
20154305014335-971,88
20154305024352-766,20
20154305044352-136,9
20154305054350-339,15
20154305074304-694,36
20154305074337-913,49
20154305084350-216,15
20154305094304-138,19
20154305094348-630,9
20154305104337-479,69
20154305104356-568,10
20154305114338-705,8
20154305114351-64,69
20154306044342-841,15
20154306054321-56,13
20154306084324-61,8
20154306084336-628,136
20154306114333-217,20
20154307024334-228,40
20154307024341-203,34
20154307044359-536,48
20154307054354-49,27
20154307104312-689,77
20154307104328-677,36
20154307124353-199,79
20154307124354-819,64
20154308014359-25,26
20154308034348-264,36
20154308034359-236,130
20154308094328-663,27
20154308114314-130,16
20154308114355-732,26
20154308124303-964,43
20154308124319-670,133
20154308124335-8,36
20154309034300-556,69
20154309034309-959,147
20154309034353-71,34
20154309044344-578,82
20154309054331-529,0
20154309064344-904,147
20154309064357-666,34
20154309074309-745,27
20154309074338-532,72
20154309084354-984,133
20154309084355-477,72
20154309094342-984,36
20154309104322-867,73
20154309114329-296,15
20154309124347-330,64
20154310014313-489,9
20154310024344-489,45
20154310044352-738,40
20154310044355-435,61
20154310054319-507,96
20154310054327-591,148
20154310084342-200,8
20154310104327-25,16
20154310114354-581,115
20154311024320-794,27
20154311024330-361,72
20154311024355-911,103
20154311034317-220,114
20154311044358-220,56
20154311064355-564,20
20154311084343-102,15
20154311114324-772,26
20154311124300-456,8
20154312014352-916,61
20154312034301-370,46
20154312074332-201,42
20154312084309-917,20
20154312084345-256,69
20154312104338-278,147
20154312114315-27,99
20154312114332-412,68
20154312124334-595,50
20154313014303-514,16
20154313014319-355,27
20154313024305-895,5
20154313024306-954,16
20154313034330-946,27
20154313074351-635,9
20154313094339-456,36
20154313104301-766,36
20154313114342-768,36
20154313124349-922,47
20154314024310-662,147
20154314034325-940,69
20154314044331-360,90
20154314054309-806,6
20154314064305-777,36
20154314064318-347,75
20154314064353-245,120
20154314084327-265,129
20154314084339-382,69
20154314114311-549,46
20154314114358-787,20
20154315014354-14,85
20154315024321-314,48
20154315054322-3,34
20154315064331-937,15
20154315084334-324,7
20154315084342-476,8
20154315094308-578,10
20154315094344-834,124
20154315104341-875,9
20154315114305-241,27
20154315114328-382,13
20154316024332-129,41
20154316024349-453,46
20154316054307-980,69
20154316094311-12,80
20154316104315-699,20
20154316104341-889,78
20154316114304-382,147
20154316124308-991,21
20154317014321-975,34
20154317014329-54,133
20154317044339-251,9
20154317054301-688,36
20154317064310-833,61
20154317084350-24,40
20154317094332-218,63
20154317094341-230,36
20154317114331-457,122
20154318074304-92,8
20154318074307-961,19
20154318074327-65,68
20154318114331-117,16
20154318124329-861,26
20154319034347-45,20
20154319044337-154,87
20154319064317-874,34
20154319074314-56,116
20154319074317-573,73
20154319074317-628,26
20154319094356-421,26
20154319104353-504,61
20154320014344-198,100
20154320014349-634,88
20154320034327-688,27
20154320064328-347,109
20154320074335-899,8
20154320084310-762,79
20154320094352-113,61
20154321024351-62,6
20154321074307-245,122
20154321084329-326,61
20154321094330-557,84
20154321124336-179,97
20154322044301-121,147
20154322044336-436,79
20154322054320-298,36
20154323044356-897,8
20154323054334-813,26
20154323064305-880,112
20154323084319-194,15
20154323094300-114,26
20154323114321-363,34
20154323114356-898,9
20154323124305-371,47
20154323124317-79,69
20154323124336-960,73
20154324014310-391,91
20154324014347-139,72
20154324024302-237,34
20154324024328-309,26
20154324024354-470,26
20154324024355-579,37
20154324034301-448,164
20154324034340-292,8
20154324034351-995,27
20154324044344-591,10
20154324064354-382,20
20154324074320-162,16
20154324084313-457,126
20154324094311-697,72
20154324124340-646,69
20154325024349-137,26
20154325044303-21,72
20154325074316-323,83
20154325084307-908,69
20154325084324-658,34
20154325114303-212,55
20154325114323-182,60
20154325124346-290,18
20154326034342-937,151
20154326044353-158,94
20154326104345-896,77
20154326124353-561,29
20154327094301-825,29
20154327094302-996,101
20154327104354-806,34
20154327124354-540,73
20154328044302-517,76
20154328054303-951,10
20154328054340-157,65
20154328084349-846,93
20154328104304-362,26
20154328124300-548,27
20154329014358-80,9
20154329024334-251,49
20154329044318-650,7
20154329054337-727,69
20154329064303-556,26
20154329064331-898,-1
20154329124314-622,34
20154330014342-384,83
20154330024309-947,26
20154330024325-110,0
20154330034344-832,146
20154330094335-317,27
20154330124306-894,48
20154331024312-424,10
20154331034339-123,80
20154331044349-646,-1
20154331064335-322,34
20154331084301-440,34
20154331094357-320,164
20154401034422-998,5
20154401074429-771,69
20154401104416-538,55
20154401114403-876,34
20154401114438-695,62
20154402034401-435,61
20154402034416-232,29
20154402034422-248,87
20154402044412-377,132
20154402044449-102,20
20154402054410-14,69
20154402054434-251,69
20154402064416-314,26
20154402124413-668,83
20154403014425-796,97
20154403014430-537,10
20154403054427-199,66
20154403054444-186,20
20154403064441-487,8
20154403084410-270,26
20154403084444-706,26
20154403104439-719,118
20154404024426-337,78
20154404024444-783,133
20154404044426-903,91
20154404044452-704,131
20154404054415-713,121
20154404064457-308,58
20154404074423-76,87
20154404074458-997,107
20154404094427-555,69
20154404094430-924,90
20154404114431-907,34
20154404114459-43,115
20154405014454-661,77
20154405034405-591,39
20154405034454-883,124
20154405044437-466,39
20154405054409-981,118
20154405054428-26,34
20154405064401-508,33
20154405064444-690,10
20154405074410-187,27
20154405074442-509,105
20154405084402-280,108
20154405094402-820,58
20154406044427-579,22
20154406044443-482,69
20154406104424-345,119
20154406124402-983,10
20154406124441-863,101
20154407014405-908,67
20154407024400-526,9
20154407024412-194,112
20154407034408-576,20
20154407034414-393,48
20154407064407-815,16
20154407074409-70,136
20154407084406-55,67
20154407104408-451,81
20154407114429-288,101
20154408014459-479,67
20154408024404-90,69
20154408024437-581,9
20154408044436-655,5
20154408064412-833,51
20154408064440-273,10
20154408074420-516,1
20154408094400-252,130
20154408094429-109,69
20154408104418-267,8
20154408124449-448,34
20154408124457-555,72
20154409044423-907,108
20154409044439-912,72
20154409054455-450,164
20154409084407-538,29
20154409084413-801,74
20154410014439-243,29
20154410024451-978,126
20154410054454-887,48
20154410114421-764,164
20154410114456-722,17
20154410124411-337,93
20154410124427-370,30
20154411024426-868,44
20154411024449-72,36
20154411064400-936,48
20154411064440-435,13
20154411074406-199,36
20154411074439-224,9
20154411104410-894,49
20154412014428-448,124
20154412024403-809,117
20154412034444-733,34
20154412044412-297,24
20154412044422-275,26
20154412044423-504,69
20154412064426-801,51
20154412084406-385,48
20154412104452-262,6
20154412114408-299,56
20154412114442-702,48
20154412124411-6,53
20154413044446-614,48
20154413074407-257,15
20154414014438-128,8
20154414024400-712,18
20154414024455-447,46
20154414044430-854,96
20154414094401-452,41
20154414094406-360,47
20154414094410-181,125
20154414094441-876,34
20154414114435-629,98
20154414114437-964,125
20154414124406-469,125
20154414124412-684,82
20154415014417-163,134
20154415064447-909,17
20154415064448-712,68
20154415084411-333,10
20154415114438-543,130
20154416024437-390,121
20154416044414-95,70
20154416054424-28,32
20154416054433-55,16
20154416054448-708,98
20154416074444-263,142
20154416084444-481,27
20154416094412-197,27
20154416124424-327,48
20154417044459-237,43
20154417054458-449,107
20154417064427-657,69
20154417074427-897,36
20154417084423-551,8
20154417084441-213,8
20154417084454-73,24
20154417094415-108,9
20154417094442-343,6
20154417114443-51,6
20154417114443-748,148
20154418024416-474,36
20154418024447-204,72
20154418044419-353,55
20154418044437-34,126
20154418044447-947,34
20154418064412-605,10
20154418104408-406,36
20154418114407-382,8
20154419024438-705,124
20154419054446-648,151
20154419084429-25,51
20154419084431-507,40
20154419104411-33,36
20154419104442-444,39
20154419114439-303,17
20154420014428-416,24
20154420024426-231,27
20154420044401-882,69
20154420054435-183,39
20154420054455-558,112
20154420064402-308,36
20154420094416-248,26
20154420094443-603,41
20154420104403-205,17
20154420114455-24,34
20154420114457-164,20
20154420124400-903,9
20154421014437-375,11
20154421024437-278,151
20154421024443-839,68
20154421024444-922,131
20154421044426-552,47
20154421044438-271,8
20154421044450-831,32
20154421054430-525,44
20154421074459-698,36
20154421094452-315,26
20154421114410-110,26
20154422074419-68,34
20154422084401-555,5
20154422114404-501,72
20154422124407-513,97
20154423014421-678,36
20154423014424-392,59
20154423044409-968,55
20154423044431-936,113
20154423074419-20,26
20154423074437-690,13
20154423094459-117,86
20154423114405-513,94
20154423124414-291,20
20154423124442-224,71
20154424014431-732,92
20154424054432-658,36
20154424064452-683,0
20154424084414-48,80
20154424094438-22,36
20154424104413-617,85
20154424114431-782,26
20154424124420-192,8
20154425034411-890,16
20154425034419-941,31
20154425094409-243,33
20154425094430-276,124
20154425114422-810,39
20154425124407-720,69
20154426024411-840,129
20154426024421-542,20
20154426034420-319,50
20154426054401-248,115
20154426054436-417,71
20154426064422-150,26
20154426064448-113,48
20154426094402-24,7
20154426094449-685,20
20154427014422-855,26
20154427014449-383,126
20154427014452-663,1
20154427024429-109,75
20154427034432-511,110
20154427034434-710,122
20154427064420-988,20
20154427094445-652,27
20154428024444-390,98
20154428044434-0,48
20154428054406-629,20
20154428064405-937,94
20154428064410-192,6
20154428064447-130,83
20154428084433-983,51
20154428094403-173,38
20154428104404-828,61
20154428114412-322,59
20154428114434-818,55
20154428124429-300,119
20154429034402-935,116
20154429044417-123,34
20154429054444-507,9
20154429114404-718,82
20154429124436-765,72
20154429124439-546,94
20154430014454-721,125
20154430024407-253,31
20154430034428-915,59
20154430034436-879,66
20154430044428-12,36
20154430054401-271,9
20154430054440-890,82
20154430054442-410,33
20154430064432-451,73
20154430084401-298,21
20154430084412-385,20
20154430104428-685,8
20154430104437-875,31
20154430114430-240,9
20154430124427-412,9
20154431014412-348,18
20154431014456-46,34
20154431024445-873,78
20154431054410-595,9
20154431064441-604,97
20154431084406-746,149
20154431104413-67,9
20154431104425-802,34
20154431104451-420,115
20154431124423-688,21
20154431124424-721,38
20154501024521-895,131
20154501044554-839,83
20154501074509-749,121
20154501084500-257,11
20154501084530-202,83
20154501084537-684,-1
20154501124525-792,118
20154502014508-491,49
20154502024526-427,155
20154502044518-570,26
20154502054501-178,130
20154502074525-187,155
20154502074526-256,69
20154502084548-823,143
20154502084556-629,30
20154502094535-864,13
20154502104518-123,148
20154502114508-148,41
20154503034530-585,120
20154503054514-929,8
20154503064512-973,20
20154503064553-370,69
20154503074525-315,26
20154503094556-932,6
20154504014517-802,85
20154504014523-881,71
20154504024526-617,37
20154504054500-534,69
20154504054501-314,46
20154504064547-329,60
20154504084540-301,104
20154504094510-630,133
20154504094523-142,126
20154504094530-832,89
20154504114533-20,125
20154504114552-72,75
20154505014505-202,137
20154505014541-791,116
20154505024531-4,52
20154505034517-211,83
20154505074523-130,133
20154505094529-266,16
20154505124525-350,64
20154506014536-722,118
20154506054509-852,66
20154506054510-602,22
20154506054512-623,48
20154506074517-446,50
20154506084523-929,67
20154506094559-645,63
20154506114531-504,107
20154506114534-739,48
20154506124542-655,48
20154506124552-825,20
20154507024509-845,116
20154507024517-95,48
20154507034519-6,61
20154507054536-79,20
20154507064517-275,91
20154507074526-430,13
20154507074558-617,88
20154507104514-75,61
20154507104521-856,61
20154508024531-338,79
20154508034512-69,9
20154508054512-557,47
20154508064514-321,20
20154508064542-87,20
20154508084534-828,90
20154508094515-800,10
20154508104501-46,10
20154508114523-645,109
20154508114533-603,6
20154508124538-434,47
20154509014534-673,4
20154509014559-37,125
20154509024518-62,10
20154509024548-175,30
20154509034539-813,69
20154509074508-489,13
20154509084536-974,38
20154509094519-25,30
20154509094553-399,20
20154509104501-59,160
20154509114531-556,128
20154509124553-876,69
20154510014508-868,50
20154510014516-824,84
20154510014557-755,39
20154510064550-279,63
20154510104522-927,56
20154510114523-240,30
20154510124511-84,3
20154511014511-799,154
20154511024505-828,52
20154511024509-567,147
20154511034551-791,59
20154511064520-418,149
20154511074500-960,42
20154511094545-173,30
20154511104531-707,88
20154511104554-113,125
20154511114515-568,73
20154512044528-826,9
20154512044556-370,15
20154512054518-584,37
20154512074503-405,27
20154512084511-218,30
20154512094523-344,147
20154512094535-150,8
20154512124548-471,21
20154513024507-271,25
20154513024508-359,-1
20154513024521-642,8
20154513044509-46,34
20154513044511-420,27
20154513044533-280,147
20154513054503-598,27
20154513054532-940,49
20154513064520-256,90
20154513074545-202,61
20154513104537-799,27
20154513114555-897,90
20154513124521-814,10
20154513124553-0,62
20154514024558-986,5
20154514034553-145,64
20154514054528-926,8
20154514094559-46,27
20154514114504-956,104
20154514114507-203,101
20154514124545-947,126
20154515034504-148,107
20154515054549-826,67
20154515054556-394,88
20154515064509-76,126
20154515084557-683,34
20154515094506-502,60
20154516014525-898,16
20154516014531-348,1
20154516024513-124,48
20154516024555-775,132
20154516034505-603,73
20154516034523-771,79
20154516034551-980,127
20154516064507-862,16
20154516074508-557,56
20154516094514-766,69
20154516124509-966,34
20154517024507-611,21
20154517024552-85,27
20154517044506-783,87
20154517064524-76,78
20154517084514-625,104
20154517094500-459,87
20154517094544-833,78
20154517104552-372,37
20154518034548-354,36
20154518064502-358,16
20154518064540-758,86
20154518094547-315,12
20154518104543-3,126
20154518114515-804,27
20154519014555-829,26
20154519024544-322,-1
20154519034516-956,154
20154519034526-395,92
20154519034536-63,18
20154519034545-461,39
20154519054521-330,27
20154519054555-68,26
20154519064500-924,8
20154519084549-54,41
20154519094526-503,24
20154519124552-189,8
20154520014506-55,12
20154520014512-167,9
20154520024559-236,36
20154520034528-636,39
20154520034536-573,88
20154520064525-417,65
20154520074540-882,37
20154520104544-696,8
20154521024518-105,130
20154521034502-964,16
20154521034540-737,8
20154521044507-247,70
20154521044526-86,8
20154521044531-839,48
20154521054515-644,108
20154521054536-554,26
20154521074541-847,150
20154521074546-272,5
20154521094550-685,91
20154521114536-507,61
20154521124559-589,48
20154522024553-113,9
20154522074508-296,128
20154522074550-726,112
20154522114526-226,27
20154522114542-987,10
20154522114558-409,48
20154522124556-589,42
20154523024537-240,8
20154523024537-613,8
20154523064510-579,34
20154523124510-943,30
20154524034503-939,160
20154524034527-591,123
20154524034534-40,10
20154524044501-338,10
20154524044508-686,114
20154524044536-939,80
20154524044548-612,92
20154524084534-448,118
20154524094502-813,48
20154524094517-702,65
20154524114509-609,17
20154524114524-784,27
20154524124536-93,65
20154525014533-946,25
20154525014558-501,115
20154525024508-630,88
20154525024548-230,69
20154525044559-95,78
20154525054551-322,88
20154525064509-813,122
20154525084548-607,108
20154525094552-398,92
20154525114509-293,56
20154526014540-725,57
20154526014546-461,120
20154526024508-653,73
20154526044524-695,16
20154526064518-551,131
20154527024553-723,50
20154527034520-683,16
20154527044548-791,154
20154527054509-903,18
20154527064556-11,72
20154527064556-136,78
20154527064558-128,113
20154527084510-882,8
20154527084549-733,33
20154527104510-24,32
20154528014555-113,7
20154528034538-79,89
20154528054544-925,35
20154528074529-625,27
20154528084544-130,27
20154528094550-198,48
20154529014510-493,61
20154529014544-620,99
20154529034521-219,80
20154529064528-757,79
20154529074533-828,154
20154529094544-684,52
20154529104539-756,62
20154529124502-265,16
20154529124514-914,9
20154530024516-715,109
20154530024552-857,36
20154530034515-528,86
20154530034541-167,128
20154530054541-361,88
20154530064530-737,136
20154530084521-286,68
20154530104517-465,143
20154530114544-776,30
20154531084511-313,100
20154531104527-476,107
20154531104533-497,116
20154531114517-975,9
20154531124504-223,69
20154601034606-344,27
20154601044603-526,36
20154601104625-869,125
20154601114646-225,36
20154602014633-106,34
20154602014652-42,71
20154602034627-65,27
20154602034646-21,108
20154602044612-82,42
20154602054627-434,9
20154602074644-344,45
20154602084650-633,99
20154602094603-395,34
20154602094652-726,27
20154602114625-138,48
20154602114628-559,16
20154603014603-570,18
20154603014603-806,69
20154603024631-872,81
20154603024647-48,67
20154603034630-433,48
20154603084615-68,9
20154603084636-22,8
20154603094612-797,36
20154603094659-851,36
20154603104615-797,36
20154603104658-801,9
20154604024617-109,25
20154604024619-103,39
20154604024642-185,16
20154604044619-717,116
20154604054607-43,48
20154604064624-746,22
20154604094636-292,91
20154604124621-675,16
20154605024617-833,27
20154605024640-809,16
20154605024652-886,112
20154605034612-987,8
20154605074608-859,78
20154605084600-982,72
20154605094651-914,27
20154605124617-467,67
20154606024636-543,99
20154606044639-126,39
20154606054615-464,65
20154606054652-198,20
20154606064646-846,48
20154606074613-942,15
20154606074616-822,16
20154606094659-402,1
20154606094659-534,69
20154606114616-357,36
20154606124617-271,69
20154607034616-505,9
20154607044630-603,79
20154607064641-595,86
20154607064650-344,15
20154607094631-516,88
20154607094653-750,36
20154607124641-327,36
20154608014630-179,145
20154608024634-811,73
20154608064621-71,72
20154608084658-576,27
20154608104628-518,24
20154609014602-950,36
20154609044639-714,42
20154609064654-61,8
20154610014606-666,26
20154610014621-394,93
20154610024600-995,9
20154610024627-393,61
20154610064607-244,50
20154610074635-808,0
20154610074656-916,89
20154610084619-652,59
20154610094644-926,33
20154611014601-555,84
20154611014629-696,20
20154611024657-702,38
20154611044614-561,24
20154611104620-774,27
20154611104623-570,10
20154611114609-119,35
20154611124646-47,105
20154612014642-990,109
20154612024611-181,47
20154612024622-150,60
20154612034642-868,8
20154612054651-827,53
20154612074618-947,15
20154612084611-217,41
20154612104653-119,90
20154612114650-326,107
20154612124610-968,63
20154612124636-207,5
20154612124654-898,130
20154613064658-613,47
20154613094619-766,69
20154614014620-177,34
20154614014631-25,10
20154614044600-896,27
20154614044621-250,10
20154614044657-816,10
20154614074610-36,36
20154614074649-832,118
20154614094653-955,70
20154614114643-419,115
20154615014643-165,69
20154615034630-40,16
20154615034637-382,33
20154615054615-774,84
20154615054634-509,13
20154615054636-252,24
20154615074658-497,27
20154615084621-811,84
20154615084628-947,85
20154615114612-209,30
20154615114635-60,122
20154615114637-701,47
20154615114641-613,20
20154615124625-660,27
20154616014649-510,9
20154616084607-581,27
20154616084623-195,56
20154616104647-351,26
20154617044627-301,24
20154617054647-477,27
20154617064600-936,1
20154617074600-105,9
20154617074637-396,62
20154617084605-731,74
20154617094613-518,118
20154617094641-112,8
20154617114617-659,16
20154618034649-765,48
20154618044618-128,66
20154618064654-392,115
20154618074635-802,116
20154618094619-43,109
20154618104659-354,16
20154618114601-503,47
20154619014630-731,158
20154619054626-112,73
20154619054642-211,30
20154619074612-329,10
20154619074638-394,10
20154619084642-464,20
20154619094656-211,165
20154619104620-665,107
20154619124644-308,10
20154619124648-54,27
20154620024609-907,48
20154620024622-348,73
20154620024644-66,87
20154620084600-377,10
20154620114644-698,4
20154620124623-960,9
20154621064609-476,9
20154621064635-298,77
20154621074640-128,10
20154621104644-804,20
20154622034647-978,132
20154622044617-838,59
20154622044637-88,27
20154622054623-743,47
20154622054628-601,121
20154622104622-839,22
20154622114624-371,10
20154623014627-670,88
20154623034636-586,9
20154623044635-532,149
20154623044637-268,20
20154623054649-582,27
20154623064607-919,10
20154623064643-371,59
20154623074633-131,59
20154623074640-436,128
20154623084625-271,91
20154623094608-73,125
20154623104653-166,4
20154623114627-225,143
20154624034607-309,80
20154624044626-913,35
20154624054636-245,152
20154624074629-769,129
20154624094613-438,13
20154624094652-547,20
20154624104602-446,34
20154624104622-905,145
20154624114609-766,110
20154624114617-987,73
20154625014650-216,9
20154625034642-17,46
20154625054615-85,59
20154625064609-206,88
20154625084640-549,30
20154625094602-663,51
20154625104616-641,90
20154625104633-329,118
20154625114651-630,26
20154625114655-96,95
20154626024601-827,96
20154626024603-797,118
20154626024658-526,20
20154626034600-902,10
20154626054643-936,91
20154626064610-637,148
20154626064612-785,75
20154626084632-450,36
20154626094612-974,158
20154626094616-160,13
20154626114630-175,85
20154627014626-335,60
20154627024615-98,0
20154627054616-492,36
20154627094625-389,21
20154627094652-597,124
20154627124616-217,48
20154628024604-561,85
20154628034649-419,84
20154628054609-494,10
20154628064612-620,34
20154628064637-336,26
20154628064658-651,158
20154628084617-292,8
20154628094624-3,27
20154628104658-106,36
20154628114648-718,48
20154628124620-786,61
20154629024607-926,163
20154629024616-46,7
20154629034625-561,126
20154629034645-799,47
20154629044625-977,51
20154629054635-954,158
20154629064615-476,92
20154629104608-150,80
20154629104609-191,158
20154630034658-177,10
20154630044606-595,148
20154630044624-570,115
20154630064645-149,8
20154630114640-133,52
20154630124612-292,124
20154630124627-581,125
20154630124651-529,135
20154630124653-489,91
20154630124655-702,8
20154631024616-277,125
20154631084627-225,27
20154631094606-295,72
20154631104618-531,21
20154701024709-976,9
20154701034737-122,10
20154701054735-930,73
20154701064758-347,16
20154701074703-254,0
20154701074721-510,91
20154701084702-620,9
20154701104706-898,58
20154701104712-106,26
20154701124730-552,11
20154702044723-914,111
20154702064747-107,16
20154702074759-377,47
20154702084714-863,128
20154702084758-168,5
20154702124720-238,5
20154703024706-587,43
20154703024730-513,8
20154703034736-284,36
20154703044705-734,40
20154703044709-708,92
20154703044730-915,144
20154703044754-258,21
20154703054748-622,158
20154703084735-507,36
20154703104737-748,113
20154703104742-613,24
20154704014703-466,77
20154704014721-283,26
20154704054739-174,109
20154704074710-516,73
20154704084736-736,132
20154705024717-835,36
20154705024731-345,158
20154705034728-645,96
20154705044710-733,52
20154705044748-65,107
20154705054725-804,26
20154705084749-300,149
20154705114743-724,91
20154705124714-48,136
20154706014712-28,59
20154706014752-824,9
20154706044711-22,106
20154706044718-338,53
20154706044748-527,43
20154706054759-910,9
20154706084700-54,13
20154707014750-447,100
20154707034728-488,0
20154707054713-647,20
20154707084732-133,10
20154707094710-792,136
20154707104714-7,133
20154707104741-98,124
20154708044705-32,37
20154708044706-58,6
20154708044710-767,163
20154708044711-639,124
20154708044728-934,91
20154708064723-472,11
20154708074757-401,25
20154708104711-651,94
20154708104749-918,16
20154709034704-77,8
20154709044702-412,1
20154709044740-841,21
20154709054733-571,144
20154709064751-735,20
20154709074707-134,36
20154709074717-916,47
20154709114730-538,157
20154709114737-270,27
20154709124756-980,80
20154710014737-330,157
20154710014752-791,77
20154710074754-885,121
20154710104708-705,95
20154710104746-386,8
20154710114715-117,72
20154710124711-907,24
20154710124737-779,77
20154711034718-337,42
20154711044729-817,130
20154711064710-266,125
20154711064721-823,26
20154711064739-979,140
20154711074740-24,107
20154711074751-689,15
20154711114730-402,36
20154712014735-176,10
20154712014753-800,114
20154712024716-747,90
20154712044710-632,20
20154712064731-430,77
20154712084755-402,124
20154712094742-734,1
20154712124711-992,89
20154713014720-385,73
20154713024750-774,80
20154713044702-690,8
20154713044705-563,26
20154713054700-667,115
20154713054724-651,59
20154713064720-448,6
20154713114732-338,62
20154714024730-244,71
20154714034743-22,157
20154714074704-144,30
20154714074732-183,83
20154714124701-941,6
20154715044737-943,10
20154715054748-43,46
20154715074737-500,52
20154715084738-41,56
20154715114704-310,46
20154715124714-525,86
20154716014721-665,20
20154716064735-828,61
20154716074744-754,39
20154716094703-30,48
20154716104703-895,96
20154716114700-889,146
20154716114727-41,89
20154716114747-496,34
20154717024753-295,51
20154717034744-602,85
20154717054737-423,16
20154717064700-258,20
20154717084755-511,163
20154718024720-506,163
20154718024735-27,46
20154718034701-35,57
20154718044706-170,88
20154718044746-266,141
20154718054741-688,26
20154718054757-275,28
20154718064731-707,91
20154718094729-813,124
20154718104700-129,20
20154718124731-413,9
20154719014751-213,10
20154719024718-326,72
20154719044736-610,166
20154719044746-900,163
20154719054715-742,163
20154719064707-283,47
20154719074700-456,36
20154719084741-65,126
20154719084742-211,16
20154719104700-710,57
20154719104730-619,157
20154719114724-517,15
20154719114738-807,118
20154720084719-277,86
20154720094706-780,34
20154720114730-404,157
20154721044741-483,30
20154721064725-145,51
20154721084706-192,166
20154721084745-787,16
20154721094737-774,43
20154721104733-353,36
20154721104741-555,118
20154721114700-733,9
20154722024703-493,60
20154722034718-115,124
20154722114730-650,90
20154723034720-42,13
20154723034723-285,24
20154723044745-533,138
20154723054713-268,107
20154723074706-99,39
20154723074740-648,10
20154723084744-576,60
20154723094748-725,8
20154723114713-451,18
20154723114723-82,74
20154723114751-571,10
20154723124732-643,166
20154723124754-646,138
20154724024734-116,166
20154724024757-54,26
20154724034712-183,27
20154724044757-432,115
20154724054704-212,149
20154724084739-245,8
20154724094701-791,60
20154724104711-840,86
20154724114756-664,77
20154725014705-617,70
20154725024701-255,138
20154725054747-248,11
20154725064714-647,123
20154725104711-273,138
20154725104717-951,117
20154725114714-121,125
20154725114748-431,16
20154726014714-186,80
20154726024709-573,130
20154726064756-747,1
20154726084752-315,16
20154726114701-192,53
20154726114709-355,11
20154726114727-452,47
20154726114754-533,9
20154727014707-2,69
20154727024759-849,104
20154727034733-671,4
20154727044710-460,166
20154727044758-903,13
20154727054709-221,27
20154727064700-998,46
20154727074726-630,20
20154728014723-205,138
20154728014746-613,105
20154728024720-591,118
20154728034746-685,-1
20154728044754-749,90
20154728054753-744,79
20154728064727-282,88
20154728074700-378,16
20154728074743-276,121
20154728084707-484,138
20154728094759-13,128
20154728104715-168,20
20154728124707-118,132
20154729044749-19,84
20154729054707-256,101
20154729064708-257,129
20154729064758-237,16
20154729074714-800,6
20154729084718-7,65
20154729104715-725,32
20154729124746-995,113
20154730014721-234,8
20154730044742-225,26
20154730074717-351,24
20154730074747-926,63
20154730104750-72,43
20154730114701-335,52
20154730114729-687,1
20154730124723-254,151
20154731044702-403,83
20154731044714-858,8
20154731074731-833,80
20154731124720-805,15
20154731124732-510,8
20154801034809-529,26
20154801044816-267,5
20154801074826-429,37
20154801084800-755,73
20154801084801-486,80
20154801104828-144,72
20154801114808-895,10
20154801124855-611,84
20154802014836-86,44
20154802044801-908,8
20154802044825-624,43
20154802104828-327,69
20154802114807-830,91
20154802114850-826,48
20154802124853-564,48
20154803014805-523,114
20154803024802-897,16
20154803054807-805,14
20154803064813-28,48
20154803094847-226,98
20154803104806-359,155
20154803104834-431,65
20154803114821-891,36
20154804044802-635,88
20154804044849-878,13
20154804054850-394,50
20154804054851-733,10
20154804074827-231,34
20154804084834-740,36
20154804094840-923,59
20154804124824-880,110
20154805014852-697,114
20154805034828-643,36
20154805074832-890,83
20154805074859-858,34
20154805094814-860,88
20154805094821-285,14
20154805104835-68,54
20154806014828-598,68
20154806014849-43,14
20154806044804-487,36
20154806044809-982,30
20154806094825-96,27
20154806114852-855,155
20154807024826-797,27
20154807024830-766,57
20154807024851-397,7
20154807044850-154,120
20154807104818-336,109
20154807104854-792,125
20154807114828-767,20
20154808034846-791,48
20154808034852-394,9
20154808044818-373,26
20154808054811-199,16
20154808094807-64,130
20154808124813-503,77
20154809024806-695,20
20154809034801-375,8
20154809034821-765,72
20154809044835-78,100
20154809054822-260,120
20154809094821-459,20
20154809104801-644,17
20154809114818-832,76
20154809124808-913,30
20154810034812-304,80
20154810044808-531,55
20154810074844-679,73
20154810074851-382,26
20154810094804-100,20
20154810114854-474,27
20154810124812-584,16
20154810124825-389,15
20154810124843-713,46
20154811014801-200,161
20154811034822-146,10
20154811054801-170,26
20154811054808-989,160
20154811074853-707,91
20154811094831-646,69
20154811104853-331,25
20154812014811-841,27
20154812014855-638,122
20154812034822-196,22
20154812054846-708,124
20154812064852-553,27
20154812074833-507,15
20154812094833-455,39
20154813034815-550,43
20154813034815-802,10
20154813034829-169,6
20154813044807-217,10
20154813044816-14,16
20154813044829-816,89
20154813044837-90,41
20154813074820-444,26
20154813094806-514,30
20154814024808-901,9
20154814054845-507,20
20154814054850-79,48
20154814054852-53,26
20154814074821-814,16
20154814114836-107,20
20154814124812-370,20
20154814124836-965,98
20154815024805-373,42
20154815074813-331,9
20154815104823-873,36
20154815114839-956,85
20154815124841-267,36
20154816014841-737,130
20154816014845-442,8
20154816014851-293,8
20154816064800-119,4
20154816074848-645,36
20154816094838-605,27
20154816114830-833,69
20154817014854-170,65
20154817024825-187,10
20154817034824-160,36
20154817034841-275,121
20154817054816-243,6
20154817094842-449,121
20154817114821-677,67
20154818064822-736,48
20154818074851-145,124
20154818094849-557,161
20154818104840-722,27
20154818114855-997,72
20154818114859-137,59
20154819014838-806,15
20154819014855-670,131
20154819034826-640,8
20154819044802-78,70
20154819044805-235,48
20154819084849-926,26
20154819104804-746,75
20154819104819-123,48
20154820084825-581,104
20154820084851-636,72
20154820094833-789,15
20154820114822-453,11
20154820114850-261,26
20154821014818-941,10
20154821024838-295,79
20154821024843-807,37
20154821034852-404,112
20154821044806-248,101
20154821044824-752,5
20154821044849-587,149
20154821064811-633,67
20154821094836-639,33
20154821104859-297,84
20154821124817-368,65
20154821124856-434,67
20154822024836-501,10
20154822034828-74,18
20154822054838-865,67
20154822094857-448,73
20154822114816-84,107
20154822124852-312,161
20154823024806-63,141
20154823064844-637,60
20154823074803-769,32
20154823074829-260,41
20154823074838-901,15
20154823074848-342,117
20154823084801-865,1
20154823084804-64,23
20154823104821-280,122
20154823104845-58,141
20154823124821-86,141
20154823124859-777,126
20154824024846-243,36
20154824034807-478,64
20154824034835-889,33
20154824044810-764,115
20154824064809-609,82
20154824064815-541,8
20154824074858-999,161
20154824084838-810,10
20154824084859-212,26
20154824104802-646,47
20154824124815-113,27
20154824124832-402,13
20154824124835-785,97
20154825014843-884,88
20154825014854-317,26
20154825044801-41,10
20154825044833-35,1
20154825054846-818,37
20154825064848-825,71
20154825104838-640,126
20154825124829-43,11
20154826024802-859,8
20154826024816-241,77
20154826034839-769,147
20154826034855-575,122
20154826044822-839,87
20154826044849-501,70
20154826054807-240,26
20154826054818-593,161
20154826064823-183,30
20154826074807-651,121
20154826094807-584,147
20154826114830-851,32
20154826114833-257,9
20154826124856-755,34
20154827014803-602,90
20154827014850-703,8
20154827044803-504,145
20154827054838-471,10
20154827114820-401,61
20154828014805-614,9
20154828014808-208,55
20154828014849-145,4
20154828024853-947,95
20154828034832-528,46
20154828034832-761,90
20154828054818-386,135
20154828054821-232,20
20154828094823-38,9
20154828094837-453,21
20154829024816-982,108
20154829034834-681,27
20154829054829-565,36
20154829054833-889,31
20154829104840-718,67
20154829114852-778,27
20154830024800-954,31
20154830024817-212,90
20154830034853-516,122
20154830054852-760,16
20154830054857-116,21
20154830104827-205,12
20154831034844-112,27
20154831044822-574,31
20154831044853-836,0
20154831074838-917,98
20154831084849-281,36
20154831094847-710,114
20154901044910-777,111
20154901054922-66,6
20154901054932-304,109
20154901064934-849,147
20154901094931-229,31
20154901114914-551,8
20154901124955-525,142
20154902024908-48,36
20154902034953-35,44
20154902074948-557,125
20154902104928-495,31
20154903014907-481,105
20154903014909-323,115
20154903024942-37,43
20154903044916-720,124
20154903054942-273,26
20154903084903-690,103
20154903084906-196,147
20154903114903-996,104
20154903114918-526,84
20154903114941-837,-1
20154904024927-977,120
20154904034903-354,21
20154904044939-275,69
20154904064902-300,33
20154904074940-639,128
20154904094958-518,36
20154904104947-550,39
20154904114949-230,8
20154904114956-605,73
20154904124934-601,78
20154905014906-97,72
20154905074921-725,26
20154905084924-500,95
20154905084932-890,112
20154905104908-85,8
20154905114900-867,82
20154906014902-527,15
20154906014956-369,108
20154906034957-692,10
20154906074950-651,118
20154906094920-919,39
20154906114931-634,121
20154906114942-746,66
20154907014952-556,26
20154907044911-419,111
20154907054902-752,17
20154907054941-610,8
20154907074928-732,73
20154908014929-726,25
20154908024907-710,20
20154908024908-200,15
20154908044958-492,124
20154908084949-966,96
20154908104941-573,25
20154908114909-386,74
20154908114938-83,7
20154909034948-631,91
20154909034949-761,8
20154909044956-518,32
20154909054951-774,8
20154909074911-878,41
20154910014900-520,25
20154910014925-442,26
20154910014949-536,43
20154910024932-203,50
20154910044953-135,51
20154910054906-343,26
20154910054906-598,26
20154910054929-46,96
20154910064906-825,36
20154910074955-143,20
20154910084938-198,36
20154910084959-834,27
20154910094903-818,146
20154910094919-152,52
20154910124944-59,26
20154911014954-377,27
20154911024950-656,24
20154911044919-82,131
20154911054914-248,108
20154911084948-971,94
20154911094955-742,11
20154911104929-869,17
20154911124911-42,20
20154911124924-532,86
20154911124931-259,36
20154911124950-569,10
20154912014903-862,42
20154912014924-804,109
20154912014949-287,26
20154912034901-567,69
20154912034912-249,9
20154912054924-515,48
20154912054955-518,136
20154912064957-728,43
20154912074929-675,109
20154912074952-730,69
20154912084901-166,125
20154912084916-322,77
20154912104945-323,89
20154912104952-500,120
20154913014902-715,97
20154913024913-440,107
20154913064951-829,20
20154913074959-518,0
20154913084920-928,8
20154913094911-76,122
20154913094912-384,9
20154913114917-875,41
20154913124955-986,91
20154914014916-256,114
20154914014926-653,27
20154914014934-211,10
20154914024933-528,10
20154914034937-308,141
20154914034944-822,10
20154914054907-346,7
20154914054916-103,48
20154914054916-877,93
20154914054943-726,26
20154914064929-693,20
20154914074922-33,83
20154914084953-37,130
20154914094924-417,41
20154914104905-829,112
20154914124913-652,26
20154914124917-488,74
20154915014906-163,69
20154915054928-622,26
20154915074926-985,16
20154915094902-140,121
20154915104900-986,77
20154916014913-150,97
20154916014936-45,86
20154916024948-363,43
20154916034937-118,9
20154916064951-160,88
20154916074958-56,136
20154916084939-496,9
20154916114909-624,48
20154917014946-993,25
20154917034903-850,15
20154917054928-183,74
20154917064950-275,16
20154917094901-711,26
20154918014930-425,73
20154918034939-914,121
20154918034948-103,161
20154918044905-819,43
20154918074910-267,6
20154918074936-49,68
20154918084957-321,36
20154918094949-366,109
20154918094950-334,20
20154918114925-947,59
20154919024910-736,115
20154919034934-127,37
20154919074934-564,26
20154919074954-601,86
20154919094921-666,37
20154920044917-452,23
20154920044939-697,15
20154920044949-964,25
20154920054923-830,115
20154920064901-960,68
20154920064940-777,25
20154920064954-526,121
20154920074921-321,5
20154920084921-344,27
20154920094954-832,50
20154920114956-385,122
20154920124914-234,86
20154920124940-797,9
20154921014906-178,162
20154921014940-535,8
20154921024932-399,121
20154921034911-632,16
20154921034946-169,52
20154921074936-665,27
20154921104938-325,16
20154922024915-450,11
20154922064938-103,69
20154922084949-200,112
20154922094908-595,112
20154922094931-619,20
20154922104905-300,76
20154922114943-996,48
20154923014909-680,5
20154923054902-540,16
20154923054916-14,106
20154923054956-212,26
20154923074927-301,52
20154923074928-791,10
20154923084910-990,86
20154923084945-270,16
20154923114938-391,145
20154923124957-839,140
20154924014946-833,118
20154924014948-415,7
20154924044946-611,42
20154924054926-541,16
20154924054926-775,45
20154924054932-186,143
20154924064932-969,20
20154924064936-334,27
20154924124955-67,10
20154925014938-190,27
20154925034902-555,88
20154925034909-164,6
20154925044945-414,65
20154925054923-603,27
20154925054926-798,9
20154925054943-379,48
20154925064951-601,65
20154925074904-388,87
20154925074924-66,57
20154925074927-526,34
20154925084942-710,104
20154926014915-775,97
20154926034956-489,10
20154926084915-416,6
20154926104933-124,6
20154926114902-255,115
20154926124901-298,145
20154926124914-356,109
20154926124932-480,38
20154927014933-817,27
20154927024928-987,135
20154927034927-466,114
20154927064922-108,9
20154927064945-364,27
20154927084908-110,32
20154927084959-505,97
20154927094913-807,8
20154927114912-438,51
20154927124918-740,9
20154928014904-216,16
20154928014949-969,115
20154928054922-765,80
20154928064939-570,18
20154928064943-51,39
20154928074930-941,36
20154928074942-377,4
20154928074954-92,52
20154928114901-274,27
20154928114954-255,15
20154928124919-762,21
20154929034944-264,48
20154929064951-316,8
20154929074931-957,9
20154929074943-954,9
20154929104939-450,39
20154929104953-761,122
20154929114937-129,118
20154930014953-552,69
20154930044907-211,75
20154930054911-288,10
20154930064934-59,6
20154930064955-254,8
20154930084928-651,36
20154930084931-614,140
20154930094911-931,17
20154930094929-347,9
20154930104908-139,82
20154930114905-404,0
20154931014916-410,151
20154931024946-567,47
20154931034945-124,57
20154931054946-146,87
20154931104919-11,145
20154931124948-323,48
20155001015013-989,120
20155001025006-808,61
20155001085025-541,27
20155001085045-251,16
20155001105016-328,48
20155001105050-654,11
20155001105054-534,78
20155002015002-492,90
20155002015015-368,10
20155002095022-451,33
20155002115040-685,134
20155002125000-291,93
20155003015007-18,115
20155003035017-260,5
20155003045027-887,113
20155003055049-24,161
20155003065006-500,42
20155003065035-764,48
20155003085057-623,9
20155003125030-813,86
20155004015003-341,71
20155004015052-442,36
20155004025012-864,10
20155004025033-200,43
20155004035020-880,33
20155004035039-898,34
20155004065029-598,118
20155004075028-193,10
20155004085057-252,93
20155004115012-992,32
20155004125004-492,73
20155005015042-377,12
20155005035047-766,37
20155005055054-396,41
20155005065043-343,21
20155005115009-467,16
20155005125016-882,145
20155006025053-216,101
20155006035017-391,5
20155006045053-500,96
20155006065033-145,26
20155006085003-110,8
20155006095026-111,9
20155006115000-68,8
20155007035002-321,48
20155007045010-724,72
20155007055057-385,115
20155007105028-750,145
20155007105052-862,71
20155007115043-636,36
20155007125010-669,69
20155008015024-106,36
20155008015040-875,82
20155008025038-252,26
20155008045000-587,101
20155008055031-646,37
20155008095000-690,19
20155009035012-229,24
20155009035026-293,59
20155009055024-626,52
20155009075029-871,132
20155009075059-129,34
20155009095026-372,83
20155009105054-571,58
20155010025035-931,17
20155010035027-845,49
20155010045051-886,26
20155010075046-55,36
20155010095022-776,65
20155010105008-953,36
20155010105048-661,16
20155010115003-484,136
20155011035028-722,20
20155011095054-239,124
20155011115005-537,9
20155011115006-613,109
20155011125000-27,10
20155011125022-437,20
20155012015018-20,-1
20155012015023-139,27
20155012015044-732,20
20155012025014-139,89
20155012025014-927,71
20155012045013-236,20
20155012055005-718,115
20155012065005-217,40
20155012065039-980,115
20155012085048-766,15
20155012105037-73,96
20155012115050-224,10
20155013025028-739,8
20155013055021-797,119
20155013065048-240,38
20155013085022-330,15
20155013125038-270,8
20155013125044-573,51
20155013125054-239,27
20155014015019-965,51
20155014025035-354,51
20155014035034-409,40
20155014045015-94,10
20155014075000-250,27
20155014085008-31,26
20155014115040-352,62
20155014125011-81,21
20155015015017-670,22
20155015035000-483,26
20155015055027-203,16
20155015085033-767,78
20155015115025-738,79
20155016015003-592,9
20155016015015-241,87
20155016055028-514,10
20155016055052-790,16
20155016095009-865,16
20155016105014-878,49
20155016105038-829,69
20155017105004-384,16
20155017105034-330,80
20155017105044-579,73
20155017125055-99,26
20155018015058-838,88
20155018025027-905,119
20155018045038-791,69
20155018095034-789,8
20155018105000-729,78
20155018115018-119,26
20155019025025-685,25
20155019055036-427,36
20155019065024-371,73
20155019065049-871,82
20155019075059-941,90
20155019085012-883,30
20155019095008-356,27
20155019095051-659,135
20155019115035-365,62
20155019125004-709,27
20155020025005-823,27
20155020035008-254,36
20155020035009-541,56
20155020035014-198,36
20155020035057-49,110
20155020045004-56,46
20155020045059-811,126
20155020055005-112,93
20155020065025-936,27
20155020085036-572,8
20155020095009-169,38
20155021015058-471,116
20155021025028-390,89
20155021045059-730,40
20155021055038-706,1
20155021065012-863,98
20155021095034-253,47
20155021105052-315,69
20155021125011-558,20
20155021125027-18,140
20155022025025-894,131
20155022025040-869,82
20155022055023-3,88
20155022075038-528,124
20155022075049-151,96
20155022095026-825,34
20155022105003-276,112
20155022125028-440,48
20155023015030-948,34
20155023025023-616,95
20155023025046-510,34
20155023055033-43,20
20155023065015-612,13
20155023065026-661,4
20155023065033-796,81
20155023075056-284,30
20155023095030-537,10
20155023095037-787,34
20155023095053-401,10
20155023105006-119,124
20155023115047-443,50
20155024015018-365,99
20155024015031-756,24
20155024045011-587,129
20155024045031-794,72
20155024055025-91,27
20155024105003-765,100
20155024105051-288,21
20155024115009-354,114
20155024115021-588,34
20155025015029-156,101
20155025015032-304,33
20155025065035-14,39
20155025075009-771,20
20155025095021-954,2
20155025115040-735,42
20155025115054-532,20
20155025125004-671,48
20155025125055-97,20
20155026015014-82,119
20155026015047-456,51
20155026035048-916,93
20155026055055-745,136
20155026065031-5,34
20155026105032-380,88
20155026125036-291,109
20155027025003-704,74
20155027045016-281,84
20155027055036-564,10
20155027055051-523,26
20155027075030-17,65
20155027075033-613,48
20155027085049-858,37
20155027105035-106,27
20155028035003-577,48
20155028065033-936,36
20155028065044-583,122
20155028105016-754,109
20155028105034-968,122
20155028125003-149,27
20155028125010-618,100
20155028125025-781,49
20155029015020-507,25
20155029025041-491,66
20155029035009-826,95
20155029035047-120,69
20155029045031-175,18
20155029055001-507,27
20155029085047-891,65
20155029105005-418,68
20155029125037-882,69
20155030015024-759,34
20155030015058-336,97
20155030075000-793,90
20155030075008-549,6
20155030095024-814,26
20155030125002-922,55
20155031035003-913,34
20155031095040-402,27
20155101015153-997,20
20155101035134-156,8
20155101045148-763,100
20155101065139-549,93
20155101075136-111,17
20155101085139-488,26
20155101105100-6,125
20155102015131-894,10
20155102035151-359,36
20155102045121-443,123
20155102045128-941,65
20155102055140-273,123
20155102075118-513,16
20155102095112-902,112
20155102105109-200,34
20155102105155-395,16
20155103015112-816,114
20155103025126-91,27
20155103025138-690,16
20155103035116-592,30
20155103055146-447,26
20155103055157-983,61
20155103065157-254,34
20155103115100-856,40
20155103125116-871,27
20155103125117-566,26
20155104025128-323,16
20155104055125-368,104
20155104075145-460,16
20155104115145-356,26
20155105025102-354,34
20155105025134-783,121
20155105035115-792,112
20155105045116-670,8
20155105095111-802,26
20155105095144-872,10
20155105095158-83,20
20155106045120-116,20
20155106055122-460,87
20155106065150-500,88
20155106075153-120,34
20155106085152-545,59
20155106095135-527,77
20155106115123-259,42
20155107025107-822,99
20155107025120-910,151
20155107025121-865,69
20155107025129-9,85
20155107025142-923,26
20155107075116-898,1
20155107085153-669,69
20155107095106-273,48
20155107095150-103,140
20155107105131-908,69
20155107105141-423,124
20155107125107-821,126
20155107125121-144,63
20155108015101-929,69
20155108015134-360,50
20155108055113-217,10
20155108055122-120,54
20155108055127-418,27
20155108075139-964,6
20155108085129-602,48
20155108095144-360,8
20155108105111-825,48
20155108125121-567,149
20155109025110-178,104
20155109045104-759,131
20155109075137-379,125
20155109095121-982,9
20155109105115-583,52
20155109115123-786,21
20155110065158-228,16
20155110075150-591,77
20155110085142-429,27
20155110085148-525,7
20155110095100-81,48
20155110115129-645,27
20155110125158-386,44
20155111015128-341,15
20155111035113-452,32
20155111035152-902,96
20155111065119-468,77
20155111065136-856,9
20155111095109-411,15
20155111095142-349,78
20155111095152-65,31
20155111105151-175,16
20155112035138-197,69
20155112055113-398,16
20155112085118-64,26
20155112105111-296,94
20155112125144-954,47
20155113015107-173,20
20155113025112-61,9
20155113045129-570,72
20155113115142-894,36
20155114015106-386,0
20155114025112-526,34
20155114045130-81,9
20155114045132-71,92
20155114055105-317,36
20155114055130-358,60
20155114055136-570,48
20155114095131-368,44
20155114115112-703,27
20155115025143-678,24
20155115045123-3,97
20155115045124-265,80
20155115055126-836,115
20155115055136-775,77
20155115065112-915,50
20155115095152-620,58
20155115115153-800,39
20155115125132-525,27
20155116015106-558,48
20155116025119-682,24
20155116025143-70,69
20155116035104-470,12
20155116035129-426,36
20155116045108-418,16
20155116055134-838,16
20155116055140-172,36
20155116055151-743,72
20155116075159-137,120
20155116085112-182,27
20155116085120-15,38
20155116095154-87,42
20155116095155-952,86
20155116105124-999,69
20155117015130-290,27
20155117045156-640,10
20155117055109-312,141
20155117055122-140,36
20155117055136-845,48
20155117065115-489,121
20155117075129-610,104
20155117095115-322,132
20155118025117-248,20
20155118025140-48,69
20155118035119-914,16
20155118045112-456,72
20155118055120-195,72
20155118075124-295,73
20155118075141-805,163
20155118105141-811,26
20155118105146-971,101
20155118115127-143,92
20155118115128-12,84
20155118125132-310,36
20155118125147-85,163
20155119025114-185,99
20155119055145-309,3
20155119115106-194,20
20155119115134-6,87
20155120055103-391,30
20155120055142-403,11
20155120075120-921,69
20155120115120-467,9
20155120125158-102,15
20155121015151-176,133
20155121015153-897,72
20155121035116-274,30
20155121045154-254,34
20155121055133-479,16
20155121065100-589,91
20155121075125-805,105
20155121125119-604,48
20155122015113-891,50
20155122015143-390,52
20155122025116-289,149
20155122055108-85,122
20155122055116-333,81
20155122055152-815,75
20155122105142-516,163
20155122115118-223,78
20155122115120-443,10
20155123015131-999,133
20155123015147-557,69
20155123015147-690,90
20155123035115-107,163
20155123035157-563,44
20155123055114-470,26
20155123085147-286,91
20155123095114-41,8
20155123095125-681,22
20155123105120-139,27
20155123105159-430,27
20155123115132-660,115
20155124035131-240,125
20155124035137-104,16
20155124045148-189,56
20155124065101-676,27
20155124095131-809,55
20155124095132-430,91
20155124105159-309,86
20155124115146-742,27
20155125045126-764,52
20155125065153-13,69
20155125075128-608,36
20155125115109-261,21
20155126015101-584,101
20155126025133-294,80
20155126035129-589,90
20155126045131-960,84
20155126055159-410,68
20155126075149-53,69
20155126125144-977,7
20155127015149-97,54
20155127035102-451,46
20155127045143-781,44
20155127055114-680,136
20155127055150-486,61
20155127065120-711,54
20155127085107-519,10
20155127085135-450,26
20155127105102-588,5
20155127115141-140,9
20155127125107-814,20
20155128015133-316,77
20155128035145-987,48
20155128075157-284,43
20155129015103-260,79
20155129025110-549,122
20155129035122-438,107
20155129045107-400,51
20155129045121-174,26
20155129055147-431,6
20155129085126-994,79
20155129105136-293,132
20155129125114-867,65
20155130025118-645,73
20155130035117-109,15
20155130045107-925,48
20155130055115-290,137
20155130055132-838,108
20155130065116-719,9
20155130075100-46,34
20155130095154-411,36
20155130115135-673,46
20155130115150-842,9
20155130125126-108,5
20155131115159-825,88
20155201015221-957,77
20155201025212-846,69
20155201025239-418,58
20155201025245-696,111
20155201035213-815,103
20155201035224-590,123
20155201055205-698,27
20155201055223-716,20
20155201075206-349,26
20155201075209-669,9
20155201095259-137,67
20155202015257-248,69
20155202025227-496,86
20155202035206-111,88
20155202065206-711,9
20155202065231-630,125
20155202075207-398,15
20155202075214-474,8
20155202095248-887,48
20155202105256-995,48
20155202115233-71,27
20155203015202-223,40
20155203015220-852,40
20155203045228-554,25
20155203065209-82,8
20155203065228-993,73
20155203065229-254,96
20155203095227-377,72
20155203095254-173,98
20155203105243-520,74
20155203105250-184,27
20155203125254-748,114
20155204015210-595,5
20155204015218-625,42
20155204055205-222,77
20155204055234-952,115
20155204075252-177,8
20155204095225-879,27
20155204105236-384,16
20155204105251-380,130
20155204125243-368,61
20155205015233-851,134
20155205025239-81,69
20155205025245-653,21
20155205045211-58,57
20155205045234-468,72
20155205085202-209,96
20155205095235-701,16
20155205095236-132,124
20155205105243-924,35
20155205125210-970,27
20155206025224-627,160
20155206025244-634,30
20155206035248-482,129
20155206045202-110,43
20155206065253-470,10
20155206075204-722,23
20155206085214-352,16
20155206095205-734,90
20155206105202-711,129
20155206105220-877,75
20155206105236-868,10
20155206115240-47,23
20155206125203-732,35
20155207025224-620,36
20155207035220-980,8
20155207035246-589,48
20155207075209-878,68
20155207075241-172,33
20155207115216-391,69
20155207115250-213,100
20155208035222-55,10
20155208045207-674,8
20155208045228-597,47
20155208065252-159,23
20155208075242-780,91
20155208085206-672,5
20155208105227-714,8
20155208105246-426,9
20155208105249-310,97
20155208125234-73,6
20155209015212-409,45
20155209015217-718,22
20155209035225-643,32
20155209065239-593,15
20155209085220-909,8
20155209085240-71,4
20155209085255-542,85
20155210015230-182,149
20155210025227-374,8
20155210025230-794,21
20155210045205-876,9
20155210045254-447,26
20155210085237-852,144
20155210105207-288,27
20155210105230-671,78
20155210105231-380,8
20155210115204-9,149
20155211015231-940,9
20155211035238-685,42
20155211045248-317,10
20155211045258-980,112
20155211055252-393,0
20155211075227-27,60
20155211075244-304,91
20155211085223-496,89
20155211105222-197,10
20155211105237-636,16
20155212035238-957,35
20155212055201-823,144
20155212055238-204,6
20155212095211-676,135
20155213015220-211,60
20155213035255-286,16
20155213045213-184,34
20155213045247-855,69
20155213045249-101,73
20155213085238-710,69
20155213095212-354,36
20155213095235-98,25
20155213095244-486,9
20155213115254-355,13
20155214025202-174,36
20155214065227-368,34
20155214075250-45,118
20155214095206-793,37
20155214095239-156,9
20155214125258-653,125
20155215035252-945,35
20155215065201-621,60
20155215095214-503,21
20155215105244-919,8
20155216015224-688,73
20155216015226-188,5
20155216015253-395,101
20155216055209-787,49
20155216055230-781,118
20155216065247-105,36
20155216125240-140,6
20155217025222-831,27
20155217055238-804,113
20155217085253-931,9
20155217105212-400,5
20155217105219-132,124
20155217105224-269,85
20155217105258-508,157
20155217115255-205,5
20155218045221-583,104
20155218065202-828,20
20155218065236-433,10
20155218085224-640,83
20155218085232-407,108
20155218105226-400,15
20155218105228-898,35
20155219015258-947,85
20155219035208-979,8
20155219035228-248,148
20155219055208-563,10
20155219065253-324,121
20155219075248-264,128
20155219085255-410,44
20155219105223-621,27
20155219125211-610,69
20155219125246-276,34
20155220045244-126,36
20155220055213-805,25
20155220065205-214,12
20155220075210-527,48
20155220085241-907,95
20155220115228-339,18
20155221025221-111,69
20155221025244-122,21
20155221035215-286,8
20155221035222-673,96
20155221055211-397,36
20155221075249-459,52
20155221085210-381,142
20155221115237-739,107
20155221125213-371,80
20155221125229-19,52
20155222025217-753,83
20155222025248-836,67
20155222035235-759,83
20155222045208-617,8
20155222065249-298,129
20155222065258-26,98
20155222065258-67,16
20155222075242-97,109
20155222075248-559,9
20155222095214-329,96
20155223015236-307,67
20155223025223-42,157
20155223035220-257,71
20155223035220-518,157
20155223045209-786,122
20155223065200-218,90
20155223085229-650,144
20155223105214-913,149
20155223105218-491,10
20155224025254-187,105
20155224065246-744,34
20155224075219-422,69
20155224115207-570,98
20155224125203-186,36
20155225015258-557,27
20155225025231-666,105
20155225035240-735,4
20155225055204-556,11
20155225085241-468,91
20155225095237-844,9
20155225095243-141,27
20155225095247-318,127
20155226015215-356,144
20155226085244-734,52
20155226125229-218,24
20155226125254-369,69
20155227015235-465,10
20155227055231-464,52
20155227065217-969,157
20155227075208-342,40
20155227085257-55,124
20155227095221-937,32
20155227095236-451,10
20155227105226-846,8
20155227105245-707,67
20155227125212-315,107
20155228015220-418,21
20155228015222-976,49
20155228015224-387,35
20155228015245-135,51
20155228055244-170,36
20155228095216-123,24
20155228105231-492,44
20155228125210-442,103
20155228125229-86,160
20155229035205-191,97
20155229035239-568,125
20155229075209-557,10
20155229095213-604,64
20155229095223-993,49
20155229095259-503,57
20155229105207-599,7
20155230015214-596,69
20155230015235-98,122
20155230025233-218,49
20155230025241-974,5
20155230035222-748,37
20155230055211-490,10
20155230065221-463,10
20155230075202-580,124
20155230075217-364,9
20155230075218-899,17
20155230105211-483,9
20155230115226-97,6
20155231035227-0,0
20155231075227-33,10
20155231085202-341,16
20155231105237-675,8
20155231105239-338,41
20155301025312-741,20
20155301025350-31,36
20155301055312-754,94
20155301055347-195,16
20155301065327-174,69
20155301065341-712,114
20155301065349-981,101
20155301085312-76,25
20155301085317-34,115
20155301085322-946,35
20155301085350-513,14
20155301095314-712,113
20155302025312-112,118
20155302025352-365,10
20155302045335-245,90
20155302055315-401,86
20155302055357-472,5
20155302075339-508,10
20155302085319-879,118
20155302105321-61,34
20155303015353-82,20
20155303025331-674,52
20155303045331-550,58
20155303045356-851,59
20155303055334-250,123
20155303075313-600,137
20155303075334-830,-1
20155303095333-234,35
20155303105327-375,10
20155303125317-749,11
20155303125323-651,24
20155304015337-125,121
20155304025306-399,58
20155304025322-657,34
20155304035331-275,67
20155304045330-928,14
20155304065306-536,15
20155304065335-775,58
20155304065358-506,125
20155304075353-452,24
20155304085320-560,92
20155304095307-596,11
20155304095308-767,113
20155304095343-996,47
20155304105338-631,90
20155304115351-36,36
20155304125320-819,54
20155305015326-67,1
20155305025321-220,32
20155305035315-90,68
20155305035350-216,34
20155305045325-23,9
20155305065314-246,39
20155305075315-881,20
20155305075355-395,-1
20155305105337-96,34
20155306025329-730,9
20155306045344-471,106
20155306065348-338,36
20155306075307-769,16
20155306085328-467,115
20155306095352-482,4
20155306105320-633,48
20155306105321-278,49
20155306125304-711,94
20155307025311-47,44
20155307025317-697,59
20155307025324-839,10
20155307025337-508,48
20155307035343-528,49
20155307045325-414,25
20155307065347-120,9
20155307075336-227,13
20155307085318-512,123
20155307105318-981,160
20155307115300-161,91
20155307115340-426,8
20155307125327-646,73
20155308015342-512,10
20155308025321-11,50
20155308035318-433,49
20155308045304-549,35
20155308045321-417,73
20155308055353-564,26
20155308075300-140,10
20155308075334-739,102
20155308085309-182,79
20155308095329-948,16
20155308105343-910,67
20155308105346-779,155
20155308115306-860,26
20155308115357-769,20
20155309025344-113,36
20155309035345-751,0
20155309035353-968,4
20155309065327-597,75
20155309085359-498,57
20155309105336-908,8
20155309115300-960,94
20155309115321-822,20
20155309115343-721,90
20155309115357-981,116
20155310035300-431,110
20155310035300-564,20
20155310045309-907,16
20155310045326-207,35
20155310045357-17,35
20155310055324-613,109
20155310075332-779,109
20155310085325-400,57
20155310105320-51,87
20155310125342-214,99
20155311015300-19,9
20155311015304-643,46
20155311035305-535,30
20155311045315-402,101
20155311045343-651,34
20155311055345-30,86
20155311065304-252,109
20155311125300-290,37
20155311125315-704,20
20155312015304-1,55
20155312075311-671,27
20155312075313-766,27
20155312115354-809,85
20155312125321-91,20
20155313015324-374,41
20155313065344-641,88
20155313065353-837,27
20155313085311-65,73
20155313085338-538,72
20155313105324-362,21
20155313125338-978,36
20155314025308-302,16
20155314045352-623,26
20155314055308-151,155
20155314055358-658,10
20155314075350-327,125
20155314085317-744,109
20155314095334-971,73
20155314095341-355,25
20155314125319-412,71
20155315015313-84,73
20155315015330-416,9
20155315045344-159,155
20155315115312-396,16
20155315115319-974,6
20155315115341-748,48
20155316015308-618,68
20155316045346-112,7
20155316055341-657,146
20155316075301-46,26
20155316115321-402,115
20155316125315-277,69
20155317035328-621,9
20155317045321-311,155
20155317065325-267,34
20155317085330-284,37
20155317095309-82,155
20155317095355-5,43
20155317095356-796,15
20155317105335-21,66
20155317115307-56,24
20155317125332-60,142
20155318015334-316,155
20155318035351-42,10
20155318045300-137,25
20155318045306-53,125
20155318045307-395,155
20155318045348-403,51
20155318055356-801,26
20155318065323-808,9
20155318075328-481,90
20155318075334-519,92
20155318085323-689,10
20155318095346-528,25
20155318115320-812,36
20155318115321-937,45
20155318125311-887,20
20155319015328-845,20
20155319025303-151,65
20155319025316-132,63
20155319035337-279,21
20155319035359-974,67
20155319065307-9,20
20155319105326-404,53
20155319125338-526,69
20155319125339-656,98
20155320015318-618,9
20155320035313-723,29
20155320035314-794,30
20155320045300-526,58
20155320055308-540,26
20155320055334-779,9
20155320075307-202,72
20155320095303-993,69
20155320095322-283,1
20155320095336-544,46
20155320105353-443,48
20155320125343-802,10
20155321035317-361,34
20155321045350-617,29
20155321065324-15,27
20155321085346-715,98
20155321085354-103,20
20155321105314-535,109
20155321115343-478,73
20155321125321-407,52
20155322025303-645,8
20155322025349-465,148
20155322125316-320,54
20155323015347-523,8
20155323025342-343,70
20155323025342-437,15
20155323065317-442,136
20155323075349-302,19
20155323085324-552,98
20155323085346-26,48
20155323085353-9,34
20155323105312-749,146
20155323105314-852,26
20155323125350-4,27
20155324015307-999,34
20155324015326-739,83
20155324015341-115,8
20155324075301-513,21
20155324075339-328,70
20155324075339-417,164
20155324075359-504,164
20155324085325-903,39
20155324085350-784,79
20155324115305-405,48
20155325015305-625,164
20155325045321-836,113
20155325065316-87,29
20155325075336-825,36
20155325075339-490,100
20155325085300-934,26
20155325095328-933,84
20155325095348-282,69
20155325115348-290,34
20155326015327-562,11
20155326025302-192,10
20155326035314-70,22
20155326065327-167,10
20155326065330-762,121
20155326075304-176,49
20155326075351-224,71
20155326105306-68,136
20155326105308-899,56
20155326105319-704,34
20155326115307-439,8
20155327035347-535,61
20155327055311-62,0
20155327065304-831,27
20155327065348-42,16
20155327065352-143,27
20155327075348-763,9
20155327085332-624,136
20155327095347-642,90
20155327105347-925,6
20155328035310-746,116
20155328035319-760,26
20155328035326-113,0
20155328055322-628,84
20155328075344-727,48
20155328085310-805,52
20155328095345-887,33
20155328105351-17,86
20155328125314-729,90
20155329045329-278,16
20155329045346-171,72
20155329055303-413,48
20155329055314-780,20
20155329085335-705,119
20155329105327-356,34
20155330025354-711,139
20155330035332-211,78
20155330035349-797,45
20155330045344-404,9
20155330055334-238,105
20155330085301-206,8
20155330085329-653,8
20155330095316-775,143
20155330095334-363,80
20155330115319-514,71
20155330125308-863,58
20155330125313-561,1
20155331025312-334,143
20155331025328-447,24
20155331025357-961,72
20155331025358-360,48
20155331055329-993,10
20155331085312-528,7
20155401015403-770,27
20155401015444-439,142
20155401025432-410,57
20155401045441-227,135
20155401055424-365,8
20155401115443-339,117
20155401115457-529,42
20155402015440-235,82
20155402035448-649,9
20155402045434-428,15
20155402055423-909,83
20155402055458-607,10
20155402085412-825,85
20155402095430-944,109
20155402095455-468,80
20155403015401-677,55
20155403025439-26,121
20155403025440-94,48
20155403025453-621,8
20155403035424-543,136
20155403035448-157,9
20155403045427-339,135
20155403045449-754,69
20155403055431-257,79
20155403055431-688,91
20155403055443-412,48
20155403105442-397,16
20155403125436-517,74
20155404015431-242,9
20155404025418-130,27
20155404025425-846,42
20155404025436-249,80
20155404035404-301,8
20155404045416-984,57
20155404055405-546,51
20155404065421-768,25
20155404075449-856,158
20155405015448-33,75
20155405015451-772,16
20155405025445-798,89
20155405035411-744,99
20155405045446-551,41
20155405055416-800,50
20155405055439-901,80
20155405065448-222,27
20155405095438-449,34
20155405095456-527,20
20155405125402-226,61
20155406115453-795,10
20155407015433-549,34
20155407025401-645,11
20155407045404-580,16
20155407055408-859,126
20155407075419-829,20
20155407085436-987,15
20155407095431-303,90
20155407095436-165,21
20155407095443-656,136
20155407095445-308,47
20155407105416-360,8
20155407115442-97,137
20155407115448-173,42
20155408015402-944,131
20155408095415-166,26
20155409015439-148,68
20155409035441-881,78
20155409055424-104,32
20155409065419-204,125
20155409075442-603,26
20155409095404-1,39
20155409125422-39,90
20155409125458-907,27
20155410035426-585,73
20155410055413-237,104
20155410065428-222,20
20155410075450-130,56
20155410115436-216,24
20155410115442-469,135
20155410115443-580,16
20155410125418-276,34
20155411025401-133,93
20155411065407-954,48
20155411085411-161,74
20155411095413-90,67
20155411105414-764,51
20155411105423-23,115
20155411115436-381,80
20155411115451-402,34
20155412015422-478,39
20155412025422-657,27
20155412025439-711,12
20155412025458-760,5
20155412035440-195,84
20155412045446-0,115
20155413045417-828,47
20155413065431-352,4
20155413085400-638,9
20155413095429-78,122
20155413105409-831,48
20155413105458-607,27
20155414015431-337,24
20155414015450-986,118
20155414015455-74,69
20155414025422-339,10
20155414025452-910,72
20155414045435-904,69
20155414055413-427,16
20155414065449-822,69
20155414075423-495,128
20155414075424-282,16
20155414095405-129,9
20155414095419-150,36
20155415015401-576,21
20155415015459-549,71
20155415025445-696,16
20155415055448-117,94
20155415065435-901,34
20155415065439-614,74
20155415065442-451,16
20155415065453-301,140
20155415075405-549,8
20155415095436-366,34
20155415105401-84,77
20155415105426-483,36
20155415105428-961,147
20155416025450-542,11
20155416035455-942,147
20155416045441-692,47
20155416075414-747,20
20155416085457-488,48
20155416105428-103,87
20155417025408-472,131
20155417035454-444,110
20155417045419-23,10
20155417045421-956,121
20155417045444-36,56
20155417055404-842,126
20155417065414-463,93
20155417065430-542,33
20155417065446-3,61
20155417065452-683,147
20155417075428-77,77
20155417075442-571,86
20155417085454-80,87
20155417095405-70,90
20155417095454-820,143
20155417105422-842,105
20155418015419-112,1
20155418025400-514,68
20155418035409-213,20
20155418035415-502,41
20155418035427-895,36
20155418045421-624,30
20155418045455-317,97
20155418045458-340,143
20155418075447-174,50
20155418105443-181,131
20155419015430-279,86
20155419015446-344,15
20155419025436-439,26
20155419045453-296,30
20155419055407-635,80
20155419085439-739,46
20155419095445-600,149
20155419105438-666,147
20155419105450-531,10
20155419125407-749,8
20155419125408-510,125
20155420045459-752,39
20155420055422-20,88
20155420055440-323,16
20155420065416-680,107
20155420065446-200,100
20155420075411-689,89
20155420085411-184,67
20155420095406-753,10
20155420105422-518,80
20155420105446-331,139
20155420105449-388,42
20155420115417-321,122
20155421015424-794,151
20155421055418-31,41
20155421065446-240,123
20155421085451-765,36
20155422015402-862,36
20155422015409-486,139
20155422015415-459,27
20155422015444-143,6
20155422035401-166,69
20155422065444-36,8
20155422085440-191,82
20155422105448-970,36
20155423015434-702,87
20155423025429-675,10
20155423035426-963,10
20155423045440-29,9
20155423045451-965,42
20155423045457-970,69
20155423055401-968,125
20155423075433-511,34
20155423095423-859,92
20155423105427-757,51
20155424015402-348,20
20155424015436-907,46
20155424035420-859,104
20155424035436-409,69
20155424045454-66,10
20155424065404-909,69
20155424065455-846,66
20155424075405-452,77
20155424085438-836,117
20155424095403-620,135
20155424105453-864,127
20155424115433-691,4
20155425085416-230,20
20155425085422-138,109
20155425085454-29,37
20155425095427-956,151
20155425125452-157,88
20155426015402-453,8
20155426015439-228,107
20155426035428-177,71
20155426075432-816,30
20155426095420-438,114
20155426115450-821,36
20155427035437-721,69
20155427045428-734,17
20155427055429-500,47
20155427055445-502,27
20155427065441-961,97
20155427075416-544,116
20155427085403-531,9
20155427085424-959,8
20155427115403-656,115
20155427115438-270,16
20155428015403-864,69
20155428025436-507,100
20155428065442-400,75
20155428075433-360,8
20155428075447-311,16
20155429015426-898,48
20155429055432-113,25
20155429065420-360,5
20155429065426-663,20
20155429095415-587,10
20155429105414-58,69
20155429115417-36,10
20155430015455-513,15
20155430055405-608,15
20155430065423-661,108
20155430065457-569,15
20155430085434-503,76
20155430115403-341,112
20155430115448-624,10
20155431025403-99,9
20155431025407-873,20
20155431025449-131,59
20155431045446-47,118
20155431045446-820,12
20155431095434-843,25
20155431125412-835,19
20155431125443-408,113
20155501015527-544,15
20155501015552-358,101
20155501025537-40,154
20155501035526-887,109
20155501035544-811,0
20155501065521-181,115
20155501085548-717,122
20155501095556-405,89
20155501105513-756,30
20155501105557-44,34
20155501115503-638,74
20155501115549-423,30
20155501115551-657,85
20155501125529-527,115
20155502025511-119,58
20155502025544-979,69
20155502055513-421,26
20155502075521-135,110
20155502075522-491,26
20155502075552-20,43
20155502095528-51,104
20155502095553-497,36
20155502115525-896,39
20155502125507-435,46
20155503015536-796,27
20155503025525-562,56
20155503025536-107,75
20155503055521-187,10
20155503085502-843,86
20155503095505-851,36
20155503095520-726,67
20155503105528-624,9
20155503105545-835,26
20155504025510-530,45
20155504035505-637,160
20155504035537-96,24
20155504065513-977,16
20155504065559-69,73
20155504075511-773,61
20155504075536-383,17
20155504075543-891,16
20155504085556-912,27
20155504095521-78,18
20155504115554-356,151
20155504125520-496,21
20155505035539-722,108
20155505085532-624,87
20155505115501-388,7
20155506035548-222,86
20155506045534-554,5
20155506045548-864,4
20155506115538-645,89
20155507025512-789,15
20155507025528-30,114
20155507035516-86,16
20155507035559-982,27
20155507055538-61,8
20155507085532-900,34
20155507095534-53,71
20155507105518-639,16
20155507115505-753,0
20155508015525-755,98
20155508025530-810,34
20155508035530-98,60
20155508045555-761,20
20155508065500-686,48
20155508075512-365,54
20155508085530-44,48
20155508105537-280,70
20155508115551-930,7
20155508125512-863,10
20155509015530-694,96
20155509015532-281,71
20155509025540-678,92
20155509045500-419,142
20155509065515-933,65
20155509085524-852,36
20155509105541-792,47
20155509115514-291,72
20155509125554-329,83
20155510015516-82,18
20155510025531-344,109
20155510035526-304,137
20155510045507-760,69
20155510045531-199,130
20155510045540-167,22
20155510095558-877,122
20155510115503-773,90
20155511045543-118,38
20155511055523-637,39
20155511055549-788,147
20155511065542-668,147
20155511075557-246,118
20155511105504-943,68
20155511105542-698,16
20155511105551-991,27
20155511115532-317,20
20155511115536-551,48
20155511115537-418,52
20155511125500-140,54
20155512045541-545,16
20155512045556-420,122
20155512095531-4,93
20155513045525-782,147
20155513055509-610,9
20155513055541-893,96
20155513085532-599,27
20155513085550-298,16
20155513115543-669,85
20155513125557-429,118
20155514015554-802,132
20155514025518-434,36
20155514025524-996,0
20155514055522-182,26
20155514055529-108,71
20155514065542-265,8
20155514095514-716,88
20155514115538-38,79
20155514115559-607,113
20155515045550-909,122
20155515065526-634,16
20155515095508-771,113
20155515095548-2,9
20155515125500-436,20
20155515125545-849,107
20155515125557-114,147
20155516015501-914,108
20155516015509-611,80
20155516035504-761,16
20155516035544-884,26
20155516035559-131,39
20155516055530-619,72
20155516055543-369,34
20155516095512-766,47
20155516095539-720,36
20155516095548-928,27
20155516105555-782,46
20155516105559-806,5
20155516115534-244,31
20155516115547-576,6
20155517025520-359,122
20155517035538-277,19
20155517045513-760,8
20155517055510-758,102
20155517065511-650,13
20155517085508-984,8
20155517085542-741,113
20155517095500-40,83
20155517095518-749,18
20155517105518-795,69
20155517115531-683,147
20155517115552-543,50
20155518015504-310,68
20155518015540-221,49
20155518025531-71,137
20155518025559-414,88
20155518035549-620,92
20155518045508-953,20
20155518055520-844,124
20155518055537-383,36
20155518075540-451,20
20155518075547-219,4
20155518095558-521,21
20155518105525-488,16
20155519015513-86,27
20155519045528-235,121
20155519045538-646,133
20155519055512-566,49
20155519095518-431,19
20155519105547-921,88
20155519105555-68,31
20155519125535-358,7
20155520035557-954,62
20155520045513-443,61
20155520055501-430,82
20155520085531-173,147
20155520105535-51,83
20155520115522-140,74
20155520125548-491,115
20155521025526-4,26
20155521085536-56,26
20155521125533-941,5
20155522035520-589,126
20155522055527-809,140
20155522075554-168,27
20155522095506-197,71
20155522095547-881,69
20155522095555-541,31
20155522115542-589,34
20155522115544-987,91
20155523025523-457,115
20155523055508-612,31
20155523065557-761,13
20155523085557-121,50
20155523115538-147,109
20155523115549-994,94
20155524015550-153,153
20155524035528-732,137
20155524065529-638,112
20155524075502-755,26
20155524085545-931,-1
20155524085551-928,91
20155524105534-405,36
20155524115511-739,7
20155525015511-876,36
20155525015513-235,112
20155525025528-862,128
20155525025541-454,4
20155525025550-299,88
20155525045516-723,146
20155525045517-999,4
20155525045542-362,5
20155525055504-435,34
20155525065551-662,87
20155525095527-314,42
20155525115508-896,22
20155525115514-720,2
20155525115532-571,112
20155525115534-307,31
20155525115546-346,39
20155525115546-86,147
20155526015529-809,50
20155526025509-969,9
20155526025520-19,51
20155526035521-301,9
20155526065516-845,9
20155526065554-981,58
20155526075524-786,34
20155526085516-0,130
20155526105543-712,27
20155526125517-937,6
20155527045513-582,48
20155527045524-617,153
20155528025507-124,153
20155528025543-814,86
20155528055512-788,114
20155528055554-549,54
20155528075552-252,149
20155528075553-143,22
20155528095517-449,26
20155529015507-923,50
20155529045530-793,56
20155529055530-955,69
20155529065532-457,1
20155529075511-496,129
20155529095519-855,47
20155529095550-67,6
20155529105513-700,27
20155529105535-69,48
20155529125526-644,48
20155529125559-594,131
20155530035556-433,148
20155530055509-649,99
20155530075533-622,73
20155530095524-691,36
20155531015543-259,30
20155531065512-853,92
20155531075539-810,34
20155531105513-969,69
20155531115507-502,33
20155531115558-211,36
20155601015614-161,9
20155601015615-417,69
20155601015631-537,59
20155601025658-508,7
20155601035646-448,41
20155601065611-898,122
20155601125604-18,47
20155602015644-60,9
20155602045615-255,113
20155602045649-200,30
20155602045651-157,36
20155602045653-926,15
20155602075606-537,107
20155602105603-196,69
20155602105614-229,101
20155602115634-803,159
20155602125643-208,15
20155603015621-472,93
20155603015631-143,25
20155603035616-700,121
20155603045616-730,9
20155603075643-430,44
20155603085636-441,34
20155603105651-832,8
20155603105654-700,41
20155604025624-862,79
20155604035601-310,141
20155604035654-479,55
20155604055630-978,133
20155604065634-463,36
20155604085613-63,31
20155604085623-148,45
20155604105652-557,36
20155604125644-698,50
20155605035606-956,26
20155605045629-133,8
20155605045637-578,27
20155605055620-608,132
20155605065613-54,82
20155605065618-915,50
20155605065646-325,69
20155605075643-362,27
20155605105623-939,90
20155605125623-741,126
20155605125654-111,95
20155606015608-991,63
20155606025608-621,153
20155606045620-205,74
20155606055616-227,48
20155606075601-461,117
20155606085604-918,18
20155606085623-342,34
20155606085646-932,34
20155606095608-167,26
20155606095615-98,41
20155607015659-126,1
20155607035630-424,27
20155607045623-654,16
20155608015646-673,65
20155608035650-260,68
20155608045648-151,52
20155608075604-962,48
20155608075646-405,32
20155608075654-10,84
20155608085612-942,125
20155608085650-551,10
20155608095629-23,8
20155608095633-284,72
20155608095652-395,133
20155608105623-726,88
20155608105635-740,10
20155608125627-896,34
20155609015602-235,48
20155609015650-953,143
20155609035611-390,42
20155609065611-118,9
20155609075614-26,31
20155609085601-658,69
20155609095635-696,26
20155610035651-241,52
20155610055624-279,125
20155610055631-773,146
20155610055653-905,92
20155610075657-317,4
20155610085645-184,16
20155610115607-494,9
20155610125617-623,71
20155610125653-388,126
20155611015650-658,69
20155611025618-264,69
20155611035646-483,69
20155611055605-588,49
20155611055631-743,60
20155611085614-73,101
20155611095605-146,86
20155611115619-804,36
20155612015624-502,98
20155612025632-349,52
20155612025635-953,107
20155612055615-47,64
20155612065603-160,86
20155612065659-367,141
20155612075623-190,99
20155613025640-238,34
20155613045622-401,34
20155613045643-376,26
20155613045650-872,130
20155613065614-139,46
20155613065652-38,44
20155613095654-874,134
20155613105649-467,80
20155613125611-113,15
20155614075643-621,141
20155614075656-559,74
20155614095634-953,12
20155614095648-111,34
20155614105606-280,88
20155614105630-25,37
20155614125629-357,56
20155615035612-506,89
20155615055609-330,117
20155615065643-355,142
20155615085620-330,8
20155615105630-534,61
20155615125621-835,61
20155616025653-750,25
20155616035600-5,16
20155616035612-493,87
20155616035629-355,6
20155616035659-555,27
20155616045609-154,98
20155616045623-272,75
20155616065630-789,145
20155616075650-682,73
20155616125645-958,9
20155616125657-0,145
20155617015617-226,71
20155617035626-878,75
20155617035648-789,59
20155617055615-208,76
20155617075624-163,99
20155617085640-226,74
20155617095644-506,68
20155617115643-257,88
20155617115654-328,16
20155617125605-868,34
20155618025650-853,30
20155618065604-631,132
20155618075600-258,105
20155618085617-440,104
20155618085648-561,6
20155618095623-707,120
20155618105624-509,36
20155619045657-616,125
20155619055621-859,9
20155619105610-134,116
20155619115633-624,26
20155619125600-198,48
20155619125653-865,51
20155620025615-452,84
20155620035613-395,56
20155620035621-75,48
20155620045633-63,91
20155620065658-617,46
20155620075624-978,27
20155620115651-849,115
20155620125614-440,21
20155621035631-676,17
20155621035652-898,74
20155621045635-67,109
20155621065651-543,41
20155621075628-914,27
20155621085644-587,145
20155622015608-652,84
20155622035604-568,118
20155622065626-576,73
20155622075617-153,34
20155622095638-223,15
20155622125651-249,66
20155623015620-828,5
20155623035627-344,27
20155623055607-516,86
20155623055655-882,17
20155623075644-293,106
20155623095618-430,72
20155624015655-104,36
20155624045618-21,12
20155624075638-235,62
20155624115626-121,34
20155624115628-693,17
20155625015640-270,60
20155625015640-843,5
20155625015652-201,44
20155625015656-890,9
20155625025623-196,15
20155625025639-594,18
20155625055631-750,26
20155625055644-429,44
20155625095622-232,126
20155625095623-406,26
20155626025647-261,8
20155626035612-921,60
20155626055623-547,63
20155626065638-553,9
20155626085619-339,48
20155626095622-144,118
20155626105649-404,129
20155627015611-22,5
20155627015643-678,145
20155627045658-136,74
20155627055642-893,64
20155627065647-194,145
20155627075627-902,148
20155627075654-410,79
20155627095620-851,141
20155627105645-424,133
20155627115631-597,113
20155627125623-941,10
20155628025639-935,14
20155628035624-221,121
20155628045650-449,40
20155628055649-858,151
20155628075607-90,112
20155628125625-241,8
20155629025607-12,9
20155629035604-338,10
20155629035637-921,0
20155629045617-207,145
20155629065625-319,8
20155629085629-560,20
20155629115617-518,48
20155629125627-193,16
20155629125649-272,107
20155629125653-788,30
20155630015659-740,73
20155630025632-929,55
20155630035600-593,48
20155630035656-673,1
20155630045651-523,16
20155630065657-584,18
20155630095657-752,145
20155630105651-729,13
20155631035649-366,10
20155631045627-683,32
20155631055610-579,145
20155631075632-680,26
20155631105647-912,104
20155631115626-437,133
20155631125643-477,63
20155631125645-432,80
20155701015739-324,27
20155701025733-561,51
20155701025751-249,63
20155701025756-944,25
20155701085744-294,5
20155701105733-580,50
20155702015728-136,145
20155702025721-399,48
20155702045735-87,108
20155702055701-405,125
20155702065700-462,76
20155702075700-732,36
20155702125743-958,124
20155703035752-285,125
20155703045756-537,122
20155703055749-564,37
20155703055759-244,59
20155703055759-583,26
20155703105737-721,20
20155704015702-248,8
20155704015728-85,30
20155704015750-993,10
20155704015757-89,39
20155704025719-973,72
20155704055714-605,79
20155704065719-686,99
20155704065747-318,36
20155704085706-777,101
20155704085737-841,136
20155704105729-133,27
20155704115705-937,20
20155705025745-109,62
20155705025759-63,102
20155705035759-564,16
20155705045704-953,55
20155705045737-959,57
20155705065729-214,43
20155705065743-470,8
20155705065750-793,161
20155705085705-756,122
20155705085712-420,73
20155705085752-232,58
20155705095723-561,11
20155705105749-356,8
20155705125721-407,88
20155706015757-194,9
20155706045723-418,148
20155706065753-746,19
20155706075734-63,72
20155706075759-768,56
20155706095734-781,16
20155706095759-642,17
20155706115706-51,16
20155707045718-181,50
20155707045739-291,4
20155707085753-292,140
20155707095706-832,37
20155707095718-445,107
20155707125720-872,20
20155707125735-181,46
20155708025703-505,93
20155708025739-913,88
20155708025745-242,4
20155708025758-65,27
20155708085739-530,17
20155708095706-36,36
20155708095728-689,69
20155708095746-227,146
20155708095755-9,80
20155708115739-107,16
20155709025743-69,69
20155709055721-587,48
20155709055722-994,14
20155709075707-596,59
20155709095715-337,21
20155709095720-363,17
20155709105753-588,14
20155709105754-104,97
20155710015717-292,133
20155710035704-355,65
20155710035705-492,126
20155710035722-589,50
20155710045720-435,118
20155710055728-180,101
20155710075750-214,83
20155710085723-640,26
20155710095704-36,52
20155710095726-284,151
20155710105729-11,27
20155710125719-554,10
20155711015738-953,86
20155711025720-958,13
20155711025756-499,94
20155711035748-460,91
20155711075735-76,69
20155711105706-320,10
20155711105736-603,24
20155711115749-167,89
20155711125712-255,15
20155711125728-694,73
20155712035738-767,32
20155712035748-245,10
20155712045748-303,27
20155712055713-620,80
20155712075726-121,2
20155712085725-362,80
20155712125720-473,129
20155712125721-681,124
20155713045735-33,108
20155713065743-370,9
20155713085708-4,11
20155713105701-94,36
20155713105709-55,113
20155713125711-0,10
20155714025716-854,26
20155714025739-233,36
20155714055753-76,48
20155715035715-458,24
20155715045720-815,113
20155715055744-947,16
20155715055748-21,73
20155715075716-596,152
20155715115707-991,9
20155715125717-878,39
20155716015702-925,110
20155716015705-26,15
20155716045716-337,16
20155716045735-932,0
20155716075743-384,26
20155716095708-980,8
20155717055740-498,27
20155717055748-249,78
20155717065720-517,43
20155717085756-850,96
20155717125735-683,34
20155717125750-508,109
20155718015733-878,20
20155718025735-7,100
20155718035716-438,34
20155718035719-296,10
20155718045728-397,10
20155718075721-632,10
20155719015711-659,34
20155719025743-55,61
20155719035725-878,142
20155719045735-713,27
20155719055718-468,27
20155719055757-561,8
20155719075702-802,72
20155719075725-561,27
20155719085748-372,77
20155719085750-434,36
20155719115743-154,82
20155719125713-529,80
20155719125721-975,101
20155720025749-383,94
20155720045733-479,69
20155720055708-822,33
20155720055712-245,27
20155720065705-406,72
20155720065710-37,27
20155720065732-452,92
20155720095723-531,110
20155720095752-177,58
20155720115754-988,34
20155721015722-735,8
20155721045702-819,30
20155721075705-83,6
20155721085718-188,114
20155721095721-40,4
20155721095726-231,47
20155721105747-517,27
20155721115746-563,10
20155721125737-805,157
20155721125741-39,21
20155722025727-208,6
20155722035759-975,16
20155722045717-959,36
20155722085707-853,27
20155722085740-393,112
20155722095743-296,33
20155722115704-142,30
20155723025701-227,55
20155723025744-648,4
20155723035703-81,129
20155723045729-553,149
20155723045734-820,121
20155723075734-12,10
20155723115720-27,27
20155723115727-660,77
20155723115752-52,117
20155724015712-546,20
20155724015714-289,48
20155724015737-87,136
20155724015758-338,15
20155724015759-778,125
20155724025730-431,0
20155724025736-120,27
20155724025757-642,133
20155724045740-714,10
20155724045747-509,99
20155724055744-118,125
20155724065712-217,46
20155724075753-122,20
20155724105706-534,69
20155725035758-59,91
20155725045758-771,29
20155725075727-219,30
20155725075744-903,52
20155725095739-361,25
20155725115741-68,69
20155726015743-944,109
20155726045730-46,101
20155726045746-126,16
20155726065746-437,107
20155726075705-55,27
20155726085710-998,25
20155726085725-991,20
20155726105718-69,5
20155726105752-335,25
20155726125712-330,69
20155726125730-585,15
20155727015757-542,58
20155727045729-105,61
20155727045735-743,21
20155727125724-188,26
20155728025725-80,16
20155728045750-240,69
20155728065747-15,52
20155728085725-973,27
20155728115739-290,48
20155729015739-338,41
20155729025712-48,126
20155729045730-720,39
20155729095741-271,17
20155729095744-69,20
20155729095755-261,9
20155729095756-876,5
20155729105722-35,16
20155729105735-293,98
20155729115754-235,90
20155730045709-115,56
20155730045759-380,77
20155730085748-465,20
20155730085755-371,47
20155730095723-986,36
20155730095745-12,26
20155730105738-155,36
20155730125713-984,69
20155731015742-412,126
20155731045731-907,61
20155731055752-472,131
20155731065708-964,84
20155731115721-967,4
20155801015819-968,34
20155801015824-240,33
20155801025816-705,15
20155801035840-804,98
20155801075814-893,16
20155801075850-229,8
20155801085847-425,32
20155801095814-110,131
20155801105820-248,126
20155801115833-996,52
20155802055814-251,66
20155802065857-168,6
20155802085805-6,34
20155803015845-964,27
20155803035851-140,89
20155803045807-863,9
20155803045848-101,109
20155803065823-477,10
20155803075823-463,17
20155803075828-205,26
20155803085804-911,40
20155803095829-960,113
20155803105858-900,124
20155804015811-880,80
20155804035844-100,4
20155804045831-476,51
20155804045852-111,100
20155804085805-14,125
20155804085814-147,15
20155804095839-242,125
20155804105805-400,20
20155804115843-870,63
20155805015812-89,20
20155805015836-890,68
20155805025842-634,19
20155805055852-563,36
20155805085848-703,57
20155805085850-481,110
20155805125838-346,126
20155806025837-218,27
20155806025840-541,10
20155806045854-862,20
20155806065818-62,34
20155806065835-432,38
20155806065852-717,15
20155806065854-345,73
20155806085836-681,136
20155807015849-772,104
20155807035829-958,20
20155807055827-460,24
20155807055837-636,55
20155807095823-910,90
20155807105856-823,34
20155807115813-909,61
20155807125802-565,60
20155808045846-178,16
20155808045846-22,10
20155808055803-655,26
20155808055821-749,10
20155808065847-228,20
20155808075820-882,26
20155808075842-527,109
20155808075848-404,86
20155809045850-372,108
20155809045856-713,39
20155809065829-220,13
20155809065858-874,26
20155809075828-607,112
20155809095821-297,40
20155809095823-865,69
20155809095840-349,16
20155809105821-489,16
20155809105858-905,69
20155809115800-678,21
20155809125823-570,51
20155809125852-460,60
20155810015814-86,112
20155810015843-1,8
20155810025850-117,36
20155810045819-287,27
20155810065842-768,55
20155810085841-250,104
20155810095859-88,25
20155810115855-455,20
20155810125837-406,143
20155811035820-587,104
20155811045827-264,40
20155811055815-517,126
20155811065818-614,26
20155811075818-230,118
20155811085816-277,101
20155811095854-396,36
20155811105829-794,30
20155812015855-673,64
20155812025810-206,10
20155812035804-861,47
20155812035827-157,16
20155812045842-786,6
20155812065819-311,77
20155812085850-844,16
20155812095815-41,26
20155812105823-746,48
20155812115802-110,72
20155812115832-295,73
20155812115843-658,73
20155812125816-703,123
20155813025810-185,80
20155813045825-9,113
20155813075840-171,54
20155813085849-77,33
20155813105800-351,15
20155813105811-205,16
20155813115831-288,12
20155814035802-153,16
20155814035817-335,34
20155814035858-266,8
20155814045802-471,55
20155814045830-493,146
20155814055835-727,86
20155814095824-763,30
20155815025830-136,26
20155815075852-802,20
20155815085831-779,52
20155815085832-570,69
20155815105829-773,58
20155815115803-87,20
20155815115806-862,12
20155815115859-161,135
20155815125820-398,130
20155815125829-147,50
20155816045813-135,109
20155816045845-680,48
20155816065809-769,26
20155816065820-308,9
20155816065834-973,9
20155816065857-340,25
20155816075858-621,69
20155816105800-405,10
20155816105854-480,76
20155816115844-637,48
20155816115849-418,26
20155817015848-991,42
20155817045800-659,27
20155817055837-357,16
20155817075851-702,90
20155817085808-370,5
20155817085820-280,48
20155817085826-736,12
20155817085846-463,5
20155817095851-242,80
20155817115803-248,38
20155817115835-186,36
20155818015801-284,52
20155818035853-341,100
20155818055851-201,26
20155818055851-86,8
20155818065805-317,34
20155818095825-524,10
20155818125809-674,27
20155819015821-968,52
20155819065837-382,88
20155819095836-791,1
20155819105843-176,39
20155819125825-141,39
20155820025827-627,50
20155820025849-226,91
20155820035842-564,41
20155820055809-845,91
20155820065827-219,46
20155820075822-76,10
20155820075838-714,102
20155820075854-368,16
20155820105848-59,107
20155820115826-639,112
20155820115836-402,9
20155821015857-728,20
20155821025807-791,34
20155821065833-503,17
20155821075857-972,118
20155821095808-282,106
20155821095827-669,16
20155821115832-823,85
20155821115837-50,8
20155821125843-445,8
20155822015813-209,61
20155822015830-304,162
20155822055802-926,8
20155822075801-949,65
20155822095814-359,8
20155822095826-155,37
20155822095852-890,36
20155822105810-579,77
20155822115853-505,125
20155822125820-486,140
20155823035853-246,27
20155823045848-67,6
20155823055803-433,121
20155823065837-106,115
20155823075804-719,20
20155823075842-421,149
20155823085830-345,151
20155823085839-596,42
20155823095855-582,70
20155823115812-779,81
20155823115852-975,30
20155823125851-5,36
20155824015804-38,78
20155824015823-693,108
20155824065823-362,9
20155824075833-835,26
20155824085808-856,71
20155824085824-497,162
20155824105804-483,99
20155824105853-847,69
20155824115842-88,7
20155824125808-342,10
20155825015845-391,20
20155825015847-776,44
20155825035821-104,26
20155825075818-934,26
20155825075830-372,140
20155825085835-596,43
20155825095828-312,79
20155825095843-923,12
20155825105841-374,83
20155825115804-7,39
20155825125841-294,65
20155826015806-989,162
20155826025824-717,4
20155826045826-106,7
20155826045853-500,130
20155826055855-744,61
20155826055856-580,82
20155826065850-927,34
20155826105805-860,21
20155826115815-593,10
20155826115832-431,85
20155826125821-822,39
20155827015818-429,34
20155827015856-404,5
20155827025824-481,46
20155827045831-194,25
20155827095803-168,16
20155827095826-435,74
20155827095843-188,69
20155828015841-903,33
20155828095857-94,46
20155828115825-591,10
20155829075824-907,36
20155829085817-23,74
20155829095814-906,107
20155829125801-230,97
20155830035801-177,36
20155830045808-582,33
20155830055828-679,16
20155830055849-282,121
20155830065855-504,41
20155830085824-923,114
20155830085850-481,77
20155830105834-763,89
20155831065804-376,10
20155831085848-755,10
20155831115839-729,89
20155831125800-301,34
20155901015947-373,140
20155901035926-421,-1
20155901035934-317,7
20155901045901-393,39
20155901045958-283,48
20155901055918-875,79
20155901075938-57,61
20155901125940-121,52
20155901125946-822,32
20155902015910-865,142
20155902035925-220,77
20155902035925-439,8
20155902035928-553,69
20155902045926-725,26
20155902055909-455,93
20155902055909-699,69
20155902105925-30,90
20155902115909-910,36
20155902115911-810,9
20155902125916-155,39
20155903015900-12,85
20155903035925-197,60
20155903065939-454,61
20155903075911-687,122
20155903085903-858,104
20155903085959-441,8
20155903095917-883,26
20155903115902-997,136
20155903115957-556,27
20155904015930-845,131
20155904025922-23,45
20155904035908-848,10
20155904035959-185,104
20155904055905-326,71
20155904065927-209,58
20155904075953-519,114
20155904085914-39,119
20155904105900-757,9
20155904105902-891,15
20155904105919-416,6
20155904105955-4,34
20155904115940-534,27
20155905015919-324,4
20155905015920-414,115
20155905015950-850,91
20155905035932-71,34
20155905045912-583,85
20155905045922-649,21
20155905045930-492,58
20155905075939-56,69
20155906015935-400,11
20155906015944-94,27
20155906055936-524,108
20155906115942-291,69
20155907045941-874,55
20155907055958-889,75
20155907125909-194,104
20155907125919-855,8
20155908015904-565,69
20155908015906-188,9
20155908025917-368,0
20155908025926-104,85
20155908035942-201,112
20155908035956-424,54
20155908045910-460,39
20155908065928-204,8
20155908075949-522,63
20155908085904-135,69
20155908085941-250,109
20155908115956-943,69
20155909045908-663,146
20155909075931-597,122
20155909075954-808,21
20155909085902-889,93
20155909085910-596,21
20155909115955-312,56
20155910035900-609,27
20155910035914-610,6
20155910035954-864,95
20155910065938-444,115
20155910075947-457,26
20155910075948-452,52
20155910095936-211,130
20155910125924-417,10
20155910125949-512,7
20155911015920-751,125
20155911015958-174,50
20155911025925-104,147
20155911035935-892,147
20155911035941-544,162
20155911045907-487,36
20155911055958-659,71
20155911065900-668,20
20155911075938-899,49
20155911075946-694,119
20155911085933-14,36
20155911095900-214,72
20155911125954-688,65
20155912045926-155,10
20155912045938-711,137
20155912065905-84,10
20155912065930-760,69
20155912085930-734,26
20155913015944-240,93
20155913025927-438,57
20155913035913-863,36
20155913075900-567,23
20155913085905-149,116
20155913095938-39,84
20155913095938-680,26
20155914045902-906,6
20155914045934-20,55
20155914055929-631,20
20155914095944-772,66
20155914095952-732,33
20155914105910-953,105
20155914105935-996,34
20155914105946-429,8
20155915025907-425,16
20155915035920-197,16
20155915035921-666,37
20155915035951-998,128
20155915055930-12,10
20155915055956-404,112
20155915095908-262,122
20155916015917-666,121
20155916015920-447,42
20155916045900-996,71
20155916045927-980,164
20155916065950-407,37
20155916085908-921,96
20155916085912-350,17
20155916105945-569,69
20155916115924-209,20
20155916115941-709,16
20155917015932-755,114
20155917035944-401,69
20155917095957-221,67
20155917095958-769,52
20155917115921-698,16
20155917125931-191,20
20155918025940-886,48
20155918045905-395,62
20155918045905-885,4
20155918055936-835,126
20155918075913-278,27
20155918085944-854,34
20155918125908-397,48
20155919015912-624,61
20155919025949-33,48
20155919055908-436,36
20155919055941-219,26
20155919065946-135,48
20155919065955-38,8
20155919075908-822,26
20155919075936-653,20
20155919075945-294,1
20155919085937-643,133
20155919085948-945,136
20155919085959-705,126
20155919115923-739,8
20155919125917-79,94
20155920015924-138,10
20155920025926-706,27
20155920025948-308,69
20155920045908-558,93
20155920045927-153,83
20155920055919-29,132
20155920065907-68,71
20155920095929-490,36
20155921025909-417,16
20155921045914-615,66
20155921065920-49,39
20155921075955-560,11
20155921085935-849,48
20155921115952-941,27
20155921125901-834,30
20155921125915-293,26
20155922015931-94,26
20155922015952-462,33
20155922025905-519,130
20155922025912-207,36
20155922035939-710,88
20155922045901-406,86
20155922045952-606,126
20155922055911-983,16
20155922065913-325,15
20155922085938-836,59
20155922095926-679,10
20155922095957-879,62
20155923015929-334,69
20155923025937-192,36
20155923035935-733,24
20155923045931-338,12
20155923065901-660,0
20155923065936-640,151
20155923075941-191,45
20155923085951-819,118
20155923105950-11,16
20155923115946-322,112
20155924015903-145,104
20155924015914-772,-1
20155924025958-524,115
20155924055911-559,40
20155924055928-624,98
20155924055932-773,27
20155924065944-639,10
20155924085921-523,104
20155925015934-894,80
20155925025914-782,8
20155925035946-518,104
20155925035953-311,140
20155925045907-390,69
20155925065903-336,20
20155925075925-194,67
20155925095934-285,72
20155925105919-360,42
20155925115933-802,112
20155926035956-75,65
20155926045943-896,67
20155926065906-435,133
20155926065928-866,36
20155926095918-705,11
20155926095923-122,69
20155926105935-616,27
20155926125912-498,25
20155926125915-298,115
20155926125931-19,45
20155926125956-991,71
20155927035951-237,10
20155927065901-324,21
20155927065908-723,69
20155927105908-127,78
20155928015947-290,86
20155928095952-740,10
20155928105908-642,62
20155929015925-137,149
20155929035912-82,14
20155929045919-954,51
20155929045944-214,123
20155929065908-355,57
20155929075906-108,59
20155929075918-848,10
20155929085958-172,55
20155930055927-156,130
20155930065931-689,104
20155930075904-615,47
20155930095901-918,54
20155930105916-30,20
20155930115903-142,75
20155930125954-496,9
20155931025933-274,71
20155931035913-135,162
20155931075906-547,156
20155931115915-724,85
20160003020009-483,15
20160003060001-544,36
20160003100024-653,26
20160004020008-360,9
20160004020014-584,42
20160005010052-7,26
20160006020015-100,8
20160006060043-603,135
20160006080016-374,24
20160006100027-340,8
20160007090016-320,10
20160009020006-963,9
20160009110016-790,49
20160010030056-381,48
20160010050004-234,82
20160010080032-192,36
20160010110039-895,16
20160011040054-612,88
20160012100010-326,73
20160013020053-566,36
20160013100042-450,48
20160014010045-726,34
20160014050009-978,26
20160014100002-954,26
20160015080024-444,26
20160016020021-291,36
20160016110018-914,144
20160017030016-746,91
20160018010010-503,9
20160018090055-859,48
20160018120058-894,69
20160019010054-328,146
20160020030000-577,5
20160020070046-248,10
20160021040015-8,26
20160022120047-663,8
20160023010029-342,144
20160023020049-695,48
20160024020040-561,8
20160025090004-14,144
20160027080023-595,69
20160027080037-754,48
20160027080047-691,144
20160027110053-825,34
20160028020054-636,10
20160028080010-502,48
20160028110003-652,16
20160029010023-538,8
20160029020039-706,16
20160029050030-377,69
20160102010124-415,107
20160102020135-346,86
20160102100100-190,20
20160103110103-869,27
20160103120153-352,34
20160104020136-839,8
20160105120129-960,10
20160107020152-541,48
20160107110112-898,139
20160108030126-871,48
20160109120154-984,97
20160110100107-925,27
20160111030159-632,69
20160113120146-315,144
20160114070136-829,10
20160115020108-603,48
20160115020144-576,139
20160115050109-291,9
20160116090132-175,139
20160117090159-132,36
20160118020119-534,9
20160120080105-935,16
20160121020153-58,10
20160121120116-428,20
20160122070106-338,10
20160122070136-607,36
20160124090148-920,133
20160124110113-444,8
20160124110147-318,34
20160126040115-373,27
20160126050110-311,112
20160126060119-972,16
20160126100124-142,18
20160129100151-496,48
20160201030212-464,27
20160203060211-616,36
20160205100242-633,8
20160206010241-614,16
20160206030201-287,9
20160206030250-77,26
20160206100259-615,69
20160207010221-265,34
20160209020236-593,69
20160209020253-124,20
20160210050221-826,16
20160210100239-919,20
20160210120236-74,118
20160212030208-123,69
20160212080211-237,16
20160212120238-276,9
20160213090212-918,76
20160214120214-935,8
20160215040244-531,16
20160215050237-903,69
20160215060210-374,16
20160216070258-44,10
20160216120217-89,20
20160217020230-428,34
20160217060237-227,30
20160218030213-867,9
20160218110253-636,28
20160219110233-416,25
20160219120200-325,69
20160220070216-100,104
20160220120245-802,48
20160221080241-805,9
20160221110200-103,10
20160221120204-494,20
20160222040207-18,69
20160222120234-310,69
20160223030208-498,141
20160223080250-771,28
20160224020246-345,98
20160224100238-127,16
20160224110204-88,20
20160225020217-39,10
20160225120226-427,8
20160226020252-343,20
20160226030201-278,9
20160226090202-887,139
20160226100254-894,10
20160226110222-225,98
20160227120208-436,10
20160228050205-695,128
20160228050238-672,27
20160228070246-880,27
20160228080235-645,69
20160229040208-333,10
20160230020244-39,98
20160231070248-483,9
20160301010333-533,11
20160301060327-227,9
20160301080312-181,69
20160302010326-636,69
20160303030330-18,10
20160303060352-206,36
20160303100343-663,27
20160303120354-903,16
20160305010300-208,10
20160306010354-831,58
20160306070336-208,139
20160308100328-161,36
20160308110332-855,139
20160309050326-469,157
20160309110344-985,10
20160310040318-473,16
20160310080321-754,16
20160311020339-85,16
20160311020341-536,26
20160311040325-917,9
20160311050306-89,75
20160311050309-656,130
20160311060339-0,36
20160311090327-223,39
20160311100356-945,9
20160312050334-768,26
20160312100343-941,63
20160313030310-950,36
20160313080303-229,34
20160314090316-374,8
20160315080311-109,20
20160315080318-862,20
20160315120351-132,34
20160316020309-106,9
20160316040339-12,36
20160317100339-729,58
20160318030343-714,16
20160320050339-77,10
20160321020318-842,10
20160321100355-666,20
20160321110336-823,8
20160322120305-250,9
20160323070337-197,26
20160324080339-982,36
20160325040313-769,34
20160325120359-854,48
20160326030315-917,90
20160327020352-907,34
20160327070314-50,26
20160328020350-898,34
20160330040332-667,16
20160331030337-77,-1
20160331080347-624,125
20160331120342-762,9
20160401060427-489,146
20160401060446-976,34
20160402010438-874,149
20160402020426-173,8
20160402090444-743,10
20160402100400-814,16
20160403010440-830,9
20160403090427-480,69
20160404030433-527,10
20160404070433-339,9
20160405050443-721,69
20160405060439-730,118
20160406050411-562,27
20160406050457-134,10
20160407010400-158,34
20160407080416-325,26
20160408060432-898,26
20160408080425-810,156
20160408080432-291,112
20160409090431-300,26
20160410030451-212,36
20160410100449-506,27
20160411030412-40,101
20160411030426-791,36
20160411040401-6,27
20160412100403-624,103
20160413020454-799,9
20160414060432-270,109
20160414060451-781,9
20160416060402-233,149
20160418020452-804,27
20160418080421-476,109
20160418080457-245,59
20160418090415-768,9
20160419070440-911,16
20160419080431-102,91
20160419090447-127,20
20160419120429-18,27
20160420030442-628,143
20160420090415-760,28
20160420110409-58,9
20160422080415-869,9
20160423010413-528,26
20160424050418-688,36
20160424070451-587,115
20160425020435-506,27
20160425030454-472,16
20160425060459-898,-1
20160425080453-147,69
20160427080408-432,10
20160428090427-775,9
20160431020436-103,27
20160501030556-936,10
20160503010513-655,-1
20160505090543-886,69
20160506010551-430,96
20160506060543-446,8
20160506090520-274,113
20160506110549-199,9
20160507020539-379,8
20160508090514-384,9
20160508110520-327,27
20160508110557-805,16
20160508120500-362,61
20160509010522-618,36
20160510080552-765,27
20160512050520-463,27
20160512100512-449,8
20160513030527-362,36
20160513050544-449,20
20160514030537-832,16
20160514060557-416,34
20160515080531-944,19
20160517030525-890,98
20160517100526-559,10
20160518010512-713,8
20160519050557-605,8
20160519070551-254,9
20160519100537-577,39
20160520030540-872,69
20160520070545-547,42
20160521010500-745,27
20160521020546-911,36
20160521040514-90,143
20160521080538-255,125
20160521090532-416,27
20160522070503-334,9
20160522070509-90,42
20160523050526-218,34
20160526030503-473,48
20160526090513-641,20
20160527090522-970,163
20160528040546-801,163
20160528060510-629,8
20160529040506-398,26
20160529040522-408,109
20160529110513-705,69
20160530030515-978,27
20160530030540-575,16
20160530100552-235,28
20160601040643-359,157
20160601110635-41,27
20160602110658-772,36
20160603050634-604,9
20160603110609-981,62
20160604020620-396,125
20160605050645-673,48
20160607110623-422,10
20160607120648-794,34
20160608090610-258,26
20160609070620-50,34
20160610030640-374,16
20160610030651-843,73
20160611020625-594,20
20160611070608-652,163
20160613020654-242,36
20160613110626-504,98
20160614060644-101,9
20160614100633-116,69
20160615010624-175,8
20160615090601-72,61
20160618010659-729,6
20160618100620-509,8
20160620050655-94,9
20160621050656-468,69
20160623090611-424,-1
20160624030614-417,48
20160624070637-743,107
20160624080647-124,16
20160624100651-301,23
20160625100652-839,48
20160626020621-918,26
20160626060651-998,10
20160626110628-349,144
20160628010622-708,144
20160628010625-497,48
20160628050614-907,9
20160628120634-698,36
20160629010655-660,20
20160629030642-254,10
20160631080640-121,103
20160631110649-856,27
20160702110708-713,27
20160704100725-625,16
20160705070727-876,34
20160705080752-968,42
20160706050747-283,9
20160707080752-614,20
20160707110757-999,9
20160708080758-368,36
20160708120701-333,27
20160708120731-3,8
20160709060739-448,38
20160709090715-818,27
20160709090729-590,42
20160710050724-829,27
20160710080757-157,48
20160710090713-197,10
20160711110708-553,113
20160712070723-898,16
20160712100700-533,8
20160713020730-122,27
20160713110720-171,10
20160713120740-227,27
20160714060707-419,8
20160714060744-440,85
20160715040757-420,87
20160716100719-926,20
20160717110749-446,9
20160720080704-203,9
20160721050736-319,10
20160721110706-983,48
20160722060724-636,8
20160723050724-51,44
20160724020747-832,8
20160724030743-485,20
20160724100706-330,69
20160725080720-717,27
20160726070754-116,36
20160726120734-512,34
20160727020736-139,46
20160728090757-429,109
20160729010759-734,10
20160729020750-9,8
20160730020724-346,0
20160730060758-663,10
20160730070750-227,-1
20160730090754-811,27
20160730110722-855,10
20160731030724-544,69
20160801100854-167,36
20160801100858-954,42
20160801110851-452,8
20160801110857-327,10
20160802020821-76,8
20160804120855-425,26
20160805060844-909,27
20160806080849-91,69
20160807030807-21,8
20160807080846-187,42
20160809090856-701,32
20160810030805-143,8
20160810120857-263,9
20160811030822-939,48
20160812070829-287,9
20160812100806-592,9
20160813020801-597,7
20160815120850-592,8
20160816020837-305,74
20160816080827-555,9
20160818120830-969,20
20160819010850-199,69
20160819020855-792,69
20160820070808-513,16
20160820080859-353,26
20160820110804-806,69
20160821010851-536,16
20160821010857-705,16
20160821080848-469,10
20160821110809-501,48
20160821110841-900,8
20160822110827-455,16
20160823100817-643,36
20160824050820-718,10
20160824080836-678,26
20160825070848-786,36
20160825110847-877,9
20160825120827-912,10
20160827030854-705,-1
20160827070804-996,9
20160828030819-770,10
20160829080852-844,8
20160830120851-336,10
20160831030828-838,28
20160831030841-570,10
20160901040945-636,8
20160901100946-75,69
20160902060913-100,20
20160902060942-509,52
20160902100923-887,10
20160902120905-152,16
20160903070928-461,34
20160903090924-797,48
20160904010950-845,36
20160905120939-772,36
20160906100940-539,36
20160907100955-385,27
20160908030949-595,8
20160909040905-953,6
20160909050954-810,9
20160909090904-648,69
20160909110951-610,36
20160910030929-444,34
20160910040923-196,26
20160910050957-271,9
20160911020913-664,26
20160912030938-853,10
20160912080949-307,98
20160913070929-21,34
20160914030941-510,20
20160916060937-727,10
20160917030947-785,104
20160918100924-159,27
20160919020921-881,26
20160919090925-42,8
20160919090929-861,9
20160919120906-801,9
20160920040918-491,36
20160920040931-209,79
20160920080948-51,27
20160920120951-598,71
20160921010925-954,36
20160921020929-449,16
20160921040906-21,16
20160922060943-401,27
20160922100922-785,34
20160922120953-641,8
20160923060955-658,69
20160924110919-469,34
20160925020958-474,69
20160925040912-703,10
20160926030956-316,27
20160926050914-318,36
20160926060956-131,27
20160927120913-247,47
20160928040927-911,-1
20160928110911-195,26
20160929020926-739,69
20160929020949-662,136
20160929030939-645,10
20160929060916-648,9
20160929070914-370,48
20160929070918-527,48
20160929100908-953,27
20160930050912-499,69
20160931060944-174,161
20160931100926-840,26
20161001071044-510,122
20161003051008-246,16
20161003101050-671,10
20161005011006-190,48
20161005061003-915,9
20161005101026-599,48
20161005111035-350,20
20161006051036-393,79
20161008061012-639,-1
20161009031041-451,34
20161009071031-181,36
20161009091032-139,161
20161009121034-117,9
20161010091000-835,65
20161010111008-592,8
20161011011030-821,8
20161012041010-113,161
20161012091023-643,164
20161013011043-215,10
20161013051036-750,8
20161013081032-66,48
20161013081040-429,79
20161013081055-181,8
20161014021034-794,69
20161014091059-781,154
20161014121038-59,29
20161014121051-972,69
20161016051025-689,69
20161016061005-853,9
20161017071011-355,27
20161017101003-233,9
20161018071042-48,69
20161018071050-497,164
20161018111027-541,23
20161019011001-178,9
20161019061000-854,161
20161020111020-427,27
20161020121041-219,48
20161021041008-68,8
20161021051050-777,36
20161021081001-651,8
20161021121016-490,36
20161023081040-141,31
20161024061019-619,20
20161024071032-806,26
20161025091017-844,18
20161026031019-92,48
20161026061018-468,41
20161026121051-521,36
20161027081043-829,20
20161028071059-992,162
20161029061031-458,27
20161030061009-451,16
20161031111001-854,-1
20161101011121-640,162
20161101011144-757,20
20161101061108-407,8
20161101091151-705,69
20161101121112-514,8
20161102081152-833,26
20161103021117-902,26
20161103061131-806,4
20161104051124-153,9
20161104071109-499,27
20161106011142-596,107
20161106011150-891,20
20161109121152-659,37
20161110071127-653,26
20161111081100-147,146
20161112031156-198,94
20161112091116-745,10
20161114021103-936,69
20161114041156-481,36
20161114051155-257,10
20161114071103-211,9
20161115011152-441,69
20161115101140-983,9
20161116041109-645,9
20161116061132-184,9
20161116081108-938,161
20161116101151-711,8
20161119031144-42,8
20161119041136-937,20
20161120041131-715,8
20161120091105-152,8
20161120111152-455,48
20161121021106-144,108
20161121041140-915,68
20161121101111-883,20
20161121101112-120,69
20161122021123-452,16
20161123091100-10,9
20161123091133-303,16
20161124061148-112,27
20161124091131-859,42
20161126061112-93,20
20161126101137-651,69
20161127011115-81,68
20161128071109-682,42
20161128071142-825,16
20161128121136-782,48
20161129011130-755,26
20161129031115-732,9
20161130121138-137,38
20161131041111-544,27
20161202021228-856,34
20161202021246-213,48
20161203021218-666,69
20161203041204-966,48
20161205051258-519,50
20161205051258-561,9
20161205061243-360,6
20161205121204-187,16
20161205121247-772,27
20161206061244-472,26
20161207031252-328,7
20161207081229-627,42
20161207111240-520,36
20161210041258-96,36
20161210061216-515,26
20161210071215-600,8
20161210081211-622,20
20161210111228-205,16
20161211061224-16,70
20161211101251-483,9
20161212041255-176,69
20161212111209-517,20
20161213041243-309,16
20161213051244-398,36
20161213061238-98,9
20161213101216-677,45
20161214011208-135,60
20161214111214-743,27
20161215091208-428,20
20161215111234-207,34
20161216111230-479,26
20161217011221-688,9
20161217051212-856,38
20161218061229-69,42
20161219011251-7,9
20161220021250-559,27
20161222111216-617,36
20161222121219-49,15
20161223051213-210,146
20161223051241-27,48
20161223051257-6,8
20161223071247-478,34
20161223081259-94,16
20161224031200-129,8
20161224031222-354,95
20161224041226-627,20
20161224071231-541,85
20161224081237-216,10
20161224121208-822,8
20161226081207-815,10
20161226101220-113,126
20161227011220-388,16
20161227011258-480,51
20161228041200-219,8
20161228061242-834,18
20161229031207-187,-1
20161229041253-488,104
20161229101224-445,28
20161231021249-252,27
20161231041252-530,10
20161301121334-245,16
20161302071348-30,69
20161302081317-941,8
20161303071359-778,20
20161305041316-220,27
20161305051353-732,8
20161305121334-791,26
20161306031357-729,36
20161306111331-528,16
20161307051323-788,9
20161308011357-11,69
20161308031352-805,125
20161308111330-578,8
20161309021350-136,48
20161310041302-507,27
20161310061335-543,31
20161310091315-362,31
20161310111311-164,69
20161311011310-38,31
20161311051300-409,8
20161312031302-378,31
20161312051308-262,9
20161313061316-182,8
20161313071319-481,15
20161313101357-141,9
20161316021330-994,20
20161316041313-82,36
20161316121329-391,34
20161317061321-998,26
20161317111348-498,36
20161318021312-282,10
20161318061320-248,26
20161318071302-141,5
20161318071354-82,27
20161319021325-931,47
20161319021326-304,10
20161319071336-86,9
20161319081321-100,30
20161320011358-799,69
20161320061327-457,34
20161320081349-668,48
20161321021346-386,48
20161321031325-459,27
20161323021336-48,48
20161324021341-735,134
20161324111321-629,48
20161324121317-783,16
20161325101344-225,26
20161326021314-134,34
20161326091316-839,34
20161326101328-758,11
20161326101356-112,8
20161327021321-308,-1
20161327031357-119,-1
20161327091348-83,-1
20161328101303-792,16
20161329021330-148,48
20161330051337-858,34
20161330111331-330,104
20161331071346-196,-1
20161331111329-633,26
20161401041452-153,78
20161401111440-590,63
20161402121456-190,9
20161404051449-702,69
20161405041435-641,8
20161405081433-751,8
20161405101442-940,30
20161407081409-475,8
20161407091447-677,48
20161407111441-721,20
20161409011426-561,16
20161409061427-460,16
20161410011432-209,20
20161410071459-955,9
20161410101407-777,15
20161410111409-981,48
20161411081440-961,138
20161411101448-383,34
20161412101405-336,20
20161412101451-978,103
20161412121444-732,151
20161414041441-290,112
20161414051430-898,10
20161414101428-457,16
20161417081451-388,36
20161417111435-606,69
20161418061406-876,18
20161419051435-349,37
20161420031429-746,16
20161421031451-792,4
20161421101418-239,36
20161424031445-539,16
20161424121402-705,36
20161425061457-1,9
20161425091443-832,71
20161425111447-39,36
20161426051432-343,26
20161426061407-959,16
20161427121459-554,138
20161428051428-478,20
20161428101401-108,10
20161429011414-117,9
20161429011440-821,9
20161429011458-532,163
20161429081448-237,20
20161430021441-440,163
20161430071413-581,16
20161430111436-782,69
20161431011459-931,35
20161431071429-722,34
20161501011537-593,20
20161501071504-180,39
20161502041513-975,7
20161502071558-876,34
20161502081516-390,27
20161503051539-698,20
20161503081526-237,54
20161505011539-339,10
20161505071505-888,26
20161506031506-978,27
20161506031555-608,26
20161506041531-912,9
20161506101508-560,9
20161506111504-151,98
20161507041504-895,8
20161507041546-723,9
20161507051513-138,91
20161507081502-674,25
20161508121511-970,43
20161509041539-661,154
20161509081549-225,9
20161509101553-614,69
20161511051510-450,27
20161511091553-767,48
20161511121510-454,27
20161512031554-290,69
20161512071503-37,34
20161513011505-693,36
20161513121547-940,36
20161515101514-592,102
20161516021529-836,36
20161516031502-578,26
20161516121504-96,27
20161517111522-117,8
20161518021532-823,8
20161518061535-231,16
20161519011518-771,10
20161520021557-47,16
20161522011512-651,107
20161522051543-49,27
20161522101518-113,10
20161523061558-393,62
20161523101514-133,34
20161525041508-187,40
20161526101546-346,42
20161527111515-539,34
20161527121507-586,9
20161528021509-878,-1
20161528081511-22,26
20161528121510-136,26
20161528121548-345,34
20161529031546-824,69
20161529081503-449,-1
20161529091540-271,155
20161530011531-942,155
20161531051528-760,0
20161531071554-247,20
20161601021635-537,25
20161601091647-749,10
20161601121615-712,34
20161602051605-625,156
20161603051619-50,7
20161603081628-520,10
20161604061614-874,128
20161605081629-930,125
20161605121609-612,10
20161606041633-557,155
20161606071603-899,34
20161606081616-4,32
20161606101614-15,27
20161608111648-744,42
20161609061622-696,104
20161609111603-182,27
20161610071656-314,27
20161611011606-516,3
20161611051626-58,80
20161612061610-683,36
20161612071621-912,65
20161612081653-780,34
20161613031621-889,30
20161613061644-444,18
20161613071642-414,20
20161613121650-344,10
20161614061602-713,71
20161614121624-859,42
20161615021657-872,90
20161615041625-636,26
20161615051650-275,26
20161616041620-691,69
20161616061638-939,20
20161618071617-763,97
20161618081600-443,38
20161618091609-85,27
20161619011618-976,36
20161619091627-25,9
20161620051605-878,10
20161620111641-52,16
20161622051615-710,9
20161622081643-874,48
20161623011642-809,73
20161624111602-236,14
20161624121603-192,48
20161625011604-176,10
20161625011652-798,20
20161625021649-105,84
20161627021649-751,42
20161627051615-333,36
20161627071634-831,20
20161627101614-306,69
20161630021607-127,44
20161630051643-925,16
20161630071644-711,36
20161631101656-446,69
20161701031709-921,9
20161702071728-918,10
20161702071745-51,69
20161703081731-671,10
20161704121738-64,20
20161705021746-203,48
20161705041755-310,48
20161705061752-939,42
20161706051756-373,101
20161707111729-466,27
20161707111755-58,48
20161708071717-684,8
20161709061746-324,34
20161709071754-131,20
20161709081739-74,9
20161709111701-190,34
20161710071749-892,36
20161711051700-744,34
20161711061704-241,85
20161712061724-903,16
20161713081738-907,8
20161713121715-174,47
20161714081709-960,69
20161714091745-540,8
20161714111727-676,27
20161716011714-384,69
20161716041753-984,16
20161716091705-541,27
20161717081745-837,36
20161720031725-471,9
20161720031726-661,27
20161720041728-871,16
20161720111713-485,26
20161720121729-179,48
20161722051754-146,16
20161722091711-566,26
20161722121728-2,36
20161724081743-166,48
20161727011702-134,26
20161727031755-278,16
20161727101742-848,10
20161727111744-65,20
20161728011701-62,48
20161728101721-374,26
20161729041705-356,36
20161729041744-918,34
20161729071744-236,16
20161729091722-698,9
20161730021724-834,9
20161730081727-734,42
20161731021739-422,15
20161801081836-732,36
20161802071845-256,52
20161803011802-7,10
20161803061843-208,10
20161803121816-661,69
20161804011816-189,9
20161804091817-454,36
20161805081816-21,71
20161805121856-148,8
20161806101830-653,27
20161806111837-316,34
20161806111846-221,8
20161809011803-986,34
20161809121841-250,27
20161810071813-767,69
20161810101825-508,48
20161810111803-307,150
20161810121809-935,69
20161811041813-454,9
20161811091855-619,150
20161812011805-403,8
20161812011828-753,36
20161812111848-219,8
20161814031856-628,31
20161815031816-761,34
20161815061829-776,10
20161816011843-692,36
20161816041853-629,10
20161816061843-592,8
20161817021857-848,10
20161818071801-292,92
20161818111818-216,11
20161819041857-146,74
20161819061833-217,150
20161820111852-968,31
20161820121834-97,69
20161821041838-376,20
20161822031846-886,20
20161822051821-555,48
20161822121803-75,34
20161823051817-109,16
20161823061849-974,9
20161823071825-24,20
20161825041821-53,34
20161825121856-505,150
20161826021829-643,34
20161826041823-143,69
20161828031804-700,36
20161828111841-833,156
20161828121853-481,35
20161829041856-894,16
20161829051841-497,98
20161831031857-879,8
20161901021952-970,36
20161901051945-109,31
20161901061930-889,27
20161901101956-512,16
20161901111954-787,69
20161902041946-29,69
20161903021930-903,150
20161903051918-501,48
20161903061920-539,36
20161903061920-915,16
20161903071919-851,56
20161904041910-911,16
20161904081936-117,98
20161904081955-638,9
20161905011937-914,35
20161905031920-798,48
20161905071929-794,13
20161905081944-271,9
20161906061936-550,48
20161907031910-300,34
20161907081910-516,132
20161908041958-524,48
20161909031957-223,16
20161910041916-79,16
20161910121939-342,9
20161911041933-904,48
20161911091908-884,16
20161912011943-12,20
20161912121924-319,79
20161913021953-265,150
20161914011921-449,158
20161914011922-702,8
20161915031942-373,48
20161915041901-650,8
20161915061905-937,91
20161915081940-66,48
20161915091936-967,35
20161916041932-623,8
20161917061915-322,18
20161917061925-895,16
20161918011953-144,146
20161918041903-606,126
20161918041917-915,48
20161920051921-62,35
20161921071913-653,27
20161921071945-531,16
20161921111951-808,48
20161924091953-788,20
20161925031947-867,9
20161927041941-688,36
20161927041946-363,71
20161928011922-804,27
20161928071944-220,132
20161929031920-756,46
20161929061911-588,69
20161930111945-149,34
20161931111903-703,8
20162002112020-764,34
20162003012058-670,8
20162003022048-217,69
20162003072002-822,8
20162004032010-677,20
20162004062009-436,8
20162004082003-540,16
20162004112059-914,34
20162004122059-411,40
20162005042011-606,68
20162005062058-895,36
20162007032057-831,16
20162007102019-930,48
20162008032035-93,20
20162009022044-342,35
20162009122009-762,34
20162010082038-745,9
20162011032012-975,35
20162011042014-946,69
20162011042035-568,48
20162011062008-469,16
20162011082018-763,48
20162011102045-277,146
20162012082056-679,16
20162012092036-487,116
20162013032005-478,36
20162014032003-759,48
20162014082012-197,32
20162015032049-971,149
20162015042050-853,107
20162016012027-544,36
20162016012058-429,34
20162016042009-522,48
20162016092004-665,146
20162017092031-477,98
20162018012026-9,9
20162019062036-819,48
20162020082057-237,34
20162021032007-425,42
20162023022030-531,10
20162023122014-992,10
20162024012032-116,9
20162024072026-95,158
20162025012031-292,158
20162025072050-815,150
20162027042012-940,127
20162027072034-172,80
20162027082019-218,-1
20162028052036-52,9
20162028092029-447,27
20162029112037-323,34
20162030012035-549,34
20162030072029-72,9
20162030112049-668,34
20162031062022-275,141
20162031072047-270,24
20162101102134-434,151
20162104032146-897,136
20162104052105-700,14
20162104082115-909,74
20162106022126-815,27
20162106032137-66,42
20162106052135-91,90
20162106092152-422,20
20162107052119-922,36
20162107102106-165,150
20162108062107-173,150
20162109052139-423,8
20162109092105-514,20
20162109122116-665,20
20162111102127-992,10
20162113102146-554,15
20162114032150-510,41
20162114082157-230,45
20162115012102-974,20
20162115092102-471,21
20162115112148-126,144
20162115122140-860,9
20162116052146-778,161
20162117052127-15,161
20162118012110-828,161
20162118082141-424,149
20162119012130-138,36
20162119092147-990,55
20162121112102-624,150
20162122012138-957,158
20162122052146-396,26
20162122062119-879,144
20162122112130-457,22
20162123112132-594,144
20162124012101-28,48
20162124052154-798,48
20162124072104-139,16
20162124092143-182,10
20162124102107-946,16
20162124122114-199,10
20162125032104-263,5
20162125082144-48,117
20162127062141-297,27
20162128012115-160,158
20162128012116-871,0
20162128012132-367,48
20162128122126-928,150
20162130072141-853,10
20162130122153-154,26
20162131022152-718,158
20162201072229-587,20
20162201092241-252,20
20162201112254-344,36
20162202122222-77,8
20162202122239-305,9
20162203032225-13,48
20162203032230-331,112
20162203032249-287,20
20162203082236-446,69
20162203102237-41,17
20162203122240-583,34
20162204052251-924,34
20162204092243-393,1
20162204112241-562,9
20162205032253-121,48
20162205072214-852,8
20162206082207-13,8
20162207092242-166,20
20162208092257-926,34
20162209082222-370,36
20162209102237-376,98
20162209102238-93,21
20162210042238-659,16
20162210062240-106,16
20162211102241-683,9
20162212092245-187,150
20162212102211-875,16
20162213012206-582,10
20162213012243-861,4
20162213062252-766,150
20162213122220-952,26
20162214022236-930,16
20162214052214-931,6
20162214102247-810,8
20162215042221-763,16
20162215112205-551,36
20162216052205-711,9
20162217022210-912,8
20162217032244-108,15
20162217112223-491,166
20162217112229-417,-1
20162218062252-584,48
20162219032229-226,111
20162219072222-578,34
20162220072259-327,16
20162220082255-84,9
20162221062206-497,34
20162221092212-327,9
20162222042259-769,142
20162222072259-549,27
20162223042231-679,36
20162223062219-443,9
20162223072204-386,36
20162223092214-31,16
20162224012201-227,131
20162224042219-374,34
20162224112231-78,48
20162225092243-625,16
20162225092246-877,27
20162226022214-269,16
20162226032206-214,32
20162226042244-596,8
20162226112259-263,14
20162227072256-630,-1
20162227092252-607,89
20162228012245-311,69
20162228122208-231,27
20162229082222-637,8
20162229092257-87,9
20162230072255-987,8
20162230102222-13,34
20162302072339-398,78
20162302122352-373,9
20162304022338-593,150
20162304052303-559,16
20162304112300-16,36
20162304122319-846,48
20162305022313-579,9
20162305022327-418,78
20162305042323-776,48
20162305112334-480,63
20162306112318-549,27
20162307052312-292,10
20162307122336-592,10
20162308022340-411,130
20162309032341-545,16
20162309052306-303,16
20162309092308-732,69
20162310042305-75,62
20162310052319-789,9
20162310112323-360,20
20162311092333-232,48
20162311112351-695,48
20162312022308-329,48
20162312032319-966,166
20162313052322-639,36
20162315092308-451,9
20162315112334-500,166
20162316042355-925,8
20162316062357-87,16
20162316112309-441,16
20162316122341-349,108
20162317022350-38,50
20162317082320-603,9
20162318072355-625,36
20162320032331-10,27
20162320072350-556,150
20162321032345-783,150
20162322042325-864,8
20162322062316-702,20
20162322082332-710,8
20162323112359-854,123
20162324012317-566,27
20162324042345-840,150
20162324082322-151,16
20162324102316-148,150
20162325052301-988,13
20162325102350-62,10
20162327092300-592,48
20162328022334-655,8
20162328122357-716,10
20162329032303-452,0
20162329092307-842,36
20162401032410-101,111
20162402012407-652,27
20162402052441-617,16
20162402082420-158,9
20162403012456-660,112
20162403072435-731,27
20162405042446-606,150
20162405062428-798,8
20162405072411-22,9
20162405122415-508,8
20162406052403-820,20
20162406082428-950,69
20162406112415-657,104
20162407062403-788,69
20162407102452-40,20
20162408032458-477,55
20162409062454-857,79
20162410082431-935,27
20162411082452-983,166
20162411102402-124,166
20162412032458-466,166
20162412102416-949,34
20162413062400-914,16
20162413082424-947,8
20162415062414-539,27
20162415112428-38,166
20162416052453-708,16
20162417022444-162,36
20162417122436-321,166
20162418112407-120,34
20162419042411-322,111
20162420072459-706,26
20162421032404-6,0
20162421092429-563,100
20162422052403-187,36
20162422052414-103,36
20162422092448-595,27
20162422092453-525,69
20162423082405-419,10
20162423092425-589,-1
20162424012419-163,10
20162424072444-868,20
20162424122440-787,8
20162425012407-597,20
20162425032432-35,36
20162425062418-198,148
20162426012401-490,69
20162426072441-443,48
20162427012408-660,69
20162427022429-757,42
20162428022426-392,69
20162428072421-684,69
20162428082450-863,10
20162428102404-191,9
20162428122454-147,27
20162429042423-305,69
20162429092426-730,36
20162430052431-11,-1
20162430092459-58,16
20162502012517-879,66
20162502082558-765,9
20162502122532-678,139
20162504092530-319,-1
20162506092521-4,10
20162506102549-845,88
20162507042519-225,9
20162507062538-350,10
20162507122541-536,27
20162509022556-454,27
20162509052502-211,90
20162509072513-493,16
20162510022553-31,16
20162510092557-624,36
20162511032506-71,34
20162511082549-862,132
20162512092540-562,9
20162513022506-280,42
20162513052553-297,27
20162515022503-709,73
20162515032547-821,20
20162515062523-829,48
20162515112544-439,9
20162516042550-152,48
20162517012515-850,27
20162517022548-55,20
20162517042557-555,-1
20162519012505-213,-1
20162519072527-588,10
20162521062506-443,-1
20162521092559-246,27
20162522022540-677,71
20162522082520-193,16
20162522122537-676,139
20162523102513-104,9
20162524052535-140,27
20162524082520-594,10
20162525092510-243,27
20162525122527-168,16
20162526042543-704,27
20162527072544-542,20
20162527082519-79,125
20162529062551-660,16
20162529112530-964,48
20162531082510-866,10
20162601042615-33,163
20162601122656-125,57
20162603042640-652,9
20162603082623-981,26
20162603102627-437,10
20162604032625-698,158
20162604032647-551,27
20162604082610-898,26
20162604102614-922,9
20162604112643-851,26
20162605022647-345,9
20162605052652-992,158
20162606062626-551,158
20162607022617-993,112
20162607062658-206,96
20162608022619-574,36
20162608022624-559,158
20162608062645-260,34
20162608072611-362,16
20162610042645-80,34
20162610082644-975,9
20162610092634-177,27
20162611022632-833,20
20162612032624-207,10
20162612072638-753,90
20162612072642-670,166
20162612082614-132,115
20162612082654-995,166
20162613012647-683,31
20162613052646-236,139
20162613052649-887,16
20162613062634-226,9
20162614122642-36,166
20162616052616-786,139
20162616052652-543,36
20162616092636-320,52
20162616112645-902,9
20162618032622-628,139
20162618092621-459,20
20162618122654-527,166
20162619012609-934,36
20162619082604-47,16
20162620102615-355,34
20162620122653-764,16
20162621032632-655,112
20162622062653-1,27
20162622092600-14,34
20162623022635-132,9
20162624032628-530,48
20162624092628-245,20
20162625032619-570,69
20162625082631-18,-1
20162627012641-683,16
20162627032640-337,31
20162627062645-150,166
20162627082628-314,80
20162627082658-513,48
20162628012645-838,20
20162628052622-787,139
20162629052658-841,48
20162629082608-704,15
20162629092659-803,20
20162629102630-517,20
20162630012634-314,34
20162630022636-741,13
20162630022643-828,69
20162630072609-135,10
20162701092754-587,95
20162701122721-624,65
20162703022731-731,48
20162703072745-492,48
20162703112728-345,81
20162703112731-590,16
20162703122718-219,34
20162704042708-993,27
20162704042737-375,42
20162704122740-34,69
20162705052756-899,69
20162706052712-821,64
20162706052742-882,36
20162706102701-37,21
20162706112755-51,-1
20162707052752-261,34
20162710012716-783,10
20162711052703-91,9
20162711082732-174,10
20162712032759-779,9
20162712082721-137,9
20162712112707-182,10
20162715022745-426,16
20162715112753-357,27
20162716112747-330,64
20162717072748-138,20
20162717112708-131,34
20162720042700-499,26
20162720042739-621,26
20162720082712-757,11
20162722022701-567,34
20162722082702-846,10
20162722102743-439,146
20162723092727-776,9
20162724102730-32,27
20162724122753-613,10
20162725032704-284,48
20162725032738-617,16
20162725052728-86,-1
20162725092744-763,69
20162726092726-762,16
20162726112704-196,16
20162727042700-932,9
20162727062722-109,27
20162727082737-830,36
20162729042749-245,-1
20162730092728-283,10
20162731022748-953,10
20162731112709-695,20
20162801122851-646,26
20162802012811-959,27
20162802072851-824,34
20162802082823-195,20
20162804072839-854,9
20162804092805-853,26
20162806052807-618,9
20162806092859-620,33
20162807032803-741,0
20162807032822-885,48
20162809072855-661,8
20162809102817-777,5
20162810052858-571,50
20162810062841-436,9
20162810112840-896,69
20162811042816-300,9
20162812022803-293,10
20162812042818-533,144
20162812122842-802,8
20162813022856-472,90
20162813052814-795,26
20162814032850-29,69
20162814062851-776,9
20162814092854-973,26
20162815032808-436,48
20162815032840-130,36
20162815062824-811,85
20162816102841-907,30
20162816112820-320,27
20162817092810-115,36
20162818022822-568,9
20162818032836-978,8
20162819032844-761,26
20162820012839-318,27
20162820032847-168,10
20162820042851-588,36
20162820102852-234,9
20162821122833-684,48
20162822022818-976,26
20162822032852-611,26
20162823012807-697,9
20162823012818-280,65
20162823032842-112,161
20162823052804-141,8
20162823052815-66,16
20162823112847-107,16
20162824122829-498,58
20162825112824-770,98
20162825122813-46,161
20162826092837-505,26
20162826112800-633,159
20162827082805-548,27
20162827102842-397,48
20162828032836-807,112
20162828082843-937,36
20162828102803-514,26
20162829062840-985,33
20162829102832-993,159
20162830032857-682,159
20162831072830-636,27
20162902082953-222,161
20162903022936-454,9
20162903062955-470,9
20162903122925-790,159
20162904062909-931,9
20162904082949-358,34
20162904122951-717,-1
20162906032932-915,16
20162907112948-254,48
20162909112952-990,132
20162910062924-412,20
20162911012944-380,36
20162911042927-213,26
20162911052917-847,27
20162911072912-231,69
20162911092915-817,130
20162912032954-106,10
20162912042950-619,16
20162913042948-361,26
20162913062957-364,20
20162914032934-345,27
20162914092905-971,69
20162916122944-206,16
20162917102943-465,69
20162918062941-538,27
20162919052953-47,10
20162919082959-581,69
20162920112903-532,18
20162921042944-446,118
20162921092949-311,16
20162921102919-1,16
20162922062905-563,16
20162922072900-672,26
20162922072907-383,9
20162923042912-180,27
20162923082924-53,20
20162924042929-726,26
20162925012937-610,25
20162925092913-197,110
20162925112939-487,27
20162926122943-124,10
20162927112907-650,48
20162928012941-901,69
20162928092952-895,10
20162929082954-487,48
20162929102912-811,10
20162929122944-542,9
20162930022935-233,154
20162930112931-312,20
20163001013040-715,71
20163001043000-71,36
20163001083025-280,26
20163001093037-333,16
20163002083019-845,8
20163003073041-652,10
20163004043020-580,9
20163005033050-696,8
20163005043016-599,8
20163005053045-512,9
20163006113038-115,34
20163007043005-603,18
20163007073007-809,36
20163008043035-293,9
20163008053039-60,9
20163008063045-878,9
20163008073021-288,9
20163009093036-894,10
20163010013041-841,20
20163013043019-946,10
20163013083059-762,69
20163013103018-177,34
20163014013040-441,25
20163014083001-242,10
20163015033038-295,26
20163015053019-83,88
20163015063000-620,26
20163016013050-842,20
20163016023052-843,16
20163016033037-38,111
20163016033049-181,10
20163016083020-721,26
20163017043000-69,9
20163017073031-327,69
20163019113002-580,16
20163020053033-986,20
20163020053058-594,41
20163020083029-640,62
20163020093042-366,10
20163020103052-447,8
20163020123035-150,8
20163022063016-782,136
20163023043021-485,51
20163023083034-310,98
20163023093026-469,27
20163024013029-713,121
20163024013037-780,36
20163025023033-470,77
20163026043006-545,20
20163028103024-670,48
20163028103024-681,26
20163028113006-21,16
20163030013032-745,26
20163030053011-768,36
20163030073046-270,27
20163101043133-598,36
20163101073143-373,34
20163101113135-484,48
20163102013126-382,48
20163102063109-648,34
20163102113119-141,34
20163104113121-698,58
20163105083100-798,69
20163106043100-338,149
20163106073114-79,16
20163106083119-771,121
20163107063102-870,9
20163107063105-950,144
20163108043103-996,97
20163108073152-647,58
20163108093145-941,65
20163110013100-889,21
20163110023151-350,20
20163111083112-950,8
20163112023103-209,156
20163112023142-103,16
20163112093128-916,26
20163113103132-54,140
20163113113125-623,20
20163114033130-293,27
20163114083121-891,107
20163114103143-15,10
20163115093155-172,8
20163116093107-139,17
20163118093140-363,34
20163118113139-316,13
20163118113148-374,16
20163119013106-9,34
20163119083129-617,16
20163119123128-753,36
20163120033154-240,34
20163120053136-149,16
20163121023144-373,38
20163122113159-86,27
20163125053105-728,8
20163125083158-7,4
20163125093105-325,10
20163125113148-504,33
20163127103137-876,16
20163128013118-169,9
20163128113141-438,9
20163130073114-683,36
20163130073131-627,34
20163131083107-883,34
20163131123156-712,8
20163202083243-779,36
20163203053259-669,9
20163203093208-450,16
20163204013256-351,121
20163204113252-884,9
20163205053259-523,20
20163206073240-387,26
20163206073247-445,10
20163206073259-593,10
20163206093223-680,16
20163207023241-652,10
20163207033204-552,20
20163207073234-8,143
20163208063215-114,20
20163208063243-501,34
20163209063235-838,26
20163209093216-635,36
20163210073217-193,26
20163211033230-180,147
20163211063203-861,20
20163211073200-757,9
20163213013208-976,70
20163213053255-820,69
20163214023239-288,34
20163214073248-489,69
20163215053234-916,147
20163215103206-501,147
20163216033254-192,149
20163216043240-438,16
20163216103248-503,10
20163217053226-2,16
20163217053256-155,97
20163217073255-223,36
20163219063206-215,36
20163219113246-923,16
20163219123231-638,27
20163221073202-720,16
20163221103247-662,49
20163221113209-681,20
20163223093205-573,101
20163223093209-832,27
20163225013259-584,8
20163226063258-285,10
20163227083231-814,36
20163227123241-627,27
20163228063227-918,16
20163228103212-370,42
20163229093208-756,69
20163229103251-719,8
20163231023226-256,28
20163231123200-356,69
20163301093320-883,71
20163301093354-99,25
20163302013328-550,10
20163302103305-147,16
20163302103315-908,36
20163302103352-927,147
20163303053348-47,9
20163303063303-867,147
20163304103342-539,147
20163305103357-620,31
20163307013313-179,69
20163307023343-728,20
20163307053344-591,147
20163308013327-481,123
20163308033359-934,27
20163308123338-97,8
20163308123350-465,9
20163309043324-181,69
20163309073335-602,52
20163310013309-503,26
20163310013359-980,27
20163310073310-801,28
20163311043337-416,8
20163311043356-730,16
20163311113324-833,69
20163312033343-964,16
20163312053308-28,16
20163313043323-363,10
20163314053328-67,55
20163314053345-713,73
20163314063315-455,146
20163314063318-652,163
20163314093327-20,48
20163314103301-502,26
20163315023315-701,36
20163316093355-455,10
20163317013316-196,6
20163317033309-985,20
20163317083303-679,9
20163318053336-805,20
20163318063325-23,52
20163318113338-329,163
20163319023315-421,-1
20163320063338-186,3
20163320093304-381,28
20163321103309-240,163
20163322043304-670,3
20163322113328-559,48
20163324073336-290,36
20163324123323-506,36
20163325013324-888,27
20163325043334-711,8
20163325103331-577,27
20163326093340-289,69
20163327043308-503,36
20163327093318-143,36
20163328043315-467,9
20163329043338-740,163
20163330073333-28,69
20163331013313-627,27
20163331073347-13,146
20163402043455-16,8
20163402063433-801,147
20163402063435-850,57
20163403093427-432,78
20163403103449-145,95
20163403113455-110,20
20163403123418-991,10
20163404033400-181,147
20163406023455-436,9
20163406043425-969,8
20163406043447-340,163
20163406103400-814,163
20163407073431-85,26
20163407113425-538,163
20163408013437-56,163
20163408033447-499,20
20163408093438-929,10
20163409013407-472,16
20163409063415-743,16
20163410013431-415,20
20163410053456-4,91
20163410073406-446,10
20163411113412-187,16
20163412023438-667,36
20163413023412-159,47
20163413113412-690,9
20163414033416-878,59
20163415063443-571,34
20163415113455-87,34
20163416083430-696,20
20163417033417-846,10
20163417033429-183,36
20163417043402-608,26
20163417053440-4,8
20163418113417-417,8
20163419043407-294,16
20163419063429-101,115
20163419103429-435,3
20163420053443-249,26
20163420063413-993,27
20163420083416-111,26
20163423073430-462,16
20163423103414-786,48
20163424013405-955,27
20163424083422-554,9
20163424103445-912,9
20163424113405-482,26
20163426013436-924,16
20163426093457-747,9
20163427023424-31,16
20163428093405-416,144
20163428113441-1,34
20163429103456-193,27
20163431093452-553,36
20163501043512-133,36
20163501113515-821,16
20163501123550-700,3
20163502053547-68,16
20163502073555-259,27
20163502113558-127,8
20163503033501-618,28
20163503043557-533,106
20163504043552-800,34
20163504123558-966,42
20163506123514-952,9
20163507033547-13,147
20163507043501-105,26
20163507053523-324,20
20163508013521-877,9
20163508033551-791,78
20163508123547-905,8
20163510063539-382,136
20163510103505-882,27
20163510103518-826,48
20163511043549-538,27
20163511103541-184,77
20163512093528-91,24
20163513023515-187,42
20163513043535-914,8
20163513083545-107,16
20163514013507-488,27
20163514013550-581,146
20163514033517-872,54
20163514053531-774,42
20163515083507-414,49
20163515093506-752,36
20163515113511-19,41
20163515123553-225,16
20163516023533-877,36
20163516093506-864,20
20163516113501-605,26
20163517023540-483,98
20163517033540-972,36
20163517043517-628,10
20163517073543-787,36
20163517083504-443,36
20163518033527-216,8
20163518083510-37,9
20163519063510-512,42
20163519073518-735,26
20163519073523-645,147
20163520033552-366,8
20163522023555-208,45
20163522073549-627,20
20163522073554-941,34
20163522103542-330,9
20163524063510-398,8
20163524083522-221,34
20163524093555-302,69
20163525043549-664,9
20163525053516-998,9
20163525063533-67,10
20163526023527-676,147
20163526053541-12,34
20163526083538-749,9
20163526093529-818,20
20163527043543-724,18
20163527073527-483,98
20163527083549-625,139
20163527123512-831,69
20163529023524-230,36
20163601033627-516,10
20163601083625-191,8
20163606053608-676,20
20163607053650-333,19
20163609113628-764,20
20163610073631-281,8
20163612043603-890,141
20163612093621-781,42
20163612103606-214,8
20163613023649-930,8
20163613043657-70,69
20163613063630-34,27
20163616053605-703,26
20163617053624-323,157
20163617063617-212,36
20163617123609-220,16
20163619043626-974,69
20163619063616-909,51
20163619103652-986,10
20163620013623-473,89
20163620073629-282,74
20163621033634-343,-1
20163621083643-745,62
20163621103615-926,69
20163621123624-887,27
20163621123631-177,141
20163623113636-731,27
20163625123605-732,20
20163627023633-570,26
20163627093637-547,8
20163627113603-588,10
20163628023630-309,36
20163628033608-893,157
20163630103646-440,88
20163631043622-576,36
20163631043649-38,10
20163631073602-741,8
20163701103737-379,43
20163701123703-15,20
20163702083732-163,72
20163702093712-993,9
20163702093746-341,9
20163702113710-734,8
20163704103740-142,36
20163705043757-803,20
20163705063708-419,69
20163706103722-675,26
20163706123723-232,69
20163706123741-210,157
20163707033759-413,19
20163707043743-89,69
20163707043744-880,10
20163707063722-855,34
20163707083733-554,9
20163708033742-668,8
20163708043702-671,69
20163708083740-71,144
20163708103702-555,50
20163709073701-636,157
20163710053757-851,146
20163711013725-963,141
20163711043710-733,26
20163712023718-192,9
20163712123721-105,68
20163715033722-346,27
20163716063758-519,10
20163717123759-166,146
20163718083715-219,8
20163719123751-437,34
20163720033707-521,26
20163720043755-990,26
20163720083715-163,10
20163721023754-236,27
20163721093756-14,96
20163721103740-789,34
20163721103758-904,9
20163723013734-448,141
20163723043710-796,26
20163723063736-15,36
20163723083724-326,36
20163724043746-132,26
20163724093730-240,32
20163725053751-65,10
20163725123700-347,9
20163727123702-45,69
20163729013725-679,36
20163731063755-518,156
20163801113800-306,10
20163803013806-300,69
20163804123849-411,-1
20163805083817-539,20
20163806093805-983,113
20163806093839-266,16
20163807033807-191,9
20163808063808-786,34
20163808123826-359,139
20163810043842-166,57
20163810113835-481,27
20163810123804-747,9
20163811083809-819,34
20163813073818-563,34
20163813073824-927,9
20163813083850-953,8
20163815043824-609,9
20163816023850-87,34
20163816073852-812,10
20163816123835-752,36
20163819043831-22,27
20163819043858-296,42
20163819073808-793,69
20163819113814-30,20
20163821013839-870,34
20163821073807-579,42
20163823033831-688,34
20163824033849-526,9
20163826073853-210,26
20163826093818-901,26
20163827023806-790,10
20163827113811-704,20
20163828023836-79,16
20163828043838-116,69
20163828083840-522,69
20163830013859-393,85
20163830053806-629,27
20163831043800-36,69
20163901043926-852,-1
20163901043959-297,-1
20163901113901-478,20
20163903023940-119,26
20163903113941-395,27
20163904013912-769,45
20163904073952-156,157
20163904083922-803,157
20163904083945-275,69
20163905023927-778,20
20163905073940-631,36
20163905103947-657,69
20163907043939-551,10
20163909083952-107,47
20163909093927-432,113
20163909113942-242,26
20163910063929-160,16
20163910083912-261,27
20163910083941-608,27
20163910123930-871,40
20163911113947-562,16
20163912023917-526,8
20163912033939-360,36
20163912103938-894,27
20163913013931-37,69
20163913063905-830,9
20163913083920-592,26
20163913123947-546,26
20163914063904-578,42
20163915033927-445,27
20163915053916-246,9
20163915103958-446,69
20163917113906-264,9
20163918033922-943,10
20163918103933-28,16
20163919013944-678,9
20163921103916-658,20
20163922063958-22,48
20163922073947-374,26
20163922093934-985,6
20163922103906-34,36
20163922113927-867,151
20163924013926-545,48
20163924063906-705,69
20163925013953-631,16
20163925033938-727,34
20163925043902-968,26
20163925053925-296,48
20163925053934-973,27
20163925063922-612,9
20163925063928-121,9
20163926023906-619,27
20163926033947-234,9
20163926043933-10,27
20163926063911-737,34
20163926073934-815,27
20163927023902-594,8
20163927093906-800,9
20163928043915-121,103
20163928043939-855,8
20163928063941-914,35
20163928063951-900,20
20163928123903-96,36
20163929063929-340,48
20163929123945-317,27
20163930053919-100,20
20163930123942-893,157
20163931023933-624,9
20163931073929-152,69
20163931093905-497,20
20164001074047-570,141
20164002044021-783,48
20164002124012-600,61
20164004094054-166,10
20164005044014-257,69
20164006084004-327,80
20164006104035-886,10
20164006104039-266,88
20164007044039-679,48
20164007054019-952,36
20164007104033-327,26
20164007124054-94,36
20164008034023-304,34
20164009044032-666,48
20164011054052-771,8
20164011064018-261,20
20164012024030-921,42
20164012124045-183,9
20164013054004-312,27
20164013074059-659,27
20164013084042-356,42
20164013094055-764,26
20164014014005-279,20
20164014094005-918,34
20164014104038-713,9
20164016034021-637,36
20164016044053-253,8
20164016054015-127,42
20164016064007-679,48
20164017024019-673,26
20164017114010-155,8
20164018104036-517,10
20164019054041-821,26
20164019114057-442,27
20164020014058-615,13
20164021024051-29,8
20164021074031-924,6
20164022024003-804,9
20164022034004-339,16
20164023114031-753,9
20164024044023-335,20
20164024124028-414,8
20164025024048-911,16
20164025064025-489,36
20164026034057-226,48
20164026084027-353,21
20164026094009-351,157
20164026124043-92,9
20164027094055-570,20
20164027124056-129,8
20164028104033-812,88
20164028114031-155,39
20164030064024-449,-1
20164030094001-59,-1
20164030114052-672,8
20164030124046-622,27
20164101114139-473,118
20164103024124-839,27
20164103034110-967,36
20164104124150-605,8
20164105074141-834,163
20164105084132-679,69
20164106064104-865,42
20164106114111-973,48
20164107074131-527,86
20164108094121-831,163
20164108104132-694,10
20164108104158-541,85
20164109014140-897,85
20164109074119-766,9
20164109074136-68,16
20164110064123-32,16
20164110084100-662,36
20164110094158-555,10
20164111064145-65,20
20164113084104-408,48
20164114064118-408,36
20164115024151-5,71
20164115054120-679,104
20164115064144-56,20
20164116084159-130,125
20164117034159-787,-1
20164118114122-957,48
20164119014153-926,9
20164119024120-319,26
20164120014145-4,27
20164120084141-631,48
20164122014115-611,20
20164122084128-10,26
20164123064147-676,48
20164124014148-229,27
20164124024115-14,17
20164124024135-223,25
20164124044125-818,42
20164124054121-408,26
20164125024147-788,48
20164125034103-951,69
20164125074111-209,27
20164125084149-707,27
20164127024103-867,9
20164127054144-66,48
20164127114122-0,8
20164128104138-234,25
20164128104143-66,16
20164129114132-995,69
20164130014117-236,69
20164130064126-208,9
20164130104142-495,48
20164130124156-610,48
20164131034113-358,48
20164131044141-678,27
20164201094203-125,78
20164202014212-461,36
20164203024243-174,26
20164203074221-545,48
20164205064253-457,8
20164205074208-727,-1
20164206044212-258,8
20164207014227-413,20
20164207034214-159,48
20164208044208-309,36
20164208054236-20,27
20164208054257-957,20
20164208094220-459,26
20164209024218-716,42
20164210044205-605,20
20164210124256-142,156
20164211064211-761,26
20164212034242-81,69
20164212054245-135,84
20164213034255-984,27
20164213104205-795,9
20164214084207-763,48
20164215014229-769,69
20164216084251-215,115
20164217034244-685,16
20164217064258-873,16
20164219024211-144,10
20164220044223-878,9
20164220084220-409,27
20164220094251-139,81
20164220114219-104,16
20164220114220-830,36
20164220114233-678,153
20164221044239-14,9
20164221044243-311,115
20164222054243-411,91
20164222054251-811,16
20164222084234-894,69
20164223104254-292,10
20164224024223-506,27
20164225044238-219,16
20164225064215-954,85
20164226014251-649,16
20164226124213-644,36
20164228024243-228,26
20164228094248-123,68
20164230024235-472,20
20164231094241-813,16
20164301024306-759,23
20164302034340-351,36
20164304094348-428,48
20164304124314-172,69
20164304124315-405,16
20164306034335-643,16
20164306064314-526,9
20164306084359-469,9
20164307014312-819,69
20164307024350-863,161
20164308024330-236,38
20164308034309-613,16
20164308064308-869,48
20164309064338-413,36
20164310034321-922,161
20164311024329-447,36
20164311084358-550,42
20164312084302-787,69
20164313124301-549,48
20164314014307-622,10
20164314024337-465,7
20164315114355-578,10
20164316074320-1,16
20164316074335-917,9
20164316114342-432,9
20164316124304-537,8
20164317104347-721,161
20164317124336-786,36
20164318104353-134,10
20164318124333-137,20
20164319034355-175,133
20164321034331-854,9
20164321044306-102,9
20164321094356-241,24
20164321104355-543,161
20164321124321-954,20
20164322034338-836,8
20164322034358-37,69
20164322074326-978,92
20164322114323-359,-1
20164324034317-931,27
20164326044311-14,20
20164326064343-441,146
20164327024303-672,69
20164327034332-904,20
20164327124350-648,9
20164328024316-746,139
20164328024322-116,48
20164328094351-379,34
20164328104317-49,139
20164329034336-305,69
20164329084332-497,36
20164330054304-862,139
20164330114332-71,42
20164331054300-477,8
20164331104330-759,27
20164331114302-784,16
20164402124459-365,20
20164403034425-964,16
20164403044458-78,16
20164403074426-121,36
20164403084435-190,20
20164403094416-53,16
20164403104456-376,48
20164405064404-454,36
20164406024445-391,10
20164407054454-328,21
20164408114435-273,23
20164408124401-422,48
20164409064449-209,10
20164410094421-13,12
20164412094418-832,27
20164415084436-579,69
20164416014434-614,139
20164416084421-646,20
20164416104425-318,104
20164417054449-465,34
20164417114453-337,9
20164418104420-471,20
20164418114458-202,27
20164419034402-43,36
20164419034459-634,20
20164420054411-706,73
20164420074431-649,136
20164420104428-675,79
20164420124427-343,23
20164421114440-360,48
20164422044448-913,8
20164422054446-360,149
20164423124401-794,73
20164424034411-296,10
20164424094450-680,48
20164425014459-246,20
20164425124415-266,139
20164426074452-19,27
20164427064415-54,98
20164429054420-958,36
20164429114402-71,-1
20164430024453-630,10
20164430044445-103,69
20164430054426-761,27
20164430104415-370,9
20164431064422-664,48
20164431094422-254,91
20164431094422-544,16
20164501044528-874,9
20164501054552-84,16
20164501074513-913,69
20164501084551-118,8
20164501094534-310,9
20164502024549-955,36
20164502054515-838,36
20164502064542-349,20
20164502074543-744,20
20164502094549-933,114
20164503034524-731,36
20164504064540-547,115
20164505014519-158,69
20164507054522-777,27
20164508064519-442,86
20164508104551-848,118
20164509044516-930,26
20164509114554-339,36
20164510114557-225,8
20164511114556-704,36
20164514054508-845,116
20164515024529-61,36
20164515054529-415,8
20164516044503-843,27
20164516054555-995,16
20164516084510-894,10
20164516094514-783,48
20164516124536-165,51
20164517024530-84,42
20164517034546-223,9
20164517044541-414,79
20164518024535-701,48
20164518054508-913,16
20164519034535-560,161
20164519044512-493,16
20164520024515-601,9
20164521074513-194,8
20164521104532-962,26
20164522074536-499,27
20164523074525-248,16
20164524044525-73,27
20164524054546-352,20
20164525054530-442,10
20164525064502-750,77
20164525094550-964,10
20164526014550-222,16
20164526124530-339,36
20164527024509-467,8
20164527104540-439,158
20164528054529-560,158
20164528124558-927,158
20164530084520-400,16
20164530124506-115,158
20164531024545-131,111
20164531044533-800,26
20164531124512-886,-1
20164601054619-12,161
20164601074606-428,42
20164601094646-540,98
20164602044614-432,7
20164603054655-424,10
20164604054654-412,27
20164604074649-659,36
20164605084640-718,16
20164605084650-271,36
20164605114608-804,16
20164605114609-490,10
20164606074605-115,48
20164607104629-486,0
20164608014654-758,27
20164609054658-864,36
20164609094614-394,98
20164610014632-318,69
20164610024657-476,20
20164612014639-595,146
20164613094630-461,27
20164614014653-188,115
20164614024615-51,27
20164614094608-783,5
20164614104657-614,69
20164615094622-553,16
20164617074637-823,98
20164617084612-764,27
20164618064659-218,8
20164618094655-835,13
20164619024656-277,36
20164619034644-667,9
20164619054604-411,26
20164621014630-66,27
20164621064653-556,10
20164621124625-509,48
20164622054644-414,93
20164622054651-371,48
20164622114647-721,81
20164623024607-693,27
20164623024643-934,27
20164623054645-920,8
20164624064650-31,34
20164624094605-617,80
20164624124652-531,16
20164625094658-880,10
20164626034639-566,27
20164626054635-56,69
20164626074639-58,0
20164627074620-995,16
20164629044619-406,27
20164629054600-467,115
20164629074656-298,34
20164629104606-472,10
20164631124644-547,48
20164701074718-615,10
20164701124736-81,21
20164702054708-673,26
20164703014714-826,34
20164703014720-366,9
20164703024723-870,31
20164703024748-814,21
20164704054716-839,16
20164704084757-966,34
20164705054717-636,27
20164705094741-503,8
20164705094758-115,48
20164705104703-549,9
20164706074734-213,69
20164706094710-896,36
20164706104720-264,34
20164707014735-384,152
20164707064701-718,98
20164708074730-603,21
20164708074749-467,3
20164709044741-694,9
20164709124719-876,159
20164710014722-566,8
20164710044728-26,31
20164710124739-382,3
20164711074753-145,159
20164712064702-854,73
20164712084701-558,159
20164713014745-616,72
20164713014752-69,3
20164713044724-404,34
20164714014713-377,16
20164715014743-794,36
20164715024726-270,154
20164715034736-40,31
20164715074726-709,14
20164715104741-924,33
20164717084736-664,125
20164717094726-524,31
20164717114725-131,30
20164718044740-123,122
20164718064732-521,36
20164719034727-693,136
20164719054758-219,16
20164719124700-877,14
20164720044739-5,20
20164721094755-199,8
20164721104718-847,31
20164723054734-758,9
20164723114751-314,39
20164724064735-919,31
20164724114712-44,72
20164725044753-186,154
20164726074710-213,37
20164727114740-156,31
20164728034754-277,5
20164728074737-670,59
20164728094747-65,9
20164729034741-444,20
20164729084736-175,9
20164730024708-571,36
20164731014734-842,-1
20164731064749-830,9
20164731124750-123,2
20164801074843-982,26
20164801114805-936,26
20164801124812-623,20
20164802014841-686,34
20164802034805-254,34
20164802094832-774,26
20164803054847-865,9
20164804014852-685,27
20164806024842-247,16
20164806024852-900,58
20164806114843-475,16
20164808054840-252,22
20164808064811-243,86
20164808064812-393,27
20164809014819-156,48
20164809074810-439,36
20164810074837-368,73
20164810104854-501,31
20164811024821-270,122
20164811074802-833,8
20164812084857-620,48
20164813114822-432,17
20164815054802-408,26
20164815074804-525,20
20164815074817-238,36
20164816024848-392,69
20164816064814-311,27
20164816094818-621,36
20164816114803-136,26
20164817094825-723,36
20164818064858-471,145
20164818094804-307,31
20164820014819-312,26
20164820044807-41,16
20164820054819-457,36
20164820074841-248,16
20164820104837-773,74
20164822024841-856,20
20164822054823-186,9
20164823024805-521,16
20164823034803-795,26
20164823084851-540,48
20164825034829-378,69
20164825044829-906,36
20164825044837-764,48
20164825064835-183,-1
20164826104846-825,107
20164827064843-48,26
20164828054844-800,10
20164828094844-150,20
20164829074857-30,34
20164831014855-593,2
20164831024800-307,20
20164901074925-873,48
20164901124926-505,20
20164902054957-61,20
20164902114915-181,8
20164904124929-262,69
20164905024922-5,48
20164906034908-567,27
20164906074954-881,10
20164907094902-257,61
20164907114917-654,69
20164909014939-171,20
20164909034947-733,69
20164909064918-425,9
20164910114936-80,32
20164911034916-947,27
20164911034925-82,34
20164911114915-619,8
20164911124933-761,34
20164912044955-331,125
20164912064928-813,26
20164914014916-249,26
20164914124922-816,16
20164915034913-350,26
20164915034953-622,8
20164916044907-881,10
20164916074910-995,16
20164916104906-746,26
20164916104937-295,20
20164917114907-414,36
20164920104907-30,16
20164921074936-777,49
20164922014940-78,10
20164922074946-142,40
20164922074958-549,148
20164923044905-91,12
20164924034950-426,9
20164924124920-829,138
20164925064908-84,9
20164926124930-922,68
20164927034958-905,61
20164927124924-748,24
20164928084906-804,34
20164928094952-954,-1
20164929084937-183,26
20164930014958-25,27
20164930024932-906,36
20164931124909-47,0
20164931124920-126,-1
20165001015020-452,20
20165001045011-995,92
20165001055021-674,16
20165001065044-854,107
20165001065047-958,75
20165001075012-996,27
20165002095043-6,10
20165002125056-740,36
20165003035005-470,111
20165004015014-122,20
20165005045001-261,10
20165005045015-818,84
20165005055016-701,48
20165006065046-760,34
20165007015002-336,10
20165007055045-571,20
20165008055045-836,10
20165010025045-410,10
20165011015019-791,27
20165011035036-191,27
20165011055050-88,9
20165011065037-794,26
20165011075057-330,48
20165012065039-583,26
20165012065042-88,48
20165012115022-717,9
20165013105025-881,34
20165014055013-401,69
20165014125038-800,16
20165016075040-467,48
20165017055033-104,20
20165018085015-160,34
20165020045032-592,10
20165020045043-704,10
20165020075004-406,69
20165020105048-842,34
20165021055052-804,20
20165021115039-439,34
20165022035041-867,13
20165023035031-898,69
20165023085003-27,9
20165023115055-305,146
20165024055011-688,50
20165025055035-861,9
20165025105022-300,26
20165028095046-832,36
20165030115024-537,36
20165101065128-809,48
20165102025154-428,16
20165102125125-359,8
20165102125159-804,27
20165104105153-1,27
20165104105158-690,16
20165105015148-887,145
20165105025128-10,9
20165105065143-928,26
20165105115104-25,20
20165105115138-773,66
20165105125107-599,145
20165107055148-149,9
20165107105131-89,34
20165108045156-8,20
20165108125131-761,27
20165109095138-35,16
20165109105131-919,16
20165110025101-146,34
20165110025106-809,145
20165110125115-153,98
20165111085140-53,48
20165112035154-584,16
20165112085113-470,48
20165112105109-897,92
20165114055100-271,145
20165114065109-854,10
20165115015131-941,20
20165115025112-428,10
20165115085103-814,51
20165115105125-20,34
20165116035154-472,12
20165116095116-836,69
20165117045137-283,50
20165117075149-247,86
20165118025121-645,9
20165118105114-261,69
20165119025101-779,36
20165119025134-664,92
20165119055140-532,42
20165119105115-784,26
20165120015101-809,27
20165120055118-399,20
20165120065121-62,37
20165122085127-981,34
20165123015116-90,20
20165124085133-783,27
20165124115136-498,34
20165124125143-418,20
20165125035116-180,10
20165125125125-421,26
20165127115104-846,9
20165128065106-868,34
20165129055125-718,8
20165130015132-310,10
20165130035118-304,26
20165130075107-907,36
20165130125132-70,9
20165201105216-365,10
20165201115250-85,9
20165201115257-926,123
20165202065203-3,8
20165202065217-523,48
20165202065222-935,146
20165202075235-678,15
20165204065231-377,35
20165205025219-914,35
20165206045258-573,37
20165207105238-611,9
20165208015253-180,69
20165208055245-998,8
20165208105233-947,27
20165209075243-964,35
20165209125235-294,79
20165210085237-153,146
20165210115200-412,36
20165210115211-292,34
20165211125236-187,144
20165212085240-663,69
20165212095235-202,48
20165213055253-969,35
20165213085258-52,34
20165213105244-282,125
20165214055203-203,9
20165214065227-843,16
20165214115206-414,8
20165215055210-374,9
20165215075251-645,86
20165216015245-60,16
20165216115214-976,9
20165218055229-816,20
20165218105234-916,150
20165219075236-109,27
20165220035207-201,9
20165221025257-696,10
20165222085235-531,10
20165222105209-198,73
20165222125205-809,112
20165223015202-492,69
20165223045254-116,36
20165223055213-658,69
20165224015231-475,20
20165224045224-411,36
20165225065205-339,20
20165227105255-44,20
20165227115237-4,26
20165227115247-386,20
20165228065242-954,26
20165229125251-601,48
20165231025204-744,48
20165231065203-823,36
20165231125259-699,27
20165302025337-554,20
20165303065340-125,9
20165303085331-849,36
20165303095316-38,0
20165304095305-588,69
20165305015329-885,12
20165305045324-878,8
20165305075328-408,34
20165305095323-605,48
20165305115319-655,48
20165306055305-151,34
20165307055349-307,9
20165307075317-823,10
20165308015305-587,8
20165308035311-981,34
20165310015358-208,20
20165310065330-513,20
20165310075310-809,48
20165311065310-895,20
20165312075314-658,69
20165312085301-88,69
20165313095304-335,34
20165313095326-823,84
20165313105301-175,10
20165314085348-318,37
20165314105324-405,34
20165315075322-923,10
20165317045355-184,20
20165319045358-346,16
20165319105323-479,98
20165319125305-907,1
20165320075322-786,16
20165320085323-499,69
20165320115348-897,26
20165320125359-334,0
20165321095304-971,150
20165321095316-520,48
20165322065300-337,69
20165323025354-643,20
20165323095322-846,27
20165324025304-351,150
20165325025305-781,36
20165327065354-665,48
20165327085305-138,0
20165327125317-477,10
20165327125334-1,69
20165329025311-435,20
20165329035305-622,-1
20165329035337-56,48
20165330015306-892,27
20165401115421-882,27
20165402085444-717,10
20165403015457-628,26
20165403085446-126,69
20165404035404-756,27
20165406085458-58,69
20165407085446-222,9
20165407095430-165,80
20165408055453-259,152
20165409015425-677,69
20165410065453-515,26
20165410105442-547,45
20165411035403-543,34
20165411085422-942,20
20165412095424-770,20
20165413045401-707,48
20165413065453-457,9
20165414125446-184,48
20165415045417-118,69
20165415075414-121,42
20165415125414-43,34
20165416035456-533,10
20165416075422-244,34
20165417025425-735,26
20165418025416-407,20
20165418035437-602,69
20165418035448-338,26
20165418055416-803,9
20165420085420-575,48
20165420125432-744,10
20165421035454-60,9
20165422115408-769,26
20165422125433-689,69
20165423075417-451,10
20165423085433-384,118
20165423105406-654,47
20165424045441-322,10
20165425075442-632,69
20165425105450-12,9
20165425125438-777,9
20165426015410-642,26
20165426025419-619,27
20165428115447-963,86
20165429055408-624,27
20165429105417-811,25
20165429125422-684,85
20165431065421-916,9
20165431075450-884,44
20165501025546-202,48
20165501035516-23,10
20165501085508-595,48
20165502035521-719,9
20165502085536-548,20
20165504075518-313,16
20165505065520-94,26
20165505085541-403,10
20165506015535-290,10
20165506065558-597,36
20165506085528-247,27
20165508115524-616,144
20165509015544-558,26
20165509045552-790,144
20165510045514-467,26
20165510115511-114,101
20165512035554-359,27
20165512095516-61,69
20165512125523-574,16
20165513035537-369,26
20165513085542-707,69
20165513085559-67,10
20165514065504-776,16
20165515085521-147,20
20165515105556-469,36
20165519125545-196,44
20165519125550-993,8
20165520095518-683,-1
20165521035552-890,23
20165522035512-33,156
20165522045521-392,16
20165522125532-244,26
20165523025525-385,20
20165525025503-23,146
20165526035533-163,36
20165528085531-570,16
20165528125541-296,162
20165529035543-814,8
20165529085512-11,143
20165529115520-768,31
20165601025605-874,36
20165601125624-989,48
20165602015659-648,8
20165602045606-384,162
20165605075654-743,27
20165605125656-800,10
20165606125656-970,42
20165607035640-916,20
20165608045626-493,69
20165609015607-9,10
20165609045613-451,8
20165609075614-36,34
20165609115633-560,34
20165610095639-193,69
20165610105632-536,8
20165611055631-575,8
20165611125620-329,69
20165613115609-574,34
20165614095610-994,48
20165614105601-86,27
20165615065614-36,42
20165616105630-634,27
20165617035632-618,26
20165618075655-217,127
20165618105616-548,10
20165620075608-596,34
20165620105658-44,16
20165621025610-63,34
20165621125656-604,88
20165623035618-218,26
20165624125612-641,0
20165625125646-508,69
20165627015640-416,127
20165627035633-744,151
20165627105659-543,20
20165628055654-197,8
20165628115651-59,-1
20165628125655-86,69
20165629045626-875,8
20165629065612-923,132
20165629105608-943,34
20165630025650-814,24
20165631105644-741,10
20165631115610-378,36
20165701055728-629,80
20165702085733-156,27
20165702115706-425,48
20165702125748-81,10
20165703075701-962,32
20165703075716-246,20
20165703105716-281,9
20165703115722-293,69
20165704055721-696,120
20165704125735-467,48
20165706045734-693,27
20165706055731-995,20
20165706065721-811,54
20165706095759-373,20
20165707015737-976,36
20165707065700-764,36
20165707075701-28,36
20165708015722-378,10
20165708045756-655,10
20165709095721-17,133
20165710015727-667,136
20165710045751-51,20
20165710075759-354,72
20165711095753-305,69
20165712035713-404,59
20165712035755-385,34
20165713025752-457,9
20165713065701-600,16
20165713075714-669,20
20165713125739-200,9
20165715045703-990,26
20165716025718-637,9
20165716045737-959,48
20165716115733-899,7
20165717125740-295,69
20165718045722-622,36
20165719115725-117,3
20165720085709-496,8
20165720095740-833,16
20165720105723-150,48
20165721025740-545,3
20165721085752-855,3
20165721125711-46,80
20165722045744-233,34
20165722085747-401,36
20165722095731-382,27
20165723055733-60,101
20165723125716-483,8
20165723125757-678,20
20165724055723-178,9
20165724105725-452,48
20165726035746-939,8
20165727045724-857,20
20165727085748-96,20
20165728015702-554,9
20165728115721-55,8
20165728115731-457,15
20165728125725-947,10
20165730025738-522,9
20165801025812-304,16
20165801115821-328,118
20165802015851-446,34
20165802075805-100,27
20165804055839-667,26
20165804115856-149,28
20165804125820-864,8
20165805025839-546,8
20165805045826-647,36
20165805065810-3,10
20165805075828-948,16
20165805105849-155,69
20165806055834-355,48
20165806085809-974,48
20165807025851-835,59
20165807065833-85,27
20165809035816-919,9
20165809065806-734,20
20165810065810-994,69
20165810075833-903,29
20165811095828-959,98
20165813015832-479,67
20165813025810-922,9
20165813055854-251,27
20165813085822-555,16
20165813095855-515,20
20165813115843-137,34
20165814035840-3,10
20165814055816-836,26
20165814095833-724,112
20165814105806-276,36
20165814125853-635,69
20165815095800-936,69
20165815125818-188,24
20165815125832-355,42
20165816025857-784,26
20165817055807-542,9
20165817075837-11,27
20165817105838-662,27
20165817115845-65,48
20165818025833-73,20
20165818065800-22,-1
20165818115848-438,9
20165819055844-330,1
20165819065837-802,8
20165819115830-865,8
20165820065843-345,9
20165821015830-729,26
20165821085834-177,36
20165821105822-758,20
20165823025848-881,10
20165823095829-774,48
20165824015826-892,20
20165824065853-160,21
20165825015806-72,36
20165825035840-88,10
20165825105803-343,85
20165826025834-370,10
20165826025856-222,10
20165826085838-924,27
20165826105856-672,9
20165826115832-300,2
20165828015802-640,26
20165829085835-868,36
20165830095817-828,14
20165831035858-437,6
20165831065838-724,29
20165831075824-693,8
20165831105856-579,-1
20165901035931-51,10
20165902055925-718,16
20165902085943-495,20
20165903025940-349,24
20165903055933-880,9
20165903065938-717,57
20165903095904-231,36
20165903095953-941,36
20165903125938-222,20
20165904055909-308,98
20165904095931-786,84
20165905015918-499,9
20165905065935-132,26
20165906115958-72,9
20165907035900-140,8
20165907035921-157,86
20165907055949-497,20
20165907125955-871,133
20165908065929-592,156
20165908125903-555,8
20165909055944-478,36
20165910065910-19,16
20165911025927-470,21
20165911075923-340,164
20165911075945-393,91
20165912095924-208,3
20165913045916-883,36
20165913095939-832,9
20165914015913-595,29
20165914065923-440,27
20165914075959-50,36
20165915015930-675,16
20165915045935-33,20
20165915095907-272,156
20165917025915-93,-1
20165917105906-887,155
20165919015951-790,164
20165919125950-595,26
20165920015947-724,27
20165920055941-216,123
20165920115903-152,20
20165921055938-176,8
20165921105928-923,9
20165922125905-401,26
20165923095947-800,141
20165924025918-417,38
20165924115918-535,36
20165926065955-219,31
20165926125911-600,16
20165927035958-373,69
20165927105911-596,115
20165928085923-695,27
20165928125928-824,-1
20165929085939-676,9
20165929105935-538,9
20165930065938-555,27
